effective_date,index_type,inclusions,exclusions,symbols
2005-04-03,Nifty500,BOSCHLTD,PHARMACIA,"3MINDIA,AARTIIND,ABANOFFSH,ABB,ABBOTINDIA,ABREL,ACC,ACCELYA,ADANIENT,ADOR,AGCNETWO,AGUL,AKZOINDIA,ALEMBICLTD,ALFALAVAL,ALSTOMT&D,ALTOS,AMBALAL,AMBUJACEM,ANDHRAVALY,APARINDS,APOLLOHOSP,APOLLOTYRE,APPAPER,APPLE,APTECHT,ARCHIES,ARVIND,ASAHIINDIA,ASHOKLEY,ASIANHOTNR,ASIANPAINT,ASTRAZENCA,ATLASCYCLE,ATUL,ATULAUTO,AUTOAXLES,AVERY,AXISBANK,AZTECSOFT,BAJAJ,BAJAJ-AUTO,BAJAJHIND,BAJFINANCE,BALAJI,BALAJITELE,BALMLAWRIE,BALRAMCHIN,BANARISUG,BANKBARODA,BANKINDIA,BASF,BATAINDIA,BBTC,BEL,BEML,BERGEPAINT,BHADRACH,BHARATFORG,BHARTIARTL,BHEL,BHUSHANSTL,BI,BIOCON,BIRLACORPN,BIRLAMONEY,BLOWPLAST,BLUEDART,BLUESTARCO,BOMDYEING,BOSCH-HCIL,BOSCHLTD,BPCL,BRABOURNE,BRITANNIA,BSOFT,CABLE,CADBURY,CANBK,CANFINHOME,CAPRIHANS,CASTROLIND,CCL,CEATLTD,CENTENKA,CENTRAL,CENTURYTEX,CESC,CGPOWER,CHAMBLFERT,CHEMINOR,CHEMPLASTS,CHENNPETRO,CHETTINAD,CHOLAFIN,CHOLAHLDNG,CIPLA,CLARIANT,CMC,COFORGE,COLPAL,CONCOR,COROMANDEL,COSMO,CRISIL,CUB,CUMMINSIND,CYBERTECH,DABUR,DAEWOO,DCAL,DCLPOLYE,DCW,DEEPAKFERT,DEN,DHAMPURSUG,DHANBANK,DICIND,DIGJAMLMTD,DRREDDY,DSQSOFTW,EICHERMOT,EIDPARRY,EIHOTEL,ELCIDIN,ELECON,ELECTCAST,ELECTREX,ELGIEQUIP,ELGIRUBCO,ENGINERSIN,ESABINDIA,ESCORTS,ESSEL,EXCELINDUS,EXIDEIND,FACT,FAGBEARI,FDC,FEDERALBNK,FINCABLES,FLUOROCHEM,FMGOETZE,FORBES,FOSECOIND,FULFORD,GAEL,GAIL,GANESHBE,GARDEN,GESHIP,GHCL,GILLETTE,GKNDRIVE,GLAXO,GLENMARK,GLFL,GMDCLTD,GNFC,GODFRYPHLP,GODREJCP,GODREJIND,GOLDENTOBC,GOODRICKE,GOODYEAR,GRAPHITE,GRASIM,GREAVESCOT,GRINDWELL,GSFC,GSKCONS,GSPL,GTL,GUJALKALI,GUJGASLTD,GVT&D,GYPSUM,HAMCO,HARRMALAYA,HAVELLS,HCC,HCL-INSYS,HCLTECH,HDFC,HDFCBANK,HEALTHCARE,HEG,HEIDELBERG,HERBERTS,HERITGFOOD,HEROMOTOCO,HEXT,HIKAL,HIMACHAL,HIMATSEIDE,HINDALCO,HINDOILEXP,HINDPETRO,HINDSYNTEX,HINDUJA,HINDUNILVR,HINDUSTAN,HINDZINC,HITECHCORP,HMT,HOGANAS,HONAUT,HOTEL,IBP,ICICIBANK,IDBI,IFBIND,IFCI,IGATE,IGL,IGPL,INDHOTEL,INDIACEM,INDIAGLYCO,INDIANCARD,INDOGULF,INDORAMA,INDUSINDBK,INFOMEDIA,INFY,INGERRAND,INSILCO,INTERNAT,IOB,IOC,IONEXCHANG,IPCALAB,IPCL,IPRINGS,ISMT,ISPAT,ITC,ITCHOTELS,ITI,ITWSIGNO,J&KBANK,JAICORPLTD,JBCHEPHARM,JBMA,JGCHEM,JINDALPHOT,JINDALPOLY,JINDALSAW,JINDALSTEL,JISLJALEQS,JKCEMENT,JKTYRE,JPASSOCIAT,JSL,JSWSTEEL,JUBLINGRY,JYOTISTRUC,KAJARIACER,KANSAINER,KARURVYSYA,KCP,KINETIC,KMSUGAR,KOHINOOR,KOPRAN,KOTAKBANK,KPEL,KRISHNA,KRL,KSB,KTKBANK,LAKSHMI,LGBBROSLTD,LICHSGFIN,LINDEINDIA,LT,LUPIN,M& M,M&M,MAARS,MADURA,MAFATIND,MAHABANK,MAHSCOOTER,MAHSEAMLES,MALWA,MARALOVER,MARICO,MARUTI,MASTEK,MATRIX,MAXIND,MCDOWELL,MERCK,MERIND,MFSL,MICRO,MIRZAINT,MODIXEROX,MOREPENLAB,MOTHERSON,MOTHERSUMI,MPHASIS,MRF,MRPL,MTNL,MUKTAARTS,MUNJALAU,MUNJALSHOW,NAGARFERT,NAHAR,NAHARPOLY,NAHARSPING,NATCOPHARM,NATIONAL,NATIONALUM,NAVA,NAVNETED,NCC,NDTV,NEPC,NESTLEIND,NETWORK18,NILKAMAL,NIRMA,NITCO,NLCINDIA,NTPC,OBC,OFSS,OIL,OILCOUNTUB,OLECTRA,OMAXAUTO,ONGC,ONIDA,ORIENTHOT,ORIENTPPR,OSWALAGRO,PATANJALI,PATNI,PATSPIN,PCBL,PDMJEPAPER,PEL,PENTAFOUR,PENTAMEDIA,PETRONET,PFIZER,PGHL,PHIL,PHILIPS,PHOENIX,PIDILITIND,PNB,POONAWALLA,PRAJIND,PRAKASH,PRECISION,PREMIERENE,PSIDATA,PTC,PUDUMJEE,PUNJABCHEM,PUNJTRACT,RAASI,RAIN,RAINCALCI,RAJESHEXPO,RALLIS,RAMANEWS,RAMCOCEM,RAMCOIND,RANBAXY,RAYMOND,RCF,RECKITT,RECRON,REGENCERAM,RELCAPITAL,RELIANCE,RELINFRA,RHONE,RICOAUTO,RIIL,RKFORGE,ROLTA,ROYAL,RPGTRANS,RSWM,RUCHISOYA,RUSHIL,SAIL,SAKHTISUG,SALORA,SALSTEEL,SAMTEL,SANGHI,SANOFI,SAREGAMA,SATYAM,SBIN,SCHAEFFLER,SCHENECT,SCI,SCILAL,SDREAMS,SESASTERL,SESHAPAPER,SHANTHIGEAR,SHAWWALLA,SHREECEM,SHRENUJ,SHRIRAMFIN,SHYAMTEL,SIEMENS,SIL,SKFINDIA,SMLISUZU,SONACOMS,SONATSOFTW,SOUTHBANK,SPARC,SPLPETRO,SRF,STAR,STATE,STERLINBIO,STERLITE,STYROLUT,SUMMITSEC,SUNCLAY,SUNDARMFIN,SUNDRMFAST,SUNPHARMA,SUPREMEIND,SURYALAXMI,SUVEN,TAMIL,TATACHEM,TATACOMM,TATACONSUM,TATAELXSI,TATAINVEST,TATAMOTORS,TATAPOWER,TATASPONGE,TATASTEEL,TCS,TECH,TFCI,THERMAX,THIRU,THOMASCOOK,TIINDIA,TIMEX,TIMKEN,TIPSIND,TITAN,TNPETRO,TODAYS,TORNTPHARM,TORNTPOWER,TRANSPEK,TRENT,TRIDENT,TRIGYN,TTKPRESTIG,TVTODAY,UBL,UCALFUEL,UFLEX,UNICHEMLAB,UNIONBANK,USHAFIN,USHAMART,UTTAM,VARDMNPOLY,VARUN,VESUVIUS,VHL,VIDEOCON,VINDHYATEL,VINYLINDIA,VIRAL,VOLTAS,VTL,WELENT,WIDIA,WIMCO,WINDMACH,WINSOME,WIPRO,WOOLWORTH,WSTCSTPAPR,WYETH,ZANDU,ZEEL,ZENSARTECH,ZUARI"
2005-05-01,Nifty500,ULTRACEMCO,GYPSUM,"3MINDIA,AARTIIND,ABANOFFSH,ABB,ABBOTINDIA,ABREL,ACC,ACCELYA,ADANIENT,ADOR,AGCNETWO,AGUL,AKZOINDIA,ALEMBICLTD,ALFALAVAL,ALSTOMT&D,ALTOS,AMBALAL,AMBUJACEM,ANDHRAVALY,APARINDS,APOLLOHOSP,APOLLOTYRE,APPAPER,APPLE,APTECHT,ARCHIES,ARVIND,ASAHIINDIA,ASHOKLEY,ASIANHOTNR,ASIANPAINT,ASTRAZENCA,ATLASCYCLE,ATUL,ATULAUTO,AUTOAXLES,AVERY,AXISBANK,AZTECSOFT,BAJAJ,BAJAJ-AUTO,BAJAJHIND,BAJFINANCE,BALAJI,BALAJITELE,BALMLAWRIE,BALRAMCHIN,BANARISUG,BANKBARODA,BANKINDIA,BASF,BATAINDIA,BBTC,BEL,BEML,BERGEPAINT,BHADRACH,BHARATFORG,BHARTIARTL,BHEL,BHUSHANSTL,BI,BIOCON,BIRLACORPN,BIRLAMONEY,BLOWPLAST,BLUEDART,BLUESTARCO,BOMDYEING,BOSCH-HCIL,BOSCHLTD,BPCL,BRABOURNE,BRITANNIA,BSOFT,CABLE,CADBURY,CANBK,CANFINHOME,CAPRIHANS,CASTROLIND,CCL,CEATLTD,CENTENKA,CENTRAL,CENTURYTEX,CESC,CGPOWER,CHAMBLFERT,CHEMINOR,CHEMPLASTS,CHENNPETRO,CHETTINAD,CHOLAFIN,CHOLAHLDNG,CIPLA,CLARIANT,CMC,COFORGE,COLPAL,CONCOR,COROMANDEL,COSMO,CRISIL,CUB,CUMMINSIND,CYBERTECH,DABUR,DAEWOO,DCAL,DCLPOLYE,DCW,DEEPAKFERT,DEN,DHAMPURSUG,DHANBANK,DICIND,DIGJAMLMTD,DRREDDY,DSQSOFTW,EICHERMOT,EIDPARRY,EIHOTEL,ELCIDIN,ELECON,ELECTCAST,ELECTREX,ELGIEQUIP,ELGIRUBCO,ENGINERSIN,ESABINDIA,ESCORTS,ESSEL,EXCELINDUS,EXIDEIND,FACT,FAGBEARI,FDC,FEDERALBNK,FINCABLES,FLUOROCHEM,FMGOETZE,FORBES,FOSECOIND,FULFORD,GAEL,GAIL,GANESHBE,GARDEN,GESHIP,GHCL,GILLETTE,GKNDRIVE,GLAXO,GLENMARK,GLFL,GMDCLTD,GNFC,GODFRYPHLP,GODREJCP,GODREJIND,GOLDENTOBC,GOODRICKE,GOODYEAR,GRAPHITE,GRASIM,GREAVESCOT,GRINDWELL,GSFC,GSKCONS,GSPL,GTL,GUJALKALI,GUJGASLTD,GVT&D,HAMCO,HARRMALAYA,HAVELLS,HCC,HCL-INSYS,HCLTECH,HDFC,HDFCBANK,HEALTHCARE,HEG,HEIDELBERG,HERBERTS,HERITGFOOD,HEROMOTOCO,HEXT,HIKAL,HIMACHAL,HIMATSEIDE,HINDALCO,HINDOILEXP,HINDPETRO,HINDSYNTEX,HINDUJA,HINDUNILVR,HINDUSTAN,HINDZINC,HITECHCORP,HMT,HOGANAS,HONAUT,HOTEL,IBP,ICICIBANK,IDBI,IFBIND,IFCI,IGATE,IGL,IGPL,INDHOTEL,INDIACEM,INDIAGLYCO,INDIANCARD,INDOGULF,INDORAMA,INDUSINDBK,INFOMEDIA,INFY,INGERRAND,INSILCO,INTERNAT,IOB,IOC,IONEXCHANG,IPCALAB,IPCL,IPRINGS,ISMT,ISPAT,ITC,ITCHOTELS,ITI,ITWSIGNO,J&KBANK,JAICORPLTD,JBCHEPHARM,JBMA,JGCHEM,JINDALPHOT,JINDALPOLY,JINDALSAW,JINDALSTEL,JISLJALEQS,JKCEMENT,JKTYRE,JPASSOCIAT,JSL,JSWSTEEL,JUBLINGRY,JYOTISTRUC,KAJARIACER,KANSAINER,KARURVYSYA,KCP,KINETIC,KMSUGAR,KOHINOOR,KOPRAN,KOTAKBANK,KPEL,KRISHNA,KRL,KSB,KTKBANK,LAKSHMI,LGBBROSLTD,LICHSGFIN,LINDEINDIA,LT,LUPIN,M& M,M&M,MAARS,MADURA,MAFATIND,MAHABANK,MAHSCOOTER,MAHSEAMLES,MALWA,MARALOVER,MARICO,MARUTI,MASTEK,MATRIX,MAXIND,MCDOWELL,MERCK,MERIND,MFSL,MICRO,MIRZAINT,MODIXEROX,MOREPENLAB,MOTHERSON,MOTHERSUMI,MPHASIS,MRF,MRPL,MTNL,MUKTAARTS,MUNJALAU,MUNJALSHOW,NAGARFERT,NAHAR,NAHARPOLY,NAHARSPING,NATCOPHARM,NATIONAL,NATIONALUM,NAVA,NAVNETED,NCC,NDTV,NEPC,NESTLEIND,NETWORK18,NILKAMAL,NIRMA,NITCO,NLCINDIA,NTPC,OBC,OFSS,OIL,OILCOUNTUB,OLECTRA,OMAXAUTO,ONGC,ONIDA,ORIENTHOT,ORIENTPPR,OSWALAGRO,PATANJALI,PATNI,PATSPIN,PCBL,PDMJEPAPER,PEL,PENTAFOUR,PENTAMEDIA,PETRONET,PFIZER,PGHL,PHIL,PHILIPS,PHOENIX,PIDILITIND,PNB,POONAWALLA,PRAJIND,PRAKASH,PRECISION,PREMIERENE,PSIDATA,PTC,PUDUMJEE,PUNJABCHEM,PUNJTRACT,RAASI,RAIN,RAINCALCI,RAJESHEXPO,RALLIS,RAMANEWS,RAMCOCEM,RAMCOIND,RANBAXY,RAYMOND,RCF,RECKITT,RECRON,REGENCERAM,RELCAPITAL,RELIANCE,RELINFRA,RHONE,RICOAUTO,RIIL,RKFORGE,ROLTA,ROYAL,RPGTRANS,RSWM,RUCHISOYA,RUSHIL,SAIL,SAKHTISUG,SALORA,SALSTEEL,SAMTEL,SANGHI,SANOFI,SAREGAMA,SATYAM,SBIN,SCHAEFFLER,SCHENECT,SCI,SCILAL,SDREAMS,SESASTERL,SESHAPAPER,SHANTHIGEAR,SHAWWALLA,SHREECEM,SHRENUJ,SHRIRAMFIN,SHYAMTEL,SIEMENS,SIL,SKFINDIA,SMLISUZU,SONACOMS,SONATSOFTW,SOUTHBANK,SPARC,SPLPETRO,SRF,STAR,STATE,STERLINBIO,STERLITE,STYROLUT,SUMMITSEC,SUNCLAY,SUNDARMFIN,SUNDRMFAST,SUNPHARMA,SUPREMEIND,SURYALAXMI,SUVEN,TAMIL,TATACHEM,TATACOMM,TATACONSUM,TATAELXSI,TATAINVEST,TATAMOTORS,TATAPOWER,TATASPONGE,TATASTEEL,TCS,TECH,TFCI,THERMAX,THIRU,THOMASCOOK,TIINDIA,TIMEX,TIMKEN,TIPSIND,TITAN,TNPETRO,TODAYS,TORNTPHARM,TORNTPOWER,TRANSPEK,TRENT,TRIDENT,TRIGYN,TTKPRESTIG,TVTODAY,UBL,UCALFUEL,UFLEX,ULTRACEMCO,UNICHEMLAB,UNIONBANK,USHAFIN,USHAMART,UTTAM,VARDMNPOLY,VARUN,VESUVIUS,VHL,VIDEOCON,VINDHYATEL,VINYLINDIA,VIRAL,VOLTAS,VTL,WELENT,WIDIA,WIMCO,WINDMACH,WINSOME,WIPRO,WOOLWORTH,WSTCSTPAPR,WYETH,ZANDU,ZEEL,ZENSARTECH,ZUARI"
2005-05-08,Nifty500,JETAIRWAYS,LTF,"3MINDIA,AARTIIND,ABANOFFSH,ABB,ABBOTINDIA,ABREL,ACC,ACCELYA,ADANIENT,ADOR,AGCNETWO,AGUL,AKZOINDIA,ALEMBICLTD,ALFALAVAL,ALSTOMT&D,ALTOS,AMBALAL,AMBUJACEM,ANDHRAVALY,APARINDS,APOLLOHOSP,APOLLOTYRE,APPAPER,APPLE,APTECHT,ARCHIES,ARVIND,ASAHIINDIA,ASHOKLEY,ASIANHOTNR,ASIANPAINT,ASTRAZENCA,ATLASCYCLE,ATUL,ATULAUTO,AUTOAXLES,AVERY,AXISBANK,AZTECSOFT,BAJAJ,BAJAJ-AUTO,BAJAJHIND,BAJFINANCE,BALAJI,BALAJITELE,BALMLAWRIE,BALRAMCHIN,BANARISUG,BANKBARODA,BANKINDIA,BASF,BATAINDIA,BBTC,BEL,BEML,BERGEPAINT,BHADRACH,BHARATFORG,BHARTIARTL,BHEL,BHUSHANSTL,BI,BIOCON,BIRLACORPN,BIRLAMONEY,BLOWPLAST,BLUEDART,BLUESTARCO,BOMDYEING,BOSCH-HCIL,BOSCHLTD,BPCL,BRABOURNE,BRITANNIA,BSOFT,CABLE,CADBURY,CANBK,CANFINHOME,CAPRIHANS,CASTROLIND,CCL,CEATLTD,CENTENKA,CENTURYTEX,CESC,CGPOWER,CHAMBLFERT,CHEMINOR,CHEMPLASTS,CHENNPETRO,CHETTINAD,CHOLAFIN,CHOLAHLDNG,CIPLA,CLARIANT,CMC,COFORGE,COLPAL,CONCOR,COROMANDEL,COSMO,CRISIL,CUB,CUMMINSIND,CYBERTECH,DABUR,DAEWOO,DCAL,DCLPOLYE,DCW,DEEPAKFERT,DEN,DHAMPURSUG,DHANBANK,DICIND,DIGJAMLMTD,DRREDDY,DSQSOFTW,EICHERMOT,EIDPARRY,EIHOTEL,ELCIDIN,ELECON,ELECTCAST,ELECTREX,ELGIEQUIP,ELGIRUBCO,ENGINERSIN,ESABINDIA,ESCORTS,ESSEL,EXCELINDUS,EXIDEIND,FACT,FAGBEARI,FDC,FEDERALBNK,FINCABLES,FLUOROCHEM,FMGOETZE,FORBES,FOSECOIND,FULFORD,GAEL,GAIL,GANESHBE,GARDEN,GESHIP,GHCL,GILLETTE,GKNDRIVE,GLAXO,GLENMARK,GLFL,GMDCLTD,GNFC,GODFRYPHLP,GODREJCP,GODREJIND,GOLDENTOBC,GOODRICKE,GOODYEAR,GRAPHITE,GRASIM,GREAVESCOT,GRINDWELL,GSFC,GSKCONS,GSPL,GTL,GUJALKALI,GUJGASLTD,GVT&D,HAMCO,HARRMALAYA,HAVELLS,HCC,HCL-INSYS,HCLTECH,HDFC,HDFCBANK,HEALTHCARE,HEG,HEIDELBERG,HERBERTS,HERITGFOOD,HEROMOTOCO,HEXT,HIKAL,HIMACHAL,HIMATSEIDE,HINDALCO,HINDOILEXP,HINDPETRO,HINDSYNTEX,HINDUJA,HINDUNILVR,HINDUSTAN,HINDZINC,HITECHCORP,HMT,HOGANAS,HONAUT,HOTEL,IBP,ICICIBANK,IDBI,IFBIND,IFCI,IGATE,IGL,IGPL,INDHOTEL,INDIACEM,INDIAGLYCO,INDIANCARD,INDOGULF,INDORAMA,INDUSINDBK,INFOMEDIA,INFY,INGERRAND,INSILCO,INTERNAT,IOB,IOC,IONEXCHANG,IPCALAB,IPCL,IPRINGS,ISMT,ISPAT,ITC,ITCHOTELS,ITI,ITWSIGNO,J&KBANK,JAICORPLTD,JBCHEPHARM,JBMA,JETAIRWAYS,JGCHEM,JINDALPHOT,JINDALPOLY,JINDALSAW,JINDALSTEL,JISLJALEQS,JKCEMENT,JKTYRE,JPASSOCIAT,JSL,JSWSTEEL,JUBLINGRY,JYOTISTRUC,KAJARIACER,KANSAINER,KARURVYSYA,KCP,KINETIC,KMSUGAR,KOHINOOR,KOPRAN,KOTAKBANK,KPEL,KRISHNA,KRL,KSB,KTKBANK,LAKSHMI,LGBBROSLTD,LICHSGFIN,LINDEINDIA,LT,LUPIN,M& M,M&M,MAARS,MADURA,MAFATIND,MAHABANK,MAHSCOOTER,MAHSEAMLES,MALWA,MARALOVER,MARICO,MARUTI,MASTEK,MATRIX,MAXIND,MCDOWELL,MERCK,MERIND,MFSL,MICRO,MIRZAINT,MODIXEROX,MOREPENLAB,MOTHERSON,MOTHERSUMI,MPHASIS,MRF,MRPL,MTNL,MUKTAARTS,MUNJALAU,MUNJALSHOW,NAGARFERT,NAHAR,NAHARPOLY,NAHARSPING,NATCOPHARM,NATIONAL,NATIONALUM,NAVA,NAVNETED,NCC,NDTV,NEPC,NESTLEIND,NETWORK18,NILKAMAL,NIRMA,NITCO,NLCINDIA,NTPC,OBC,OFSS,OIL,OILCOUNTUB,OLECTRA,OMAXAUTO,ONGC,ONIDA,ORIENTHOT,ORIENTPPR,OSWALAGRO,PATANJALI,PATNI,PATSPIN,PCBL,PDMJEPAPER,PEL,PENTAFOUR,PENTAMEDIA,PETRONET,PFIZER,PGHL,PHIL,PHILIPS,PHOENIX,PIDILITIND,PNB,POONAWALLA,PRAJIND,PRAKASH,PRECISION,PREMIERENE,PSIDATA,PTC,PUDUMJEE,PUNJABCHEM,PUNJTRACT,RAASI,RAIN,RAINCALCI,RAJESHEXPO,RALLIS,RAMANEWS,RAMCOCEM,RAMCOIND,RANBAXY,RAYMOND,RCF,RECKITT,RECRON,REGENCERAM,RELCAPITAL,RELIANCE,RELINFRA,RHONE,RICOAUTO,RIIL,RKFORGE,ROLTA,ROYAL,RPGTRANS,RSWM,RUCHISOYA,RUSHIL,SAIL,SAKHTISUG,SALORA,SALSTEEL,SAMTEL,SANGHI,SANOFI,SAREGAMA,SATYAM,SBIN,SCHAEFFLER,SCHENECT,SCI,SCILAL,SDREAMS,SESASTERL,SESHAPAPER,SHANTHIGEAR,SHAWWALLA,SHREECEM,SHRENUJ,SHRIRAMFIN,SHYAMTEL,SIEMENS,SIL,SKFINDIA,SMLISUZU,SONACOMS,SONATSOFTW,SOUTHBANK,SPARC,SPLPETRO,SRF,STAR,STATE,STERLINBIO,STERLITE,STYROLUT,SUMMITSEC,SUNCLAY,SUNDARMFIN,SUNDRMFAST,SUNPHARMA,SUPREMEIND,SURYALAXMI,SUVEN,TAMIL,TATACHEM,TATACOMM,TATACONSUM,TATAELXSI,TATAINVEST,TATAMOTORS,TATAPOWER,TATASPONGE,TATASTEEL,TCS,TECH,TFCI,THERMAX,THIRU,THOMASCOOK,TIINDIA,TIMEX,TIMKEN,TIPSIND,TITAN,TNPETRO,TODAYS,TORNTPHARM,TORNTPOWER,TRANSPEK,TRENT,TRIDENT,TRIGYN,TTKPRESTIG,TVTODAY,UBL,UCALFUEL,UFLEX,ULTRACEMCO,UNICHEMLAB,UNIONBANK,USHAFIN,USHAMART,UTTAM,VARDMNPOLY,VARUN,VESUVIUS,VHL,VIDEOCON,VINDHYATEL,VINYLINDIA,VIRAL,VOLTAS,VTL,WELENT,WIDIA,WIMCO,WINDMACH,WINSOME,WIPRO,WOOLWORTH,WSTCSTPAPR,WYETH,ZANDU,ZEEL,ZENSARTECH,ZUARI"
2005-06-04,Nifty500,TATAMETAL,SURYALAXMI,"3MINDIA,AARTIIND,ABANOFFSH,ABB,ABBOTINDIA,ABREL,ACC,ACCELYA,ADANIENT,ADOR,AGCNETWO,AGUL,AKZOINDIA,ALEMBICLTD,ALFALAVAL,ALSTOMT&D,ALTOS,AMBALAL,AMBUJACEM,ANDHRAVALY,APARINDS,APOLLOHOSP,APOLLOTYRE,APPAPER,APPLE,APTECHT,ARCHIES,ARVIND,ASAHIINDIA,ASHOKLEY,ASIANHOTNR,ASIANPAINT,ASTRAZENCA,ATLASCYCLE,ATUL,ATULAUTO,AUTOAXLES,AVERY,AXISBANK,AZTECSOFT,BAJAJ,BAJAJ-AUTO,BAJAJHIND,BAJFINANCE,BALAJI,BALAJITELE,BALMLAWRIE,BALRAMCHIN,BANARISUG,BANKBARODA,BANKINDIA,BASF,BATAINDIA,BBTC,BEL,BEML,BERGEPAINT,BHADRACH,BHARATFORG,BHARTIARTL,BHEL,BHUSHANSTL,BI,BIOCON,BIRLACORPN,BIRLAMONEY,BLOWPLAST,BLUEDART,BLUESTARCO,BOMDYEING,BOSCH-HCIL,BOSCHLTD,BPCL,BRABOURNE,BRITANNIA,BSOFT,CABLE,CADBURY,CANBK,CANFINHOME,CAPRIHANS,CASTROLIND,CCL,CEATLTD,CENTENKA,CENTURYTEX,CESC,CGPOWER,CHAMBLFERT,CHEMINOR,CHEMPLASTS,CHENNPETRO,CHETTINAD,CHOLAFIN,CHOLAHLDNG,CIPLA,CLARIANT,CMC,COFORGE,COLPAL,CONCOR,COROMANDEL,COSMO,CRISIL,CUB,CUMMINSIND,CYBERTECH,DABUR,DAEWOO,DCAL,DCLPOLYE,DCW,DEEPAKFERT,DEN,DHAMPURSUG,DHANBANK,DICIND,DIGJAMLMTD,DRREDDY,DSQSOFTW,EICHERMOT,EIDPARRY,EIHOTEL,ELCIDIN,ELECON,ELECTCAST,ELECTREX,ELGIEQUIP,ELGIRUBCO,ENGINERSIN,ESABINDIA,ESCORTS,ESSEL,EXCELINDUS,EXIDEIND,FACT,FAGBEARI,FDC,FEDERALBNK,FINCABLES,FLUOROCHEM,FMGOETZE,FORBES,FOSECOIND,FULFORD,GAEL,GAIL,GANESHBE,GARDEN,GESHIP,GHCL,GILLETTE,GKNDRIVE,GLAXO,GLENMARK,GLFL,GMDCLTD,GNFC,GODFRYPHLP,GODREJCP,GODREJIND,GOLDENTOBC,GOODRICKE,GOODYEAR,GRAPHITE,GRASIM,GREAVESCOT,GRINDWELL,GSFC,GSKCONS,GSPL,GTL,GUJALKALI,GUJGASLTD,GVT&D,HAMCO,HARRMALAYA,HAVELLS,HCC,HCL-INSYS,HCLTECH,HDFC,HDFCBANK,HEALTHCARE,HEG,HEIDELBERG,HERBERTS,HERITGFOOD,HEROMOTOCO,HEXT,HIKAL,HIMACHAL,HIMATSEIDE,HINDALCO,HINDOILEXP,HINDPETRO,HINDSYNTEX,HINDUJA,HINDUNILVR,HINDUSTAN,HINDZINC,HITECHCORP,HMT,HOGANAS,HONAUT,HOTEL,IBP,ICICIBANK,IDBI,IFBIND,IFCI,IGATE,IGL,IGPL,INDHOTEL,INDIACEM,INDIAGLYCO,INDIANCARD,INDOGULF,INDORAMA,INDUSINDBK,INFOMEDIA,INFY,INGERRAND,INSILCO,INTERNAT,IOB,IOC,IONEXCHANG,IPCALAB,IPCL,IPRINGS,ISMT,ISPAT,ITC,ITCHOTELS,ITI,ITWSIGNO,J&KBANK,JAICORPLTD,JBCHEPHARM,JBMA,JETAIRWAYS,JGCHEM,JINDALPHOT,JINDALPOLY,JINDALSAW,JINDALSTEL,JISLJALEQS,JKCEMENT,JKTYRE,JPASSOCIAT,JSL,JSWSTEEL,JUBLINGRY,JYOTISTRUC,KAJARIACER,KANSAINER,KARURVYSYA,KCP,KINETIC,KMSUGAR,KOHINOOR,KOPRAN,KOTAKBANK,KPEL,KRISHNA,KRL,KSB,KTKBANK,LAKSHMI,LGBBROSLTD,LICHSGFIN,LINDEINDIA,LT,LUPIN,M& M,M&M,MAARS,MADURA,MAFATIND,MAHABANK,MAHSCOOTER,MAHSEAMLES,MALWA,MARALOVER,MARICO,MARUTI,MASTEK,MATRIX,MAXIND,MCDOWELL,MERCK,MERIND,MFSL,MICRO,MIRZAINT,MODIXEROX,MOREPENLAB,MOTHERSON,MOTHERSUMI,MPHASIS,MRF,MRPL,MTNL,MUKTAARTS,MUNJALAU,MUNJALSHOW,NAGARFERT,NAHAR,NAHARPOLY,NAHARSPING,NATCOPHARM,NATIONAL,NATIONALUM,NAVA,NAVNETED,NCC,NDTV,NEPC,NESTLEIND,NETWORK18,NILKAMAL,NIRMA,NITCO,NLCINDIA,NTPC,OBC,OFSS,OIL,OILCOUNTUB,OLECTRA,OMAXAUTO,ONGC,ONIDA,ORIENTHOT,ORIENTPPR,OSWALAGRO,PATANJALI,PATNI,PATSPIN,PCBL,PDMJEPAPER,PEL,PENTAFOUR,PENTAMEDIA,PETRONET,PFIZER,PGHL,PHIL,PHILIPS,PHOENIX,PIDILITIND,PNB,POONAWALLA,PRAJIND,PRAKASH,PRECISION,PREMIERENE,PSIDATA,PTC,PUDUMJEE,PUNJABCHEM,PUNJTRACT,RAASI,RAIN,RAINCALCI,RAJESHEXPO,RALLIS,RAMANEWS,RAMCOCEM,RAMCOIND,RANBAXY,RAYMOND,RCF,RECKITT,RECRON,REGENCERAM,RELCAPITAL,RELIANCE,RELINFRA,RHONE,RICOAUTO,RIIL,RKFORGE,ROLTA,ROYAL,RPGTRANS,RSWM,RUCHISOYA,RUSHIL,SAIL,SAKHTISUG,SALORA,SALSTEEL,SAMTEL,SANGHI,SANOFI,SAREGAMA,SATYAM,SBIN,SCHAEFFLER,SCHENECT,SCI,SCILAL,SDREAMS,SESASTERL,SESHAPAPER,SHANTHIGEAR,SHAWWALLA,SHREECEM,SHRENUJ,SHRIRAMFIN,SHYAMTEL,SIEMENS,SIL,SKFINDIA,SMLISUZU,SONACOMS,SONATSOFTW,SOUTHBANK,SPARC,SPLPETRO,SRF,STAR,STATE,STERLINBIO,STERLITE,STYROLUT,SUMMITSEC,SUNCLAY,SUNDARMFIN,SUNDRMFAST,SUNPHARMA,SUPREMEIND,SUVEN,TAMIL,TATACHEM,TATACOMM,TATACONSUM,TATAELXSI,TATAINVEST,TATAMETAL,TATAMOTORS,TATAPOWER,TATASPONGE,TATASTEEL,TCS,TECH,TFCI,THERMAX,THIRU,THOMASCOOK,TIINDIA,TIMEX,TIMKEN,TIPSIND,TITAN,TNPETRO,TODAYS,TORNTPHARM,TORNTPOWER,TRANSPEK,TRENT,TRIDENT,TRIGYN,TTKPRESTIG,TVTODAY,UBL,UCALFUEL,UFLEX,ULTRACEMCO,UNICHEMLAB,UNIONBANK,USHAFIN,USHAMART,UTTAM,VARDMNPOLY,VARUN,VESUVIUS,VHL,VIDEOCON,VINDHYATEL,VINYLINDIA,VIRAL,VOLTAS,VTL,WELENT,WIDIA,WIMCO,WINDMACH,WINSOME,WIPRO,WOOLWORTH,WSTCSTPAPR,WYETH,ZANDU,ZEEL,ZENSARTECH,ZUARI"
2005-06-10,Nifty500,JSWSTEEL,BANKINDIA,"3MINDIA,AARTIIND,ABANOFFSH,ABB,ABBOTINDIA,ABREL,ACC,ACCELYA,ADANIENT,ADOR,AGCNETWO,AGUL,AKZOINDIA,ALEMBICLTD,ALFALAVAL,ALSTOMT&D,ALTOS,AMBALAL,AMBUJACEM,ANDHRAVALY,APARINDS,APOLLOHOSP,APOLLOTYRE,APPAPER,APPLE,APTECHT,ARCHIES,ARVIND,ASAHIINDIA,ASHOKLEY,ASIANHOTNR,ASIANPAINT,ASTRAZENCA,ATLASCYCLE,ATUL,ATULAUTO,AUTOAXLES,AVERY,AXISBANK,AZTECSOFT,BAJAJ,BAJAJ-AUTO,BAJAJHIND,BAJFINANCE,BALAJI,BALAJITELE,BALMLAWRIE,BALRAMCHIN,BANARISUG,BANKBARODA,BANKINDIA,BASF,BATAINDIA,BBTC,BEL,BEML,BERGEPAINT,BHADRACH,BHARATFORG,BHARTIARTL,BHEL,BHUSHANSTL,BI,BIOCON,BIRLACORPN,BIRLAMONEY,BLOWPLAST,BLUEDART,BLUESTARCO,BOMDYEING,BOSCH-HCIL,BOSCHLTD,BPCL,BRABOURNE,BRITANNIA,BSOFT,CABLE,CADBURY,CANBK,CANFINHOME,CAPRIHANS,CASTROLIND,CCL,CEATLTD,CENTENKA,CENTURYTEX,CESC,CGPOWER,CHAMBLFERT,CHEMINOR,CHEMPLASTS,CHENNPETRO,CHETTINAD,CHOLAFIN,CHOLAHLDNG,CIPLA,CLARIANT,CMC,COFORGE,COLPAL,CONCOR,COROMANDEL,COSMO,CRISIL,CUB,CUMMINSIND,CYBERTECH,DABUR,DAEWOO,DCAL,DCLPOLYE,DCW,DEEPAKFERT,DEN,DHAMPURSUG,DHANBANK,DICIND,DIGJAMLMTD,DRREDDY,DSQSOFTW,EICHERMOT,EIDPARRY,EIHOTEL,ELCIDIN,ELECON,ELECTCAST,ELECTREX,ELGIEQUIP,ELGIRUBCO,ENGINERSIN,ESABINDIA,ESCORTS,ESSEL,EXCELINDUS,EXIDEIND,FACT,FAGBEARI,FDC,FEDERALBNK,FINCABLES,FLUOROCHEM,FMGOETZE,FORBES,FOSECOIND,FULFORD,GAEL,GAIL,GANESHBE,GARDEN,GESHIP,GHCL,GILLETTE,GKNDRIVE,GLAXO,GLENMARK,GLFL,GMDCLTD,GNFC,GODFRYPHLP,GODREJCP,GODREJIND,GOLDENTOBC,GOODRICKE,GOODYEAR,GRAPHITE,GRASIM,GREAVESCOT,GRINDWELL,GSFC,GSKCONS,GSPL,GTL,GUJALKALI,GUJGASLTD,GVT&D,HAMCO,HARRMALAYA,HAVELLS,HCC,HCL-INSYS,HCLTECH,HDFC,HDFCBANK,HEALTHCARE,HEG,HEIDELBERG,HERBERTS,HERITGFOOD,HEROMOTOCO,HEXT,HIKAL,HIMACHAL,HIMATSEIDE,HINDALCO,HINDOILEXP,HINDPETRO,HINDSYNTEX,HINDUJA,HINDUNILVR,HINDUSTAN,HINDZINC,HITECHCORP,HMT,HOGANAS,HONAUT,HOTEL,IBP,ICICIBANK,IDBI,IFBIND,IFCI,IGATE,IGL,IGPL,INDHOTEL,INDIACEM,INDIAGLYCO,INDIANCARD,INDOGULF,INDORAMA,INDUSINDBK,INFOMEDIA,INFY,INGERRAND,INSILCO,INTERNAT,IOB,IOC,IONEXCHANG,IPCALAB,IPCL,IPRINGS,ISMT,ISPAT,ITC,ITCHOTELS,ITI,ITWSIGNO,J&KBANK,JAICORPLTD,JBCHEPHARM,JBMA,JETAIRWAYS,JGCHEM,JINDALPHOT,JINDALPOLY,JINDALSAW,JINDALSTEL,JISLJALEQS,JKCEMENT,JKTYRE,JPASSOCIAT,JSL,JSWSTEEL,JUBLINGRY,JYOTISTRUC,KAJARIACER,KANSAINER,KARURVYSYA,KCP,KINETIC,KMSUGAR,KOHINOOR,KOPRAN,KOTAKBANK,KPEL,KRISHNA,KRL,KSB,KTKBANK,LAKSHMI,LGBBROSLTD,LICHSGFIN,LINDEINDIA,LT,LUPIN,M& M,M&M,MAARS,MADURA,MAFATIND,MAHABANK,MAHSCOOTER,MAHSEAMLES,MALWA,MARALOVER,MARICO,MARUTI,MASTEK,MATRIX,MAXIND,MCDOWELL,MERCK,MERIND,MFSL,MICRO,MIRZAINT,MODIXEROX,MOREPENLAB,MOTHERSON,MOTHERSUMI,MPHASIS,MRF,MRPL,MTNL,MUKTAARTS,MUNJALAU,MUNJALSHOW,NAGARFERT,NAHAR,NAHARPOLY,NAHARSPING,NATCOPHARM,NATIONAL,NATIONALUM,NAVA,NAVNETED,NCC,NDTV,NEPC,NESTLEIND,NETWORK18,NILKAMAL,NIRMA,NITCO,NLCINDIA,NTPC,OBC,OFSS,OIL,OILCOUNTUB,OLECTRA,OMAXAUTO,ONGC,ONIDA,ORIENTHOT,ORIENTPPR,OSWALAGRO,PATANJALI,PATNI,PATSPIN,PCBL,PDMJEPAPER,PEL,PENTAFOUR,PENTAMEDIA,PETRONET,PFIZER,PGHL,PHIL,PHILIPS,PHOENIX,PIDILITIND,PNB,POONAWALLA,PRAJIND,PRAKASH,PRECISION,PREMIERENE,PSIDATA,PTC,PUDUMJEE,PUNJABCHEM,PUNJTRACT,RAASI,RAIN,RAINCALCI,RAJESHEXPO,RALLIS,RAMANEWS,RAMCOCEM,RAMCOIND,RANBAXY,RAYMOND,RCF,RECKITT,RECRON,REGENCERAM,RELCAPITAL,RELIANCE,RELINFRA,RHONE,RICOAUTO,RIIL,RKFORGE,ROLTA,ROYAL,RPGTRANS,RSWM,RUCHISOYA,RUSHIL,SAIL,SAKHTISUG,SALORA,SALSTEEL,SAMTEL,SANGHI,SANOFI,SAREGAMA,SATYAM,SBIN,SCHAEFFLER,SCHENECT,SCI,SCILAL,SDREAMS,SESASTERL,SESHAPAPER,SHANTHIGEAR,SHAWWALLA,SHREECEM,SHRENUJ,SHRIRAMFIN,SHYAMTEL,SIEMENS,SIL,SKFINDIA,SMLISUZU,SONACOMS,SONATSOFTW,SOUTHBANK,SPARC,SPLPETRO,SRF,STAR,STATE,STERLINBIO,STERLITE,STYROLUT,SUMMITSEC,SUNCLAY,SUNDARMFIN,SUNDRMFAST,SUNPHARMA,SUPREMEIND,SUVEN,TAMIL,TATACHEM,TATACOMM,TATACONSUM,TATAELXSI,TATAINVEST,TATAMETAL,TATAMOTORS,TATAPOWER,TATASPONGE,TATASTEEL,TCS,TECH,TFCI,THERMAX,THIRU,THOMASCOOK,TIINDIA,TIMEX,TIMKEN,TIPSIND,TITAN,TNPETRO,TODAYS,TORNTPHARM,TORNTPOWER,TRANSPEK,TRENT,TRIDENT,TRIGYN,TTKPRESTIG,TVTODAY,UBL,UCALFUEL,UFLEX,ULTRACEMCO,UNICHEMLAB,UNIONBANK,USHAFIN,USHAMART,UTTAM,VARDMNPOLY,VARUN,VESUVIUS,VHL,VIDEOCON,VINDHYATEL,VINYLINDIA,VIRAL,VOLTAS,VTL,WELENT,WIDIA,WIMCO,WINDMACH,WINSOME,WIPRO,WOOLWORTH,WSTCSTPAPR,WYETH,ZANDU,ZEEL,ZENSARTECH,ZUARI"
2005-08-04,Nifty500,GUJNRECOKE,ITCHOTELS,"3MINDIA,AARTIIND,ABANOFFSH,ABB,ABBOTINDIA,ABREL,ACC,ACCELYA,ADANIENT,ADOR,AGCNETWO,AGUL,AKZOINDIA,ALEMBICLTD,ALFALAVAL,ALSTOMT&D,ALTOS,AMBALAL,AMBUJACEM,ANDHRAVALY,APARINDS,APOLLOHOSP,APOLLOTYRE,APPAPER,APPLE,APTECHT,ARCHIES,ARVIND,ASAHIINDIA,ASHOKLEY,ASIANHOTNR,ASIANPAINT,ASTRAZENCA,ATLASCYCLE,ATUL,ATULAUTO,AUTOAXLES,AVERY,AXISBANK,AZTECSOFT,BAJAJ,BAJAJ-AUTO,BAJAJHIND,BAJFINANCE,BALAJI,BALAJITELE,BALMLAWRIE,BALRAMCHIN,BANARISUG,BANKBARODA,BANKINDIA,BASF,BATAINDIA,BBTC,BEL,BEML,BERGEPAINT,BHADRACH,BHARATFORG,BHARTIARTL,BHEL,BHUSHANSTL,BI,BIOCON,BIRLACORPN,BIRLAMONEY,BLOWPLAST,BLUEDART,BLUESTARCO,BOMDYEING,BOSCH-HCIL,BOSCHLTD,BPCL,BRABOURNE,BRITANNIA,BSOFT,CABLE,CADBURY,CANBK,CANFINHOME,CAPRIHANS,CASTROLIND,CCL,CEATLTD,CENTENKA,CENTURYTEX,CESC,CGPOWER,CHAMBLFERT,CHEMINOR,CHEMPLASTS,CHENNPETRO,CHETTINAD,CHOLAFIN,CHOLAHLDNG,CIPLA,CLARIANT,CMC,COFORGE,COLPAL,CONCOR,COROMANDEL,COSMO,CRISIL,CUB,CUMMINSIND,CYBERTECH,DABUR,DAEWOO,DCAL,DCLPOLYE,DCW,DEEPAKFERT,DEN,DHAMPURSUG,DHANBANK,DICIND,DIGJAMLMTD,DRREDDY,DSQSOFTW,EICHERMOT,EIDPARRY,EIHOTEL,ELCIDIN,ELECON,ELECTCAST,ELECTREX,ELGIEQUIP,ELGIRUBCO,ENGINERSIN,ESABINDIA,ESCORTS,ESSEL,EXCELINDUS,EXIDEIND,FACT,FAGBEARI,FDC,FEDERALBNK,FINCABLES,FLUOROCHEM,FMGOETZE,FORBES,FOSECOIND,FULFORD,GAEL,GAIL,GANESHBE,GARDEN,GESHIP,GHCL,GILLETTE,GKNDRIVE,GLAXO,GLENMARK,GLFL,GMDCLTD,GNFC,GODFRYPHLP,GODREJCP,GODREJIND,GOLDENTOBC,GOODRICKE,GOODYEAR,GRAPHITE,GRASIM,GREAVESCOT,GRINDWELL,GSFC,GSKCONS,GSPL,GTL,GUJALKALI,GUJGASLTD,GUJNRECOKE,GVT&D,HAMCO,HARRMALAYA,HAVELLS,HCC,HCL-INSYS,HCLTECH,HDFC,HDFCBANK,HEALTHCARE,HEG,HEIDELBERG,HERBERTS,HERITGFOOD,HEROMOTOCO,HEXT,HIKAL,HIMACHAL,HIMATSEIDE,HINDALCO,HINDOILEXP,HINDPETRO,HINDSYNTEX,HINDUJA,HINDUNILVR,HINDUSTAN,HINDZINC,HITECHCORP,HMT,HOGANAS,HONAUT,HOTEL,IBP,ICICIBANK,IDBI,IFBIND,IFCI,IGATE,IGL,IGPL,INDHOTEL,INDIACEM,INDIAGLYCO,INDIANCARD,INDOGULF,INDORAMA,INDUSINDBK,INFOMEDIA,INFY,INGERRAND,INSILCO,INTERNAT,IOB,IOC,IONEXCHANG,IPCALAB,IPCL,IPRINGS,ISMT,ISPAT,ITC,ITI,ITWSIGNO,J&KBANK,JAICORPLTD,JBCHEPHARM,JBMA,JETAIRWAYS,JGCHEM,JINDALPHOT,JINDALPOLY,JINDALSAW,JINDALSTEL,JISLJALEQS,JKCEMENT,JKTYRE,JPASSOCIAT,JSL,JSWSTEEL,JUBLINGRY,JYOTISTRUC,KAJARIACER,KANSAINER,KARURVYSYA,KCP,KINETIC,KMSUGAR,KOHINOOR,KOPRAN,KOTAKBANK,KPEL,KRISHNA,KRL,KSB,KTKBANK,LAKSHMI,LGBBROSLTD,LICHSGFIN,LINDEINDIA,LT,LUPIN,M& M,M&M,MAARS,MADURA,MAFATIND,MAHABANK,MAHSCOOTER,MAHSEAMLES,MALWA,MARALOVER,MARICO,MARUTI,MASTEK,MATRIX,MAXIND,MCDOWELL,MERCK,MERIND,MFSL,MICRO,MIRZAINT,MODIXEROX,MOREPENLAB,MOTHERSON,MOTHERSUMI,MPHASIS,MRF,MRPL,MTNL,MUKTAARTS,MUNJALAU,MUNJALSHOW,NAGARFERT,NAHAR,NAHARPOLY,NAHARSPING,NATCOPHARM,NATIONAL,NATIONALUM,NAVA,NAVNETED,NCC,NDTV,NEPC,NESTLEIND,NETWORK18,NILKAMAL,NIRMA,NITCO,NLCINDIA,NTPC,OBC,OFSS,OIL,OILCOUNTUB,OLECTRA,OMAXAUTO,ONGC,ONIDA,ORIENTHOT,ORIENTPPR,OSWALAGRO,PATANJALI,PATNI,PATSPIN,PCBL,PDMJEPAPER,PEL,PENTAFOUR,PENTAMEDIA,PETRONET,PFIZER,PGHL,PHIL,PHILIPS,PHOENIX,PIDILITIND,PNB,POONAWALLA,PRAJIND,PRAKASH,PRECISION,PREMIERENE,PSIDATA,PTC,PUDUMJEE,PUNJABCHEM,PUNJTRACT,RAASI,RAIN,RAINCALCI,RAJESHEXPO,RALLIS,RAMANEWS,RAMCOCEM,RAMCOIND,RANBAXY,RAYMOND,RCF,RECKITT,RECRON,REGENCERAM,RELCAPITAL,RELIANCE,RELINFRA,RHONE,RICOAUTO,RIIL,RKFORGE,ROLTA,ROYAL,RPGTRANS,RSWM,RUCHISOYA,RUSHIL,SAIL,SAKHTISUG,SALORA,SALSTEEL,SAMTEL,SANGHI,SANOFI,SAREGAMA,SATYAM,SBIN,SCHAEFFLER,SCHENECT,SCI,SCILAL,SDREAMS,SESASTERL,SESHAPAPER,SHANTHIGEAR,SHAWWALLA,SHREECEM,SHRENUJ,SHRIRAMFIN,SHYAMTEL,SIEMENS,SIL,SKFINDIA,SMLISUZU,SONACOMS,SONATSOFTW,SOUTHBANK,SPARC,SPLPETRO,SRF,STAR,STATE,STERLINBIO,STERLITE,STYROLUT,SUMMITSEC,SUNCLAY,SUNDARMFIN,SUNDRMFAST,SUNPHARMA,SUPREMEIND,SUVEN,TAMIL,TATACHEM,TATACOMM,TATACONSUM,TATAELXSI,TATAINVEST,TATAMETAL,TATAMOTORS,TATAPOWER,TATASPONGE,TATASTEEL,TCS,TECH,TFCI,THERMAX,THIRU,THOMASCOOK,TIINDIA,TIMEX,TIMKEN,TIPSIND,TITAN,TNPETRO,TODAYS,TORNTPHARM,TORNTPOWER,TRANSPEK,TRENT,TRIDENT,TRIGYN,TTKPRESTIG,TVTODAY,UBL,UCALFUEL,UFLEX,ULTRACEMCO,UNICHEMLAB,UNIONBANK,USHAFIN,USHAMART,UTTAM,VARDMNPOLY,VARUN,VESUVIUS,VHL,VIDEOCON,VINDHYATEL,VINYLINDIA,VIRAL,VOLTAS,VTL,WELENT,WIDIA,WIMCO,WINDMACH,WINSOME,WIPRO,WOOLWORTH,WSTCSTPAPR,WYETH,ZANDU,ZEEL,ZENSARTECH,ZUARI"
2005-08-12,Nifty500,63MOONS,JSWSTEEL,"3MINDIA,63MOONS,AARTIIND,ABANOFFSH,ABB,ABBOTINDIA,ABREL,ACC,ACCELYA,ADANIENT,ADOR,AGCNETWO,AGUL,AKZOINDIA,ALEMBICLTD,ALFALAVAL,ALSTOMT&D,ALTOS,AMBALAL,AMBUJACEM,ANDHRAVALY,APARINDS,APOLLOHOSP,APOLLOTYRE,APPAPER,APPLE,APTECHT,ARCHIES,ARVIND,ASAHIINDIA,ASHOKLEY,ASIANHOTNR,ASIANPAINT,ASTRAZENCA,ATLASCYCLE,ATUL,ATULAUTO,AUTOAXLES,AVERY,AXISBANK,AZTECSOFT,BAJAJ,BAJAJ-AUTO,BAJAJHIND,BAJFINANCE,BALAJI,BALAJITELE,BALMLAWRIE,BALRAMCHIN,BANARISUG,BANKBARODA,BANKINDIA,BASF,BATAINDIA,BBTC,BEL,BEML,BERGEPAINT,BHADRACH,BHARATFORG,BHARTIARTL,BHEL,BHUSHANSTL,BI,BIOCON,BIRLACORPN,BIRLAMONEY,BLOWPLAST,BLUEDART,BLUESTARCO,BOMDYEING,BOSCH-HCIL,BOSCHLTD,BPCL,BRABOURNE,BRITANNIA,BSOFT,CABLE,CADBURY,CANBK,CANFINHOME,CAPRIHANS,CASTROLIND,CCL,CEATLTD,CENTENKA,CENTURYTEX,CESC,CGPOWER,CHAMBLFERT,CHEMINOR,CHEMPLASTS,CHENNPETRO,CHETTINAD,CHOLAFIN,CHOLAHLDNG,CIPLA,CLARIANT,CMC,COFORGE,COLPAL,CONCOR,COROMANDEL,COSMO,CRISIL,CUB,CUMMINSIND,CYBERTECH,DABUR,DAEWOO,DCAL,DCLPOLYE,DCW,DEEPAKFERT,DEN,DHAMPURSUG,DHANBANK,DICIND,DIGJAMLMTD,DRREDDY,DSQSOFTW,EICHERMOT,EIDPARRY,EIHOTEL,ELCIDIN,ELECON,ELECTCAST,ELECTREX,ELGIEQUIP,ELGIRUBCO,ENGINERSIN,ESABINDIA,ESCORTS,ESSEL,EXCELINDUS,EXIDEIND,FACT,FAGBEARI,FDC,FEDERALBNK,FINCABLES,FLUOROCHEM,FMGOETZE,FORBES,FOSECOIND,FULFORD,GAEL,GAIL,GANESHBE,GARDEN,GESHIP,GHCL,GILLETTE,GKNDRIVE,GLAXO,GLENMARK,GLFL,GMDCLTD,GNFC,GODFRYPHLP,GODREJCP,GODREJIND,GOLDENTOBC,GOODRICKE,GOODYEAR,GRAPHITE,GRASIM,GREAVESCOT,GRINDWELL,GSFC,GSKCONS,GSPL,GTL,GUJALKALI,GUJGASLTD,GUJNRECOKE,GVT&D,HAMCO,HARRMALAYA,HAVELLS,HCC,HCL-INSYS,HCLTECH,HDFC,HDFCBANK,HEALTHCARE,HEG,HEIDELBERG,HERBERTS,HERITGFOOD,HEROMOTOCO,HEXT,HIKAL,HIMACHAL,HIMATSEIDE,HINDALCO,HINDOILEXP,HINDPETRO,HINDSYNTEX,HINDUJA,HINDUNILVR,HINDUSTAN,HINDZINC,HITECHCORP,HMT,HOGANAS,HONAUT,HOTEL,IBP,ICICIBANK,IDBI,IFBIND,IFCI,IGATE,IGL,IGPL,INDHOTEL,INDIACEM,INDIAGLYCO,INDIANCARD,INDOGULF,INDORAMA,INDUSINDBK,INFOMEDIA,INFY,INGERRAND,INSILCO,INTERNAT,IOB,IOC,IONEXCHANG,IPCALAB,IPCL,IPRINGS,ISMT,ISPAT,ITC,ITI,ITWSIGNO,J&KBANK,JAICORPLTD,JBCHEPHARM,JBMA,JETAIRWAYS,JGCHEM,JINDALPHOT,JINDALPOLY,JINDALSAW,JINDALSTEL,JISLJALEQS,JKCEMENT,JKTYRE,JPASSOCIAT,JSL,JUBLINGRY,JYOTISTRUC,KAJARIACER,KANSAINER,KARURVYSYA,KCP,KINETIC,KMSUGAR,KOHINOOR,KOPRAN,KOTAKBANK,KPEL,KRISHNA,KRL,KSB,KTKBANK,LAKSHMI,LGBBROSLTD,LICHSGFIN,LINDEINDIA,LT,LUPIN,M& M,M&M,MAARS,MADURA,MAFATIND,MAHABANK,MAHSCOOTER,MAHSEAMLES,MALWA,MARALOVER,MARICO,MARUTI,MASTEK,MATRIX,MAXIND,MCDOWELL,MERCK,MERIND,MFSL,MICRO,MIRZAINT,MODIXEROX,MOREPENLAB,MOTHERSON,MOTHERSUMI,MPHASIS,MRF,MRPL,MTNL,MUKTAARTS,MUNJALAU,MUNJALSHOW,NAGARFERT,NAHAR,NAHARPOLY,NAHARSPING,NATCOPHARM,NATIONAL,NATIONALUM,NAVA,NAVNETED,NCC,NDTV,NEPC,NESTLEIND,NETWORK18,NILKAMAL,NIRMA,NITCO,NLCINDIA,NTPC,OBC,OFSS,OIL,OILCOUNTUB,OLECTRA,OMAXAUTO,ONGC,ONIDA,ORIENTHOT,ORIENTPPR,OSWALAGRO,PATANJALI,PATNI,PATSPIN,PCBL,PDMJEPAPER,PEL,PENTAFOUR,PENTAMEDIA,PETRONET,PFIZER,PGHL,PHIL,PHILIPS,PHOENIX,PIDILITIND,PNB,POONAWALLA,PRAJIND,PRAKASH,PRECISION,PREMIERENE,PSIDATA,PTC,PUDUMJEE,PUNJABCHEM,PUNJTRACT,RAASI,RAIN,RAINCALCI,RAJESHEXPO,RALLIS,RAMANEWS,RAMCOCEM,RAMCOIND,RANBAXY,RAYMOND,RCF,RECKITT,RECRON,REGENCERAM,RELCAPITAL,RELIANCE,RELINFRA,RHONE,RICOAUTO,RIIL,RKFORGE,ROLTA,ROYAL,RPGTRANS,RSWM,RUCHISOYA,RUSHIL,SAIL,SAKHTISUG,SALORA,SALSTEEL,SAMTEL,SANGHI,SANOFI,SAREGAMA,SATYAM,SBIN,SCHAEFFLER,SCHENECT,SCI,SCILAL,SDREAMS,SESASTERL,SESHAPAPER,SHANTHIGEAR,SHAWWALLA,SHREECEM,SHRENUJ,SHRIRAMFIN,SHYAMTEL,SIEMENS,SIL,SKFINDIA,SMLISUZU,SONACOMS,SONATSOFTW,SOUTHBANK,SPARC,SPLPETRO,SRF,STAR,STATE,STERLINBIO,STERLITE,STYROLUT,SUMMITSEC,SUNCLAY,SUNDARMFIN,SUNDRMFAST,SUNPHARMA,SUPREMEIND,SUVEN,TAMIL,TATACHEM,TATACOMM,TATACONSUM,TATAELXSI,TATAINVEST,TATAMETAL,TATAMOTORS,TATAPOWER,TATASPONGE,TATASTEEL,TCS,TECH,TFCI,THERMAX,THIRU,THOMASCOOK,TIINDIA,TIMEX,TIMKEN,TIPSIND,TITAN,TNPETRO,TODAYS,TORNTPHARM,TORNTPOWER,TRANSPEK,TRENT,TRIDENT,TRIGYN,TTKPRESTIG,TVTODAY,UBL,UCALFUEL,UFLEX,ULTRACEMCO,UNICHEMLAB,UNIONBANK,USHAFIN,USHAMART,UTTAM,VARDMNPOLY,VARUN,VESUVIUS,VHL,VIDEOCON,VINDHYATEL,VINYLINDIA,VIRAL,VOLTAS,VTL,WELENT,WIDIA,WIMCO,WINDMACH,WINSOME,WIPRO,WOOLWORTH,WSTCSTPAPR,WYETH,ZANDU,ZEEL,ZENSARTECH,ZUARI"
2005-09-05,Nifty500,VISHAL,IDBI,"3MINDIA,63MOONS,AARTIIND,ABANOFFSH,ABB,ABBOTINDIA,ABREL,ACC,ACCELYA,ADANIENT,ADOR,AGCNETWO,AGUL,AKZOINDIA,ALEMBICLTD,ALFALAVAL,ALSTOMT&D,ALTOS,AMBALAL,AMBUJACEM,ANDHRAVALY,APARINDS,APOLLOHOSP,APOLLOTYRE,APPAPER,APPLE,APTECHT,ARCHIES,ARVIND,ASAHIINDIA,ASHOKLEY,ASIANHOTNR,ASIANPAINT,ASTRAZENCA,ATLASCYCLE,ATUL,ATULAUTO,AUTOAXLES,AVERY,AXISBANK,AZTECSOFT,BAJAJ,BAJAJ-AUTO,BAJAJHIND,BAJFINANCE,BALAJI,BALAJITELE,BALMLAWRIE,BALRAMCHIN,BANARISUG,BANKBARODA,BANKINDIA,BASF,BATAINDIA,BBTC,BEL,BEML,BERGEPAINT,BHADRACH,BHARATFORG,BHARTIARTL,BHEL,BHUSHANSTL,BI,BIOCON,BIRLACORPN,BIRLAMONEY,BLOWPLAST,BLUEDART,BLUESTARCO,BOMDYEING,BOSCH-HCIL,BOSCHLTD,BPCL,BRABOURNE,BRITANNIA,BSOFT,CABLE,CADBURY,CANBK,CANFINHOME,CAPRIHANS,CASTROLIND,CCL,CEATLTD,CENTENKA,CENTURYTEX,CESC,CGPOWER,CHAMBLFERT,CHEMINOR,CHEMPLASTS,CHENNPETRO,CHETTINAD,CHOLAFIN,CHOLAHLDNG,CIPLA,CLARIANT,CMC,COFORGE,COLPAL,CONCOR,COROMANDEL,COSMO,CRISIL,CUB,CUMMINSIND,CYBERTECH,DABUR,DAEWOO,DCAL,DCLPOLYE,DCW,DEEPAKFERT,DEN,DHAMPURSUG,DHANBANK,DICIND,DIGJAMLMTD,DRREDDY,DSQSOFTW,EICHERMOT,EIDPARRY,EIHOTEL,ELCIDIN,ELECON,ELECTCAST,ELECTREX,ELGIEQUIP,ELGIRUBCO,ENGINERSIN,ESABINDIA,ESCORTS,ESSEL,EXCELINDUS,EXIDEIND,FACT,FAGBEARI,FDC,FEDERALBNK,FINCABLES,FLUOROCHEM,FMGOETZE,FORBES,FOSECOIND,FULFORD,GAEL,GAIL,GANESHBE,GARDEN,GESHIP,GHCL,GILLETTE,GKNDRIVE,GLAXO,GLENMARK,GLFL,GMDCLTD,GNFC,GODFRYPHLP,GODREJCP,GODREJIND,GOLDENTOBC,GOODRICKE,GOODYEAR,GRAPHITE,GRASIM,GREAVESCOT,GRINDWELL,GSFC,GSKCONS,GSPL,GTL,GUJALKALI,GUJGASLTD,GUJNRECOKE,GVT&D,HAMCO,HARRMALAYA,HAVELLS,HCC,HCL-INSYS,HCLTECH,HDFC,HDFCBANK,HEALTHCARE,HEG,HEIDELBERG,HERBERTS,HERITGFOOD,HEROMOTOCO,HEXT,HIKAL,HIMACHAL,HIMATSEIDE,HINDALCO,HINDOILEXP,HINDPETRO,HINDSYNTEX,HINDUJA,HINDUNILVR,HINDUSTAN,HINDZINC,HITECHCORP,HMT,HOGANAS,HONAUT,HOTEL,IBP,ICICIBANK,IFBIND,IFCI,IGATE,IGL,IGPL,INDHOTEL,INDIACEM,INDIAGLYCO,INDIANCARD,INDOGULF,INDORAMA,INDUSINDBK,INFOMEDIA,INFY,INGERRAND,INSILCO,INTERNAT,IOB,IOC,IONEXCHANG,IPCALAB,IPCL,IPRINGS,ISMT,ISPAT,ITC,ITI,ITWSIGNO,J&KBANK,JAICORPLTD,JBCHEPHARM,JBMA,JETAIRWAYS,JGCHEM,JINDALPHOT,JINDALPOLY,JINDALSAW,JINDALSTEL,JISLJALEQS,JKCEMENT,JKTYRE,JPASSOCIAT,JSL,JUBLINGRY,JYOTISTRUC,KAJARIACER,KANSAINER,KARURVYSYA,KCP,KINETIC,KMSUGAR,KOHINOOR,KOPRAN,KOTAKBANK,KPEL,KRISHNA,KRL,KSB,KTKBANK,LAKSHMI,LGBBROSLTD,LICHSGFIN,LINDEINDIA,LT,LUPIN,M& M,M&M,MAARS,MADURA,MAFATIND,MAHABANK,MAHSCOOTER,MAHSEAMLES,MALWA,MARALOVER,MARICO,MARUTI,MASTEK,MATRIX,MAXIND,MCDOWELL,MERCK,MERIND,MFSL,MICRO,MIRZAINT,MODIXEROX,MOREPENLAB,MOTHERSON,MOTHERSUMI,MPHASIS,MRF,MRPL,MTNL,MUKTAARTS,MUNJALAU,MUNJALSHOW,NAGARFERT,NAHAR,NAHARPOLY,NAHARSPING,NATCOPHARM,NATIONAL,NATIONALUM,NAVA,NAVNETED,NCC,NDTV,NEPC,NESTLEIND,NETWORK18,NILKAMAL,NIRMA,NITCO,NLCINDIA,NTPC,OBC,OFSS,OIL,OILCOUNTUB,OLECTRA,OMAXAUTO,ONGC,ONIDA,ORIENTHOT,ORIENTPPR,OSWALAGRO,PATANJALI,PATNI,PATSPIN,PCBL,PDMJEPAPER,PEL,PENTAFOUR,PENTAMEDIA,PETRONET,PFIZER,PGHL,PHIL,PHILIPS,PHOENIX,PIDILITIND,PNB,POONAWALLA,PRAJIND,PRAKASH,PRECISION,PREMIERENE,PSIDATA,PTC,PUDUMJEE,PUNJABCHEM,PUNJTRACT,RAASI,RAIN,RAINCALCI,RAJESHEXPO,RALLIS,RAMANEWS,RAMCOCEM,RAMCOIND,RANBAXY,RAYMOND,RCF,RECKITT,RECRON,REGENCERAM,RELCAPITAL,RELIANCE,RELINFRA,RHONE,RICOAUTO,RIIL,RKFORGE,ROLTA,ROYAL,RPGTRANS,RSWM,RUCHISOYA,RUSHIL,SAIL,SAKHTISUG,SALORA,SALSTEEL,SAMTEL,SANGHI,SANOFI,SAREGAMA,SATYAM,SBIN,SCHAEFFLER,SCHENECT,SCI,SCILAL,SDREAMS,SESASTERL,SESHAPAPER,SHANTHIGEAR,SHAWWALLA,SHREECEM,SHRENUJ,SHRIRAMFIN,SHYAMTEL,SIEMENS,SIL,SKFINDIA,SMLISUZU,SONACOMS,SONATSOFTW,SOUTHBANK,SPARC,SPLPETRO,SRF,STAR,STATE,STERLINBIO,STERLITE,STYROLUT,SUMMITSEC,SUNCLAY,SUNDARMFIN,SUNDRMFAST,SUNPHARMA,SUPREMEIND,SUVEN,TAMIL,TATACHEM,TATACOMM,TATACONSUM,TATAELXSI,TATAINVEST,TATAMETAL,TATAMOTORS,TATAPOWER,TATASPONGE,TATASTEEL,TCS,TECH,TFCI,THERMAX,THIRU,THOMASCOOK,TIINDIA,TIMEX,TIMKEN,TIPSIND,TITAN,TNPETRO,TODAYS,TORNTPHARM,TORNTPOWER,TRANSPEK,TRENT,TRIDENT,TRIGYN,TTKPRESTIG,TVTODAY,UBL,UCALFUEL,UFLEX,ULTRACEMCO,UNICHEMLAB,UNIONBANK,USHAFIN,USHAMART,UTTAM,VARDMNPOLY,VARUN,VESUVIUS,VHL,VIDEOCON,VINDHYATEL,VINYLINDIA,VIRAL,VISHAL,VOLTAS,VTL,WELENT,WIDIA,WIMCO,WINDMACH,WINSOME,WIPRO,WOOLWORTH,WSTCSTPAPR,WYETH,ZANDU,ZEEL,ZENSARTECH,ZUARI"
2006-02-03,Nifty500,"MERCATOR,INDIAGLYCO,HTMEDIA,HSBCINVES,GREAVESCOT,SIMPLEXINF,GOKEX","KDLBIOTE,SHREERAMA,JGCHEM,ABSLPSE,TTML,VINYLINDIA,REGENCERAM","3MINDIA,63MOONS,AARTIIND,ABANOFFSH,ABB,ABBOTINDIA,ABREL,ACC,ACCELYA,ADANIENT,ADOR,AGCNETWO,AGUL,AKZOINDIA,ALEMBICLTD,ALFALAVAL,ALSTOMT&D,ALTOS,AMBALAL,AMBUJACEM,ANDHRAVALY,APARINDS,APOLLOHOSP,APOLLOTYRE,APPAPER,APPLE,APTECHT,ARCHIES,ARVIND,ASAHIINDIA,ASHOKLEY,ASIANHOTNR,ASIANPAINT,ASTRAZENCA,ATLASCYCLE,ATUL,ATULAUTO,AUTOAXLES,AVERY,AXISBANK,AZTECSOFT,BAJAJ,BAJAJ-AUTO,BAJAJHIND,BAJFINANCE,BALAJI,BALAJITELE,BALMLAWRIE,BALRAMCHIN,BANARISUG,BANKBARODA,BANKINDIA,BASF,BATAINDIA,BBTC,BEL,BEML,BERGEPAINT,BHADRACH,BHARATFORG,BHARTIARTL,BHEL,BHUSHANSTL,BI,BIOCON,BIRLACORPN,BIRLAMONEY,BLOWPLAST,BLUEDART,BLUESTARCO,BOMDYEING,BOSCH-HCIL,BOSCHLTD,BPCL,BRABOURNE,BRITANNIA,BSOFT,CABLE,CADBURY,CANBK,CANFINHOME,CAPRIHANS,CASTROLIND,CCL,CEATLTD,CENTENKA,CENTURYTEX,CESC,CGPOWER,CHAMBLFERT,CHEMINOR,CHEMPLASTS,CHENNPETRO,CHETTINAD,CHOLAFIN,CHOLAHLDNG,CIPLA,CLARIANT,CMC,COFORGE,COLPAL,CONCOR,COROMANDEL,COSMO,CRISIL,CUB,CUMMINSIND,CYBERTECH,DABUR,DAEWOO,DCAL,DCLPOLYE,DCW,DEEPAKFERT,DEN,DHAMPURSUG,DHANBANK,DICIND,DIGJAMLMTD,DRREDDY,DSQSOFTW,EICHERMOT,EIDPARRY,EIHOTEL,ELCIDIN,ELECON,ELECTCAST,ELECTREX,ELGIEQUIP,ELGIRUBCO,ENGINERSIN,ESABINDIA,ESCORTS,ESSEL,EXCELINDUS,EXIDEIND,FACT,FAGBEARI,FDC,FEDERALBNK,FINCABLES,FLUOROCHEM,FMGOETZE,FORBES,FOSECOIND,FULFORD,GAEL,GAIL,GANESHBE,GARDEN,GESHIP,GHCL,GILLETTE,GKNDRIVE,GLAXO,GLENMARK,GLFL,GMDCLTD,GNFC,GODFRYPHLP,GODREJCP,GODREJIND,GOKEX,GOLDENTOBC,GOODRICKE,GOODYEAR,GRAPHITE,GRASIM,GREAVESCOT,GRINDWELL,GSFC,GSKCONS,GSPL,GTL,GUJALKALI,GUJGASLTD,GUJNRECOKE,GVT&D,HAMCO,HARRMALAYA,HAVELLS,HCC,HCL-INSYS,HCLTECH,HDFC,HDFCBANK,HEALTHCARE,HEG,HEIDELBERG,HERBERTS,HERITGFOOD,HEROMOTOCO,HEXT,HIKAL,HIMACHAL,HIMATSEIDE,HINDALCO,HINDOILEXP,HINDPETRO,HINDSYNTEX,HINDUJA,HINDUNILVR,HINDUSTAN,HINDZINC,HITECHCORP,HMT,HOGANAS,HONAUT,HOTEL,HSBCINVES,HTMEDIA,IBP,ICICIBANK,IFBIND,IFCI,IGATE,IGL,IGPL,INDHOTEL,INDIACEM,INDIAGLYCO,INDIANCARD,INDOGULF,INDORAMA,INDUSINDBK,INFOMEDIA,INFY,INGERRAND,INSILCO,INTERNAT,IOB,IOC,IONEXCHANG,IPCALAB,IPCL,IPRINGS,ISMT,ISPAT,ITC,ITI,ITWSIGNO,J&KBANK,JAICORPLTD,JBCHEPHARM,JBMA,JETAIRWAYS,JINDALPHOT,JINDALPOLY,JINDALSAW,JINDALSTEL,JISLJALEQS,JKCEMENT,JKTYRE,JPASSOCIAT,JSL,JUBLINGRY,JYOTISTRUC,KAJARIACER,KANSAINER,KARURVYSYA,KCP,KINETIC,KMSUGAR,KOHINOOR,KOPRAN,KOTAKBANK,KPEL,KRISHNA,KRL,KSB,KTKBANK,LAKSHMI,LGBBROSLTD,LICHSGFIN,LINDEINDIA,LT,LUPIN,M& M,M&M,MAARS,MADURA,MAFATIND,MAHABANK,MAHSCOOTER,MAHSEAMLES,MALWA,MARALOVER,MARICO,MARUTI,MASTEK,MATRIX,MAXIND,MCDOWELL,MERCATOR,MERCK,MERIND,MFSL,MICRO,MIRZAINT,MODIXEROX,MOREPENLAB,MOTHERSON,MOTHERSUMI,MPHASIS,MRF,MRPL,MTNL,MUKTAARTS,MUNJALAU,MUNJALSHOW,NAGARFERT,NAHAR,NAHARPOLY,NAHARSPING,NATCOPHARM,NATIONAL,NATIONALUM,NAVA,NAVNETED,NCC,NDTV,NEPC,NESTLEIND,NETWORK18,NILKAMAL,NIRMA,NITCO,NLCINDIA,NTPC,OBC,OFSS,OIL,OILCOUNTUB,OLECTRA,OMAXAUTO,ONGC,ONIDA,ORIENTHOT,ORIENTPPR,OSWALAGRO,PATANJALI,PATNI,PATSPIN,PCBL,PDMJEPAPER,PEL,PENTAFOUR,PENTAMEDIA,PETRONET,PFIZER,PGHL,PHIL,PHILIPS,PHOENIX,PIDILITIND,PNB,POONAWALLA,PRAJIND,PRAKASH,PRECISION,PREMIERENE,PSIDATA,PTC,PUDUMJEE,PUNJABCHEM,PUNJTRACT,RAASI,RAIN,RAINCALCI,RAJESHEXPO,RALLIS,RAMANEWS,RAMCOCEM,RAMCOIND,RANBAXY,RAYMOND,RCF,RECKITT,RECRON,RELCAPITAL,RELIANCE,RELINFRA,RHONE,RICOAUTO,RIIL,RKFORGE,ROLTA,ROYAL,RPGTRANS,RSWM,RUCHISOYA,RUSHIL,SAIL,SALORA,SALSTEEL,SAMTEL,SANGHI,SANOFI,SAREGAMA,SATYAM,SBIN,SCHAEFFLER,SCHENECT,SCI,SCILAL,SDREAMS,SESASTERL,SESHAPAPER,SHANTHIGEAR,SHAWWALLA,SHREECEM,SHRENUJ,SHRIRAMFIN,SHYAMTEL,SIEMENS,SIL,SIMPLEXINF,SKFINDIA,SMLISUZU,SONACOMS,SONATSOFTW,SOUTHBANK,SPARC,SPLPETRO,SRF,STAR,STATE,STERLINBIO,STERLITE,STYROLUT,SUNCLAY,SUNDARMFIN,SUNDRMFAST,SUNPHARMA,SUPREMEIND,SUVEN,TAMIL,TATACHEM,TATACOMM,TATACONSUM,TATAELXSI,TATAINVEST,TATAMETAL,TATAMOTORS,TATAPOWER,TATASPONGE,TATASTEEL,TCS,TECH,TFCI,THERMAX,THIRU,THOMASCOOK,TIINDIA,TIMEX,TIMKEN,TIPSIND,TITAN,TNPETRO,TODAYS,TORNTPHARM,TORNTPOWER,TRANSPEK,TRENT,TRIDENT,TRIGYN,TTKPRESTIG,TVTODAY,UBL,UCALFUEL,UFLEX,ULTRACEMCO,UNICHEMLAB,UNIONBANK,USHAFIN,USHAMART,UTTAM,VARDMNPOLY,VARUN,VESUVIUS,VHL,VIDEOCON,VINDHYATEL,VIRAL,VISHAL,VOLTAS,VTL,WELENT,WIDIA,WIMCO,WINDMACH,WINSOME,WIPRO,WOOLWORTH,WSTCSTPAPR,WYETH,ZANDU,ZEEL,ZENSARTECH,ZUARI"
2006-02-08,Nifty500,BLKASHYAP,RAMANEWS,"3MINDIA,63MOONS,AARTIIND,ABANOFFSH,ABB,ABBOTINDIA,ABREL,ACC,ACCELYA,ADANIENT,ADOR,AGCNETWO,AGUL,AKZOINDIA,ALEMBICLTD,ALFALAVAL,ALSTOMT&D,ALTOS,AMBALAL,AMBUJACEM,ANDHRAVALY,APARINDS,APOLLOHOSP,APOLLOTYRE,APPAPER,APPLE,APTECHT,ARCHIES,ARVIND,ASAHIINDIA,ASHOKLEY,ASIANHOTNR,ASIANPAINT,ASTRAZENCA,ATLASCYCLE,ATUL,ATULAUTO,AUTOAXLES,AVERY,AXISBANK,AZTECSOFT,BAJAJ,BAJAJ-AUTO,BAJAJHIND,BAJFINANCE,BALAJI,BALAJITELE,BALMLAWRIE,BALRAMCHIN,BANARISUG,BANKBARODA,BANKINDIA,BASF,BATAINDIA,BBTC,BEL,BEML,BERGEPAINT,BHADRACH,BHARATFORG,BHARTIARTL,BHEL,BHUSHANSTL,BI,BIOCON,BIRLACORPN,BIRLAMONEY,BLKASHYAP,BLOWPLAST,BLUEDART,BLUESTARCO,BOMDYEING,BOSCH-HCIL,BOSCHLTD,BPCL,BRABOURNE,BRITANNIA,BSOFT,CABLE,CADBURY,CANBK,CANFINHOME,CAPRIHANS,CASTROLIND,CCL,CEATLTD,CENTENKA,CENTURYTEX,CESC,CGPOWER,CHAMBLFERT,CHEMINOR,CHEMPLASTS,CHENNPETRO,CHETTINAD,CHOLAFIN,CHOLAHLDNG,CIPLA,CLARIANT,CMC,COFORGE,COLPAL,CONCOR,COROMANDEL,COSMO,CRISIL,CUB,CUMMINSIND,CYBERTECH,DABUR,DAEWOO,DCAL,DCLPOLYE,DCW,DEEPAKFERT,DEN,DHAMPURSUG,DHANBANK,DICIND,DIGJAMLMTD,DRREDDY,DSQSOFTW,EICHERMOT,EIDPARRY,EIHOTEL,ELCIDIN,ELECON,ELECTCAST,ELECTREX,ELGIEQUIP,ELGIRUBCO,ENGINERSIN,ESABINDIA,ESCORTS,ESSEL,EXCELINDUS,EXIDEIND,FACT,FAGBEARI,FDC,FEDERALBNK,FINCABLES,FLUOROCHEM,FMGOETZE,FORBES,FOSECOIND,FULFORD,GAEL,GAIL,GANESHBE,GARDEN,GESHIP,GHCL,GILLETTE,GKNDRIVE,GLAXO,GLENMARK,GLFL,GMDCLTD,GNFC,GODFRYPHLP,GODREJCP,GODREJIND,GOKEX,GOLDENTOBC,GOODRICKE,GOODYEAR,GRAPHITE,GRASIM,GREAVESCOT,GRINDWELL,GSFC,GSKCONS,GSPL,GTL,GUJALKALI,GUJGASLTD,GUJNRECOKE,GVT&D,HAMCO,HARRMALAYA,HAVELLS,HCC,HCL-INSYS,HCLTECH,HDFC,HDFCBANK,HEALTHCARE,HEG,HEIDELBERG,HERBERTS,HERITGFOOD,HEROMOTOCO,HEXT,HIKAL,HIMACHAL,HIMATSEIDE,HINDALCO,HINDOILEXP,HINDPETRO,HINDSYNTEX,HINDUJA,HINDUNILVR,HINDUSTAN,HINDZINC,HITECHCORP,HMT,HOGANAS,HONAUT,HOTEL,HSBCINVES,HTMEDIA,IBP,ICICIBANK,IFBIND,IFCI,IGATE,IGL,IGPL,INDHOTEL,INDIACEM,INDIAGLYCO,INDIANCARD,INDOGULF,INDORAMA,INDUSINDBK,INFOMEDIA,INFY,INGERRAND,INSILCO,INTERNAT,IOB,IOC,IONEXCHANG,IPCALAB,IPCL,IPRINGS,ISMT,ISPAT,ITC,ITI,ITWSIGNO,J&KBANK,JAICORPLTD,JBCHEPHARM,JBMA,JETAIRWAYS,JINDALPHOT,JINDALPOLY,JINDALSAW,JINDALSTEL,JISLJALEQS,JKCEMENT,JKTYRE,JPASSOCIAT,JSL,JUBLINGRY,JYOTISTRUC,KAJARIACER,KANSAINER,KARURVYSYA,KCP,KINETIC,KMSUGAR,KOHINOOR,KOPRAN,KOTAKBANK,KPEL,KRISHNA,KRL,KSB,KTKBANK,LAKSHMI,LGBBROSLTD,LICHSGFIN,LINDEINDIA,LT,LUPIN,M& M,M&M,MAARS,MADURA,MAFATIND,MAHABANK,MAHSCOOTER,MAHSEAMLES,MALWA,MARALOVER,MARICO,MARUTI,MASTEK,MATRIX,MAXIND,MCDOWELL,MERCATOR,MERCK,MERIND,MFSL,MICRO,MIRZAINT,MODIXEROX,MOREPENLAB,MOTHERSON,MOTHERSUMI,MPHASIS,MRF,MRPL,MTNL,MUKTAARTS,MUNJALAU,MUNJALSHOW,NAGARFERT,NAHAR,NAHARPOLY,NAHARSPING,NATCOPHARM,NATIONAL,NATIONALUM,NAVA,NAVNETED,NCC,NDTV,NEPC,NESTLEIND,NETWORK18,NILKAMAL,NIRMA,NITCO,NLCINDIA,NTPC,OBC,OFSS,OIL,OILCOUNTUB,OLECTRA,OMAXAUTO,ONGC,ONIDA,ORIENTHOT,ORIENTPPR,OSWALAGRO,PATANJALI,PATNI,PATSPIN,PCBL,PDMJEPAPER,PEL,PENTAFOUR,PENTAMEDIA,PETRONET,PFIZER,PGHL,PHIL,PHILIPS,PHOENIX,PIDILITIND,PNB,POONAWALLA,PRAJIND,PRAKASH,PRECISION,PREMIERENE,PSIDATA,PTC,PUDUMJEE,PUNJABCHEM,PUNJTRACT,RAASI,RAIN,RAINCALCI,RAJESHEXPO,RALLIS,RAMCOCEM,RAMCOIND,RANBAXY,RAYMOND,RCF,RECKITT,RECRON,RELCAPITAL,RELIANCE,RELINFRA,RHONE,RICOAUTO,RIIL,RKFORGE,ROLTA,ROYAL,RPGTRANS,RSWM,RUCHISOYA,RUSHIL,SAIL,SALORA,SALSTEEL,SAMTEL,SANGHI,SANOFI,SAREGAMA,SATYAM,SBIN,SCHAEFFLER,SCHENECT,SCI,SCILAL,SDREAMS,SESASTERL,SESHAPAPER,SHANTHIGEAR,SHAWWALLA,SHREECEM,SHRENUJ,SHRIRAMFIN,SHYAMTEL,SIEMENS,SIL,SIMPLEXINF,SKFINDIA,SMLISUZU,SONACOMS,SONATSOFTW,SOUTHBANK,SPARC,SPLPETRO,SRF,STAR,STATE,STERLINBIO,STERLITE,STYROLUT,SUNCLAY,SUNDARMFIN,SUNDRMFAST,SUNPHARMA,SUPREMEIND,SUVEN,TAMIL,TATACHEM,TATACOMM,TATACONSUM,TATAELXSI,TATAINVEST,TATAMETAL,TATAMOTORS,TATAPOWER,TATASPONGE,TATASTEEL,TCS,TECH,TFCI,THERMAX,THIRU,THOMASCOOK,TIINDIA,TIMEX,TIMKEN,TIPSIND,TITAN,TNPETRO,TODAYS,TORNTPHARM,TORNTPOWER,TRANSPEK,TRENT,TRIDENT,TRIGYN,TTKPRESTIG,TVTODAY,UBL,UCALFUEL,UFLEX,ULTRACEMCO,UNICHEMLAB,UNIONBANK,USHAFIN,USHAMART,UTTAM,VARDMNPOLY,VARUN,VESUVIUS,VHL,VIDEOCON,VINDHYATEL,VIRAL,VISHAL,VOLTAS,VTL,WELENT,WIDIA,WIMCO,WINDMACH,WINSOME,WIPRO,WOOLWORTH,WSTCSTPAPR,WYETH,ZANDU,ZEEL,ZENSARTECH,ZUARI"
2006-03-02,Nifty500,IDFCFIRSTB,FSS,"3MINDIA,63MOONS,AARTIIND,ABANOFFSH,ABB,ABBOTINDIA,ABREL,ACC,ACCELYA,ADANIENT,ADOR,AGCNETWO,AGUL,AKZOINDIA,ALEMBICLTD,ALFALAVAL,ALSTOMT&D,ALTOS,AMBALAL,AMBUJACEM,ANDHRAVALY,APARINDS,APOLLOHOSP,APOLLOTYRE,APPAPER,APPLE,APTECHT,ARCHIES,ARVIND,ASAHIINDIA,ASHOKLEY,ASIANHOTNR,ASIANPAINT,ASTRAZENCA,ATLASCYCLE,ATUL,ATULAUTO,AUTOAXLES,AVERY,AXISBANK,AZTECSOFT,BAJAJ,BAJAJ-AUTO,BAJAJHIND,BAJFINANCE,BALAJI,BALAJITELE,BALMLAWRIE,BALRAMCHIN,BANARISUG,BANKBARODA,BANKINDIA,BASF,BATAINDIA,BBTC,BEL,BEML,BERGEPAINT,BHADRACH,BHARATFORG,BHARTIARTL,BHEL,BHUSHANSTL,BI,BIOCON,BIRLACORPN,BIRLAMONEY,BLKASHYAP,BLOWPLAST,BLUEDART,BLUESTARCO,BOMDYEING,BOSCH-HCIL,BOSCHLTD,BPCL,BRABOURNE,BRITANNIA,BSOFT,CABLE,CADBURY,CANBK,CANFINHOME,CAPRIHANS,CASTROLIND,CCL,CEATLTD,CENTENKA,CENTURYTEX,CESC,CGPOWER,CHAMBLFERT,CHEMINOR,CHEMPLASTS,CHENNPETRO,CHETTINAD,CHOLAFIN,CHOLAHLDNG,CIPLA,CLARIANT,CMC,COFORGE,COLPAL,CONCOR,COROMANDEL,COSMO,CRISIL,CUB,CUMMINSIND,CYBERTECH,DABUR,DAEWOO,DCAL,DCLPOLYE,DCW,DEEPAKFERT,DEN,DHAMPURSUG,DHANBANK,DICIND,DIGJAMLMTD,DRREDDY,DSQSOFTW,EICHERMOT,EIDPARRY,EIHOTEL,ELCIDIN,ELECON,ELECTCAST,ELECTREX,ELGIEQUIP,ELGIRUBCO,ENGINERSIN,ESABINDIA,ESCORTS,ESSEL,EXCELINDUS,EXIDEIND,FACT,FAGBEARI,FDC,FEDERALBNK,FINCABLES,FLUOROCHEM,FMGOETZE,FORBES,FOSECOIND,FULFORD,GAEL,GAIL,GANESHBE,GARDEN,GESHIP,GHCL,GILLETTE,GKNDRIVE,GLAXO,GLENMARK,GLFL,GMDCLTD,GNFC,GODFRYPHLP,GODREJCP,GODREJIND,GOKEX,GOLDENTOBC,GOODRICKE,GOODYEAR,GRAPHITE,GRASIM,GREAVESCOT,GRINDWELL,GSFC,GSKCONS,GSPL,GTL,GUJALKALI,GUJGASLTD,GUJNRECOKE,GVT&D,HAMCO,HARRMALAYA,HAVELLS,HCC,HCL-INSYS,HCLTECH,HDFC,HDFCBANK,HEALTHCARE,HEG,HEIDELBERG,HERBERTS,HERITGFOOD,HEROMOTOCO,HEXT,HIKAL,HIMACHAL,HIMATSEIDE,HINDALCO,HINDOILEXP,HINDPETRO,HINDSYNTEX,HINDUJA,HINDUNILVR,HINDUSTAN,HINDZINC,HITECHCORP,HMT,HOGANAS,HONAUT,HOTEL,HSBCINVES,HTMEDIA,IBP,ICICIBANK,IDFCFIRSTB,IFBIND,IFCI,IGATE,IGL,IGPL,INDHOTEL,INDIACEM,INDIAGLYCO,INDIANCARD,INDOGULF,INDORAMA,INDUSINDBK,INFOMEDIA,INFY,INGERRAND,INSILCO,INTERNAT,IOB,IOC,IONEXCHANG,IPCALAB,IPCL,IPRINGS,ISMT,ISPAT,ITC,ITI,ITWSIGNO,J&KBANK,JAICORPLTD,JBCHEPHARM,JBMA,JETAIRWAYS,JINDALPHOT,JINDALPOLY,JINDALSAW,JINDALSTEL,JISLJALEQS,JKCEMENT,JKTYRE,JPASSOCIAT,JSL,JUBLINGRY,JYOTISTRUC,KAJARIACER,KANSAINER,KARURVYSYA,KCP,KINETIC,KMSUGAR,KOHINOOR,KOPRAN,KOTAKBANK,KPEL,KRISHNA,KRL,KSB,KTKBANK,LAKSHMI,LGBBROSLTD,LICHSGFIN,LINDEINDIA,LT,LUPIN,M& M,M&M,MAARS,MADURA,MAFATIND,MAHABANK,MAHSCOOTER,MAHSEAMLES,MALWA,MARALOVER,MARICO,MARUTI,MASTEK,MATRIX,MAXIND,MCDOWELL,MERCATOR,MERCK,MERIND,MFSL,MICRO,MIRZAINT,MODIXEROX,MOREPENLAB,MOTHERSON,MOTHERSUMI,MPHASIS,MRF,MRPL,MTNL,MUKTAARTS,MUNJALAU,MUNJALSHOW,NAGARFERT,NAHAR,NAHARPOLY,NAHARSPING,NATCOPHARM,NATIONAL,NATIONALUM,NAVA,NAVNETED,NCC,NDTV,NEPC,NESTLEIND,NETWORK18,NILKAMAL,NIRMA,NITCO,NLCINDIA,NTPC,OBC,OFSS,OIL,OILCOUNTUB,OLECTRA,OMAXAUTO,ONGC,ONIDA,ORIENTHOT,ORIENTPPR,OSWALAGRO,PATANJALI,PATNI,PATSPIN,PCBL,PDMJEPAPER,PEL,PENTAFOUR,PENTAMEDIA,PETRONET,PFIZER,PGHL,PHIL,PHILIPS,PHOENIX,PIDILITIND,PNB,POONAWALLA,PRAJIND,PRAKASH,PREMIERENE,PSIDATA,PTC,PUDUMJEE,PUNJABCHEM,PUNJTRACT,RAASI,RAIN,RAINCALCI,RAJESHEXPO,RALLIS,RAMCOCEM,RAMCOIND,RANBAXY,RAYMOND,RCF,RECKITT,RECRON,RELCAPITAL,RELIANCE,RELINFRA,RHONE,RICOAUTO,RIIL,RKFORGE,ROLTA,ROYAL,RPGTRANS,RSWM,RUCHISOYA,RUSHIL,SAIL,SALORA,SALSTEEL,SAMTEL,SANGHI,SANOFI,SAREGAMA,SATYAM,SBIN,SCHAEFFLER,SCHENECT,SCI,SCILAL,SDREAMS,SESASTERL,SESHAPAPER,SHANTHIGEAR,SHAWWALLA,SHREECEM,SHRENUJ,SHRIRAMFIN,SHYAMTEL,SIEMENS,SIL,SIMPLEXINF,SKFINDIA,SMLISUZU,SONACOMS,SONATSOFTW,SOUTHBANK,SPARC,SPLPETRO,SRF,STAR,STATE,STERLINBIO,STERLITE,STYROLUT,SUNCLAY,SUNDARMFIN,SUNDRMFAST,SUNPHARMA,SUPREMEIND,SUVEN,TAMIL,TATACHEM,TATACOMM,TATACONSUM,TATAELXSI,TATAINVEST,TATAMETAL,TATAMOTORS,TATAPOWER,TATASPONGE,TATASTEEL,TCS,TECH,TFCI,THERMAX,THIRU,THOMASCOOK,TIINDIA,TIMEX,TIMKEN,TIPSIND,TITAN,TNPETRO,TODAYS,TORNTPHARM,TORNTPOWER,TRANSPEK,TRENT,TRIDENT,TRIGYN,TTKPRESTIG,TVTODAY,UBL,UCALFUEL,UFLEX,ULTRACEMCO,UNICHEMLAB,UNIONBANK,USHAFIN,USHAMART,UTTAM,VARDMNPOLY,VARUN,VESUVIUS,VHL,VIDEOCON,VINDHYATEL,VIRAL,VISHAL,VOLTAS,VTL,WELENT,WIDIA,WIMCO,WINDMACH,WINSOME,WIPRO,WOOLWORTH,WSTCSTPAPR,WYETH,ZANDU,ZEEL,ZENSARTECH,ZUARI"
2006-05-10,Nifty500,"WELENT,M&M","J&KBANK,CENTRAL","3MINDIA,63MOONS,AARTIIND,ABANOFFSH,ABB,ABBOTINDIA,ABREL,ACC,ACCELYA,ADANIENT,ADOR,AGCNETWO,AGUL,AKZOINDIA,ALEMBICLTD,ALFALAVAL,ALSTOMT&D,ALTOS,AMBALAL,AMBUJACEM,ANDHRAVALY,APARINDS,APOLLOHOSP,APOLLOTYRE,APPAPER,APPLE,APTECHT,ARCHIES,ARVIND,ASAHIINDIA,ASHOKLEY,ASIANHOTNR,ASIANPAINT,ASTRAZENCA,ATLASCYCLE,ATUL,ATULAUTO,AUTOAXLES,AVERY,AXISBANK,AZTECSOFT,BAJAJ,BAJAJ-AUTO,BAJAJHIND,BAJFINANCE,BALAJI,BALAJITELE,BALMLAWRIE,BALRAMCHIN,BANARISUG,BANKBARODA,BANKINDIA,BASF,BATAINDIA,BBTC,BEL,BEML,BERGEPAINT,BHADRACH,BHARATFORG,BHARTIARTL,BHEL,BHUSHANSTL,BI,BIOCON,BIRLACORPN,BIRLAMONEY,BLKASHYAP,BLOWPLAST,BLUEDART,BLUESTARCO,BOMDYEING,BOSCH-HCIL,BOSCHLTD,BPCL,BRABOURNE,BRITANNIA,BSOFT,CABLE,CADBURY,CANBK,CANFINHOME,CAPRIHANS,CASTROLIND,CCL,CEATLTD,CENTENKA,CENTURYTEX,CESC,CGPOWER,CHAMBLFERT,CHEMINOR,CHEMPLASTS,CHENNPETRO,CHETTINAD,CHOLAFIN,CHOLAHLDNG,CIPLA,CLARIANT,CMC,COFORGE,COLPAL,CONCOR,COROMANDEL,COSMO,CRISIL,CUB,CUMMINSIND,CYBERTECH,DABUR,DAEWOO,DCAL,DCLPOLYE,DCW,DEEPAKFERT,DEN,DHAMPURSUG,DHANBANK,DICIND,DIGJAMLMTD,DRREDDY,DSQSOFTW,EICHERMOT,EIDPARRY,EIHOTEL,ELCIDIN,ELECON,ELECTCAST,ELECTREX,ELGIEQUIP,ELGIRUBCO,ENGINERSIN,ESABINDIA,ESCORTS,ESSEL,EXCELINDUS,EXIDEIND,FACT,FAGBEARI,FDC,FEDERALBNK,FINCABLES,FLUOROCHEM,FMGOETZE,FORBES,FOSECOIND,FULFORD,GAEL,GAIL,GANESHBE,GARDEN,GESHIP,GHCL,GILLETTE,GKNDRIVE,GLAXO,GLENMARK,GLFL,GMDCLTD,GNFC,GODFRYPHLP,GODREJCP,GODREJIND,GOKEX,GOLDENTOBC,GOODRICKE,GOODYEAR,GRAPHITE,GRASIM,GREAVESCOT,GRINDWELL,GSFC,GSKCONS,GSPL,GTL,GUJALKALI,GUJGASLTD,GUJNRECOKE,GVT&D,HAMCO,HARRMALAYA,HAVELLS,HCC,HCL-INSYS,HCLTECH,HDFC,HDFCBANK,HEALTHCARE,HEG,HEIDELBERG,HERBERTS,HERITGFOOD,HEROMOTOCO,HEXT,HIKAL,HIMACHAL,HIMATSEIDE,HINDALCO,HINDOILEXP,HINDPETRO,HINDSYNTEX,HINDUJA,HINDUNILVR,HINDUSTAN,HINDZINC,HITECHCORP,HMT,HOGANAS,HONAUT,HOTEL,HSBCINVES,HTMEDIA,IBP,ICICIBANK,IDBI,IDFCFIRSTB,IFBIND,IFCI,IGATE,IGL,IGPL,INDHOTEL,INDIACEM,INDIAGLYCO,INDIANCARD,INDOGULF,INDORAMA,INDUSINDBK,INFOMEDIA,INFY,INGERRAND,INSILCO,INTERNAT,IOB,IOC,IONEXCHANG,IPCALAB,IPCL,IPRINGS,ISMT,ISPAT,ITC,ITI,ITWSIGNO,JAICORPLTD,JBCHEPHARM,JBMA,JETAIRWAYS,JINDALPHOT,JINDALPOLY,JINDALSAW,JINDALSTEL,JISLJALEQS,JKCEMENT,JKTYRE,JPASSOCIAT,JSL,JUBLINGRY,JYOTISTRUC,KAJARIACER,KANSAINER,KARURVYSYA,KCP,KINETIC,KMSUGAR,KOHINOOR,KOPRAN,KOTAKBANK,KPEL,KRISHNA,KRL,KSB,KTKBANK,LAKSHMI,LGBBROSLTD,LICHSGFIN,LINDEINDIA,LT,LUPIN,M& M,M&M,MAARS,MADURA,MAFATIND,MAHABANK,MAHSCOOTER,MAHSEAMLES,MALWA,MARALOVER,MARICO,MARUTI,MASTEK,MATRIX,MAXIND,MCDOWELL,MERCATOR,MERCK,MERIND,MFSL,MICRO,MIRZAINT,MODIXEROX,MOREPENLAB,MOTHERSON,MOTHERSUMI,MPHASIS,MRF,MRPL,MTNL,MUKTAARTS,MUNJALAU,MUNJALSHOW,NAGARFERT,NAHAR,NAHARPOLY,NAHARSPING,NATCOPHARM,NATIONAL,NATIONALUM,NAVA,NAVNETED,NCC,NDTV,NEPC,NESTLEIND,NETWORK18,NILKAMAL,NIRMA,NITCO,NLCINDIA,NTPC,OBC,OFSS,OIL,OILCOUNTUB,OLECTRA,OMAXAUTO,ONGC,ONIDA,ORIENTHOT,ORIENTPPR,OSWALAGRO,PATANJALI,PATNI,PATSPIN,PCBL,PDMJEPAPER,PEL,PENTAFOUR,PENTAMEDIA,PETRONET,PFIZER,PGHL,PHIL,PHILIPS,PHOENIX,PIDILITIND,PNB,POONAWALLA,PRAJIND,PRAKASH,PREMIERENE,PSIDATA,PTC,PUDUMJEE,PUNJABCHEM,PUNJTRACT,RAASI,RAIN,RAINCALCI,RAJESHEXPO,RALLIS,RAMCOCEM,RAMCOIND,RANBAXY,RAYMOND,RCF,RECKITT,RECRON,RELCAPITAL,RELIANCE,RELINFRA,RHONE,RICOAUTO,RIIL,RKFORGE,ROLTA,ROYAL,RPGTRANS,RSWM,RUCHISOYA,RUSHIL,SAIL,SALORA,SALSTEEL,SAMTEL,SANGHI,SANOFI,SAREGAMA,SATYAM,SBIN,SCHAEFFLER,SCHENECT,SCI,SCILAL,SDREAMS,SESASTERL,SESHAPAPER,SHANTHIGEAR,SHAWWALLA,SHREECEM,SHRENUJ,SHRIRAMFIN,SHYAMTEL,SIEMENS,SIL,SIMPLEXINF,SKFINDIA,SMLISUZU,SONACOMS,SONATSOFTW,SOUTHBANK,SPARC,SPLPETRO,SRF,STAR,STATE,STERLINBIO,STERLITE,STYROLUT,SUNCLAY,SUNDARMFIN,SUNDRMFAST,SUNPHARMA,SUPREMEIND,SUVEN,TAMIL,TATACHEM,TATACOMM,TATACONSUM,TATAELXSI,TATAINVEST,TATAMETAL,TATAMOTORS,TATAPOWER,TATASPONGE,TATASTEEL,TCS,TECH,TFCI,THERMAX,THIRU,THOMASCOOK,TIINDIA,TIMEX,TIMKEN,TIPSIND,TITAN,TNPETRO,TODAYS,TORNTPHARM,TORNTPOWER,TRANSPEK,TRENT,TRIDENT,TRIGYN,TTKPRESTIG,TVTODAY,UBL,UCALFUEL,UFLEX,ULTRACEMCO,UNICHEMLAB,UNIONBANK,USHAFIN,USHAMART,UTTAM,VARDMNPOLY,VARUN,VESUVIUS,VHL,VIDEOCON,VINDHYATEL,VIRAL,VISHAL,VOLTAS,VTL,WELENT,WIDIA,WIMCO,WINDMACH,WINSOME,WIPRO,WOOLWORTH,WSTCSTPAPR,WYETH,ZANDU,ZEEL,ZENSARTECH,ZUARI"
2006-06-01,Nifty500,SHOPERSTOP,VIDEOCON,"3MINDIA,63MOONS,AARTIIND,ABANOFFSH,ABB,ABBOTINDIA,ABREL,ACC,ACCELYA,ADANIENT,ADOR,AGCNETWO,AGUL,AKZOINDIA,ALEMBICLTD,ALFALAVAL,ALSTOMT&D,ALTOS,AMBALAL,AMBUJACEM,ANDHRAVALY,APARINDS,APOLLOHOSP,APOLLOTYRE,APPAPER,APPLE,APTECHT,ARCHIES,ARVIND,ASAHIINDIA,ASHOKLEY,ASIANHOTNR,ASIANPAINT,ASTRAZENCA,ATLASCYCLE,ATUL,ATULAUTO,AUTOAXLES,AVERY,AXISBANK,AZTECSOFT,BAJAJ,BAJAJ-AUTO,BAJAJHIND,BAJFINANCE,BALAJI,BALAJITELE,BALMLAWRIE,BALRAMCHIN,BANARISUG,BANKBARODA,BANKINDIA,BASF,BATAINDIA,BBTC,BEL,BEML,BERGEPAINT,BHADRACH,BHARATFORG,BHARTIARTL,BHEL,BHUSHANSTL,BI,BIOCON,BIRLACORPN,BIRLAMONEY,BLKASHYAP,BLOWPLAST,BLUEDART,BLUESTARCO,BOMDYEING,BOSCH-HCIL,BOSCHLTD,BPCL,BRABOURNE,BRITANNIA,BSOFT,CABLE,CADBURY,CANBK,CANFINHOME,CAPRIHANS,CASTROLIND,CCL,CEATLTD,CENTENKA,CENTURYTEX,CESC,CGPOWER,CHAMBLFERT,CHEMINOR,CHEMPLASTS,CHENNPETRO,CHETTINAD,CHOLAFIN,CHOLAHLDNG,CIPLA,CLARIANT,CMC,COFORGE,COLPAL,CONCOR,COROMANDEL,COSMO,CRISIL,CUB,CUMMINSIND,CYBERTECH,DABUR,DAEWOO,DCAL,DCLPOLYE,DCW,DEEPAKFERT,DEN,DHAMPURSUG,DHANBANK,DICIND,DIGJAMLMTD,DRREDDY,DSQSOFTW,EICHERMOT,EIDPARRY,EIHOTEL,ELCIDIN,ELECON,ELECTCAST,ELECTREX,ELGIEQUIP,ELGIRUBCO,ENGINERSIN,ESABINDIA,ESCORTS,ESSEL,EXCELINDUS,EXIDEIND,FACT,FAGBEARI,FDC,FEDERALBNK,FINCABLES,FLUOROCHEM,FMGOETZE,FORBES,FOSECOIND,FULFORD,GAEL,GAIL,GANESHBE,GARDEN,GESHIP,GHCL,GILLETTE,GKNDRIVE,GLAXO,GLENMARK,GLFL,GMDCLTD,GNFC,GODFRYPHLP,GODREJCP,GODREJIND,GOKEX,GOLDENTOBC,GOODRICKE,GOODYEAR,GRAPHITE,GRASIM,GREAVESCOT,GRINDWELL,GSFC,GSKCONS,GSPL,GTL,GUJALKALI,GUJGASLTD,GUJNRECOKE,GVT&D,HAMCO,HARRMALAYA,HAVELLS,HCC,HCL-INSYS,HCLTECH,HDFC,HDFCBANK,HEALTHCARE,HEG,HEIDELBERG,HERBERTS,HERITGFOOD,HEROMOTOCO,HEXT,HIKAL,HIMACHAL,HIMATSEIDE,HINDALCO,HINDOILEXP,HINDPETRO,HINDSYNTEX,HINDUJA,HINDUNILVR,HINDUSTAN,HINDZINC,HITECHCORP,HMT,HOGANAS,HONAUT,HOTEL,HSBCINVES,HTMEDIA,IBP,ICICIBANK,IDBI,IDFCFIRSTB,IFBIND,IFCI,IGATE,IGL,IGPL,INDHOTEL,INDIACEM,INDIAGLYCO,INDIANCARD,INDOGULF,INDORAMA,INDUSINDBK,INFOMEDIA,INFY,INGERRAND,INSILCO,INTERNAT,IOB,IOC,IONEXCHANG,IPCALAB,IPCL,IPRINGS,ISMT,ISPAT,ITC,ITI,ITWSIGNO,JAICORPLTD,JBCHEPHARM,JBMA,JETAIRWAYS,JINDALPHOT,JINDALPOLY,JINDALSAW,JINDALSTEL,JISLJALEQS,JKCEMENT,JKTYRE,JPASSOCIAT,JSL,JUBLINGRY,JYOTISTRUC,KAJARIACER,KANSAINER,KARURVYSYA,KCP,KINETIC,KMSUGAR,KOHINOOR,KOPRAN,KOTAKBANK,KPEL,KRISHNA,KRL,KSB,KTKBANK,LAKSHMI,LGBBROSLTD,LICHSGFIN,LINDEINDIA,LT,LUPIN,M& M,M&M,MAARS,MADURA,MAFATIND,MAHABANK,MAHSCOOTER,MAHSEAMLES,MALWA,MARALOVER,MARICO,MARUTI,MASTEK,MATRIX,MAXIND,MCDOWELL,MERCATOR,MERCK,MERIND,MFSL,MICRO,MIRZAINT,MODIXEROX,MOREPENLAB,MOTHERSON,MOTHERSUMI,MPHASIS,MRF,MRPL,MTNL,MUKTAARTS,MUNJALAU,MUNJALSHOW,NAGARFERT,NAHAR,NAHARPOLY,NAHARSPING,NATCOPHARM,NATIONAL,NATIONALUM,NAVA,NAVNETED,NCC,NDTV,NEPC,NESTLEIND,NETWORK18,NILKAMAL,NIRMA,NITCO,NLCINDIA,NTPC,OBC,OFSS,OIL,OILCOUNTUB,OLECTRA,OMAXAUTO,ONGC,ONIDA,ORIENTHOT,ORIENTPPR,OSWALAGRO,PATANJALI,PATNI,PATSPIN,PCBL,PDMJEPAPER,PEL,PENTAFOUR,PENTAMEDIA,PETRONET,PFIZER,PGHL,PHIL,PHILIPS,PHOENIX,PIDILITIND,PNB,POONAWALLA,PRAJIND,PRAKASH,PREMIERENE,PSIDATA,PTC,PUDUMJEE,PUNJABCHEM,PUNJTRACT,RAASI,RAIN,RAINCALCI,RAJESHEXPO,RALLIS,RAMCOCEM,RAMCOIND,RANBAXY,RAYMOND,RCF,RECKITT,RECRON,RELCAPITAL,RELIANCE,RELINFRA,RHONE,RICOAUTO,RIIL,RKFORGE,ROLTA,ROYAL,RPGTRANS,RSWM,RUCHISOYA,RUSHIL,SAIL,SALORA,SALSTEEL,SAMTEL,SANGHI,SANOFI,SAREGAMA,SATYAM,SBIN,SCHAEFFLER,SCHENECT,SCI,SCILAL,SDREAMS,SESASTERL,SESHAPAPER,SHANTHIGEAR,SHAWWALLA,SHOPERSTOP,SHREECEM,SHRENUJ,SHRIRAMFIN,SHYAMTEL,SIEMENS,SIL,SIMPLEXINF,SKFINDIA,SMLISUZU,SONACOMS,SONATSOFTW,SOUTHBANK,SPARC,SPLPETRO,SRF,STAR,STATE,STERLINBIO,STERLITE,STYROLUT,SUNCLAY,SUNDARMFIN,SUNDRMFAST,SUNPHARMA,SUPREMEIND,SUVEN,TAMIL,TATACHEM,TATACOMM,TATACONSUM,TATAELXSI,TATAINVEST,TATAMETAL,TATAMOTORS,TATAPOWER,TATASPONGE,TATASTEEL,TCS,TECH,TFCI,THERMAX,THIRU,THOMASCOOK,TIINDIA,TIMEX,TIMKEN,TIPSIND,TITAN,TNPETRO,TODAYS,TORNTPHARM,TORNTPOWER,TRANSPEK,TRENT,TRIDENT,TRIGYN,TTKPRESTIG,TVTODAY,UBL,UCALFUEL,UFLEX,ULTRACEMCO,UNICHEMLAB,UNIONBANK,USHAFIN,USHAMART,UTTAM,VARDMNPOLY,VARUN,VESUVIUS,VHL,VINDHYATEL,VIRAL,VISHAL,VOLTAS,VTL,WELENT,WIDIA,WIMCO,WINDMACH,WINSOME,WIPRO,WOOLWORTH,WSTCSTPAPR,WYETH,ZANDU,ZEEL,ZENSARTECH,ZUARI"
2006-08-11,Nifty500,HGINFRA,GESHIP,"3MINDIA,63MOONS,AARTIIND,ABANOFFSH,ABB,ABBOTINDIA,ABREL,ACC,ACCELYA,ADANIENT,ADOR,AGCNETWO,AGUL,AKZOINDIA,ALEMBICLTD,ALFALAVAL,ALSTOMT&D,ALTOS,AMBALAL,AMBUJACEM,ANDHRAVALY,APARINDS,APOLLOHOSP,APOLLOTYRE,APPAPER,APPLE,APTECHT,ARCHIES,ARVIND,ASAHIINDIA,ASHOKLEY,ASIANHOTNR,ASIANPAINT,ASTRAZENCA,ATLASCYCLE,ATUL,ATULAUTO,AUTOAXLES,AVERY,AXISBANK,AZTECSOFT,BAJAJ,BAJAJ-AUTO,BAJAJHIND,BAJFINANCE,BALAJI,BALAJITELE,BALMLAWRIE,BALRAMCHIN,BANARISUG,BANKBARODA,BANKINDIA,BASF,BATAINDIA,BBTC,BEL,BEML,BERGEPAINT,BHADRACH,BHARATFORG,BHARTIARTL,BHEL,BHUSHANSTL,BI,BIOCON,BIRLACORPN,BIRLAMONEY,BLKASHYAP,BLOWPLAST,BLUEDART,BLUESTARCO,BOMDYEING,BOSCH-HCIL,BOSCHLTD,BPCL,BRABOURNE,BRITANNIA,BSOFT,CABLE,CADBURY,CANBK,CANFINHOME,CAPRIHANS,CASTROLIND,CCL,CEATLTD,CENTENKA,CENTURYTEX,CESC,CGPOWER,CHAMBLFERT,CHEMINOR,CHEMPLASTS,CHENNPETRO,CHETTINAD,CHOLAFIN,CHOLAHLDNG,CIPLA,CLARIANT,CMC,COFORGE,COLPAL,CONCOR,COROMANDEL,COSMO,CRISIL,CUB,CUMMINSIND,CYBERTECH,DABUR,DAEWOO,DCAL,DCLPOLYE,DCW,DEEPAKFERT,DEN,DHAMPURSUG,DHANBANK,DICIND,DIGJAMLMTD,DRREDDY,DSQSOFTW,EICHERMOT,EIDPARRY,EIHOTEL,ELCIDIN,ELECON,ELECTCAST,ELECTREX,ELGIEQUIP,ELGIRUBCO,ENGINERSIN,ESABINDIA,ESCORTS,ESSEL,EXCELINDUS,EXIDEIND,FACT,FAGBEARI,FDC,FEDERALBNK,FINCABLES,FLUOROCHEM,FMGOETZE,FORBES,FOSECOIND,FULFORD,GAEL,GAIL,GANESHBE,GARDEN,GHCL,GILLETTE,GKNDRIVE,GLAXO,GLENMARK,GLFL,GMDCLTD,GNFC,GODFRYPHLP,GODREJCP,GODREJIND,GOKEX,GOLDENTOBC,GOODRICKE,GOODYEAR,GRAPHITE,GRASIM,GREAVESCOT,GRINDWELL,GSFC,GSKCONS,GSPL,GTL,GUJALKALI,GUJGASLTD,GUJNRECOKE,GVT&D,HAMCO,HARRMALAYA,HAVELLS,HCC,HCL-INSYS,HCLTECH,HDFC,HDFCBANK,HEALTHCARE,HEG,HEIDELBERG,HERBERTS,HERITGFOOD,HEROMOTOCO,HEXT,HGINFRA,HIKAL,HIMACHAL,HIMATSEIDE,HINDALCO,HINDOILEXP,HINDPETRO,HINDSYNTEX,HINDUJA,HINDUNILVR,HINDUSTAN,HINDZINC,HITECHCORP,HMT,HOGANAS,HONAUT,HOTEL,HSBCINVES,HTMEDIA,IBP,ICICIBANK,IDBI,IDFCFIRSTB,IFBIND,IFCI,IGATE,IGL,IGPL,INDHOTEL,INDIACEM,INDIAGLYCO,INDIANCARD,INDOGULF,INDORAMA,INDUSINDBK,INFOMEDIA,INFY,INGERRAND,INSILCO,INTERNAT,IOB,IOC,IONEXCHANG,IPCALAB,IPCL,IPRINGS,ISMT,ISPAT,ITC,ITI,ITWSIGNO,JAICORPLTD,JBCHEPHARM,JBMA,JETAIRWAYS,JINDALPHOT,JINDALPOLY,JINDALSAW,JINDALSTEL,JISLJALEQS,JKCEMENT,JKTYRE,JPASSOCIAT,JSL,JUBLINGRY,JYOTISTRUC,KAJARIACER,KANSAINER,KARURVYSYA,KCP,KINETIC,KMSUGAR,KOHINOOR,KOPRAN,KOTAKBANK,KPEL,KRISHNA,KRL,KSB,KTKBANK,LAKSHMI,LGBBROSLTD,LICHSGFIN,LINDEINDIA,LT,LUPIN,M& M,M&M,MAARS,MADURA,MAFATIND,MAHABANK,MAHSCOOTER,MAHSEAMLES,MALWA,MARALOVER,MARICO,MARUTI,MASTEK,MATRIX,MAXIND,MCDOWELL,MERCATOR,MERCK,MERIND,MFSL,MICRO,MIRZAINT,MODIXEROX,MOREPENLAB,MOTHERSON,MOTHERSUMI,MPHASIS,MRF,MRPL,MTNL,MUKTAARTS,MUNJALAU,MUNJALSHOW,NAGARFERT,NAHAR,NAHARPOLY,NAHARSPING,NATCOPHARM,NATIONAL,NATIONALUM,NAVA,NAVNETED,NCC,NDTV,NEPC,NESTLEIND,NETWORK18,NILKAMAL,NIRMA,NITCO,NLCINDIA,NTPC,OBC,OFSS,OIL,OILCOUNTUB,OLECTRA,OMAXAUTO,ONGC,ONIDA,ORIENTHOT,ORIENTPPR,OSWALAGRO,PATANJALI,PATNI,PATSPIN,PCBL,PDMJEPAPER,PEL,PENTAFOUR,PENTAMEDIA,PETRONET,PFIZER,PGHL,PHIL,PHILIPS,PHOENIX,PIDILITIND,PNB,POONAWALLA,PRAJIND,PRAKASH,PREMIERENE,PSIDATA,PTC,PUDUMJEE,PUNJABCHEM,PUNJTRACT,RAASI,RAIN,RAINCALCI,RAJESHEXPO,RALLIS,RAMCOCEM,RAMCOIND,RANBAXY,RAYMOND,RCF,RECKITT,RECRON,RELCAPITAL,RELIANCE,RELINFRA,RHONE,RICOAUTO,RIIL,RKFORGE,ROLTA,ROYAL,RPGTRANS,RSWM,RUCHISOYA,RUSHIL,SAIL,SALORA,SALSTEEL,SAMTEL,SANGHI,SANOFI,SAREGAMA,SATYAM,SBIN,SCHAEFFLER,SCHENECT,SCI,SCILAL,SDREAMS,SESASTERL,SESHAPAPER,SHANTHIGEAR,SHAWWALLA,SHOPERSTOP,SHREECEM,SHRENUJ,SHRIRAMFIN,SHYAMTEL,SIEMENS,SIL,SIMPLEXINF,SKFINDIA,SMLISUZU,SONACOMS,SONATSOFTW,SOUTHBANK,SPARC,SPLPETRO,SRF,STAR,STATE,STERLINBIO,STERLITE,STYROLUT,SUNCLAY,SUNDARMFIN,SUNDRMFAST,SUNPHARMA,SUPREMEIND,SUVEN,TAMIL,TATACHEM,TATACOMM,TATACONSUM,TATAELXSI,TATAINVEST,TATAMETAL,TATAMOTORS,TATAPOWER,TATASPONGE,TATASTEEL,TCS,TECH,TFCI,THERMAX,THIRU,THOMASCOOK,TIINDIA,TIMEX,TIMKEN,TIPSIND,TITAN,TNPETRO,TODAYS,TORNTPHARM,TORNTPOWER,TRANSPEK,TRENT,TRIDENT,TRIGYN,TTKPRESTIG,TVTODAY,UBL,UCALFUEL,UFLEX,ULTRACEMCO,UNICHEMLAB,UNIONBANK,USHAFIN,USHAMART,UTTAM,VARDMNPOLY,VARUN,VESUVIUS,VHL,VINDHYATEL,VIRAL,VISHAL,VOLTAS,VTL,WELENT,WIDIA,WIMCO,WINDMACH,WINSOME,WIPRO,WOOLWORTH,WSTCSTPAPR,WYETH,ZANDU,ZEEL,ZENSARTECH,ZUARI"
2006-10-04,Nifty500,TRIVENI,INDOGULF,"3MINDIA,63MOONS,AARTIIND,ABANOFFSH,ABB,ABBOTINDIA,ABREL,ACC,ACCELYA,ADANIENT,ADOR,AGCNETWO,AGUL,AKZOINDIA,ALEMBICLTD,ALFALAVAL,ALSTOMT&D,ALTOS,AMBALAL,AMBUJACEM,ANDHRAVALY,APARINDS,APOLLOHOSP,APOLLOTYRE,APPAPER,APPLE,APTECHT,ARCHIES,ARVIND,ASAHIINDIA,ASHOKLEY,ASIANHOTNR,ASIANPAINT,ASTRAZENCA,ATLASCYCLE,ATUL,ATULAUTO,AUTOAXLES,AVERY,AXISBANK,AZTECSOFT,BAJAJ,BAJAJ-AUTO,BAJAJHIND,BAJFINANCE,BALAJI,BALAJITELE,BALMLAWRIE,BALRAMCHIN,BANARISUG,BANKBARODA,BANKINDIA,BASF,BATAINDIA,BBTC,BEL,BEML,BERGEPAINT,BHADRACH,BHARATFORG,BHARTIARTL,BHEL,BHUSHANSTL,BI,BIOCON,BIRLACORPN,BIRLAMONEY,BLKASHYAP,BLOWPLAST,BLUEDART,BLUESTARCO,BOMDYEING,BOSCH-HCIL,BOSCHLTD,BPCL,BRABOURNE,BRITANNIA,BSOFT,CABLE,CADBURY,CANBK,CANFINHOME,CAPRIHANS,CASTROLIND,CCL,CEATLTD,CENTENKA,CENTURYTEX,CESC,CGPOWER,CHAMBLFERT,CHEMINOR,CHEMPLASTS,CHENNPETRO,CHETTINAD,CHOLAFIN,CHOLAHLDNG,CIPLA,CLARIANT,CMC,COFORGE,COLPAL,CONCOR,COROMANDEL,COSMO,CRISIL,CUB,CUMMINSIND,CYBERTECH,DABUR,DAEWOO,DCAL,DCLPOLYE,DCW,DEEPAKFERT,DEN,DHAMPURSUG,DHANBANK,DICIND,DIGJAMLMTD,DRREDDY,DSQSOFTW,EICHERMOT,EIDPARRY,EIHOTEL,ELCIDIN,ELECON,ELECTCAST,ELECTREX,ELGIEQUIP,ELGIRUBCO,ENGINERSIN,ESABINDIA,ESCORTS,ESSEL,EXCELINDUS,EXIDEIND,FACT,FAGBEARI,FDC,FEDERALBNK,FINCABLES,FLUOROCHEM,FMGOETZE,FORBES,FOSECOIND,FULFORD,GAEL,GAIL,GANESHBE,GARDEN,GHCL,GILLETTE,GKNDRIVE,GLAXO,GLENMARK,GLFL,GMDCLTD,GNFC,GODFRYPHLP,GODREJCP,GODREJIND,GOKEX,GOLDENTOBC,GOODRICKE,GOODYEAR,GRAPHITE,GRASIM,GREAVESCOT,GRINDWELL,GSFC,GSKCONS,GSPL,GTL,GUJALKALI,GUJGASLTD,GUJNRECOKE,GVT&D,HAMCO,HARRMALAYA,HAVELLS,HCC,HCL-INSYS,HCLTECH,HDFC,HDFCBANK,HEALTHCARE,HEG,HEIDELBERG,HERBERTS,HERITGFOOD,HEROMOTOCO,HEXT,HGINFRA,HIKAL,HIMACHAL,HIMATSEIDE,HINDALCO,HINDOILEXP,HINDPETRO,HINDSYNTEX,HINDUJA,HINDUNILVR,HINDUSTAN,HINDZINC,HITECHCORP,HMT,HOGANAS,HONAUT,HOTEL,HSBCINVES,HTMEDIA,IBP,ICICIBANK,IDBI,IDFCFIRSTB,IFBIND,IFCI,IGATE,IGL,IGPL,INDHOTEL,INDIACEM,INDIAGLYCO,INDIANCARD,INDORAMA,INDUSINDBK,INFOMEDIA,INFY,INGERRAND,INSILCO,INTERNAT,IOB,IOC,IONEXCHANG,IPCALAB,IPCL,IPRINGS,ISMT,ISPAT,ITC,ITI,ITWSIGNO,JAICORPLTD,JBCHEPHARM,JBMA,JETAIRWAYS,JINDALPHOT,JINDALPOLY,JINDALSAW,JINDALSTEL,JISLJALEQS,JKCEMENT,JKTYRE,JPASSOCIAT,JSL,JUBLINGRY,JYOTISTRUC,KAJARIACER,KANSAINER,KARURVYSYA,KCP,KINETIC,KMSUGAR,KOHINOOR,KOPRAN,KOTAKBANK,KPEL,KRISHNA,KRL,KSB,KTKBANK,LAKSHMI,LGBBROSLTD,LICHSGFIN,LINDEINDIA,LT,LUPIN,M& M,M&M,MAARS,MADURA,MAFATIND,MAHABANK,MAHSCOOTER,MAHSEAMLES,MALWA,MARALOVER,MARICO,MARUTI,MASTEK,MATRIX,MAXIND,MCDOWELL,MERCATOR,MERCK,MERIND,MFSL,MICRO,MIRZAINT,MODIXEROX,MOREPENLAB,MOTHERSON,MOTHERSUMI,MPHASIS,MRF,MRPL,MTNL,MUKTAARTS,MUNJALAU,MUNJALSHOW,NAGARFERT,NAHAR,NAHARPOLY,NAHARSPING,NATCOPHARM,NATIONAL,NATIONALUM,NAVA,NAVNETED,NCC,NDTV,NEPC,NESTLEIND,NETWORK18,NILKAMAL,NIRMA,NITCO,NLCINDIA,NTPC,OBC,OFSS,OIL,OILCOUNTUB,OLECTRA,OMAXAUTO,ONGC,ONIDA,ORIENTHOT,ORIENTPPR,OSWALAGRO,PATANJALI,PATNI,PATSPIN,PCBL,PDMJEPAPER,PEL,PENTAFOUR,PENTAMEDIA,PETRONET,PFIZER,PGHL,PHIL,PHILIPS,PHOENIX,PIDILITIND,PNB,POONAWALLA,PRAJIND,PRAKASH,PREMIERENE,PSIDATA,PTC,PUDUMJEE,PUNJABCHEM,PUNJTRACT,RAASI,RAIN,RAINCALCI,RAJESHEXPO,RALLIS,RAMCOCEM,RAMCOIND,RANBAXY,RAYMOND,RCF,RECKITT,RECRON,RELCAPITAL,RELIANCE,RELINFRA,RHONE,RICOAUTO,RIIL,RKFORGE,ROLTA,ROYAL,RPGTRANS,RSWM,RUCHISOYA,RUSHIL,SAIL,SALORA,SALSTEEL,SAMTEL,SANGHI,SANOFI,SAREGAMA,SATYAM,SBIN,SCHAEFFLER,SCHENECT,SCI,SCILAL,SDREAMS,SESASTERL,SESHAPAPER,SHANTHIGEAR,SHAWWALLA,SHOPERSTOP,SHREECEM,SHRENUJ,SHRIRAMFIN,SHYAMTEL,SIEMENS,SIL,SIMPLEXINF,SKFINDIA,SMLISUZU,SONACOMS,SONATSOFTW,SOUTHBANK,SPARC,SPLPETRO,SRF,STAR,STATE,STERLINBIO,STERLITE,STYROLUT,SUNCLAY,SUNDARMFIN,SUNDRMFAST,SUNPHARMA,SUPREMEIND,SUVEN,TAMIL,TATACHEM,TATACOMM,TATACONSUM,TATAELXSI,TATAINVEST,TATAMETAL,TATAMOTORS,TATAPOWER,TATASPONGE,TATASTEEL,TCS,TECH,TFCI,THERMAX,THIRU,THOMASCOOK,TIINDIA,TIMEX,TIMKEN,TIPSIND,TITAN,TNPETRO,TODAYS,TORNTPHARM,TORNTPOWER,TRANSPEK,TRENT,TRIDENT,TRIGYN,TRIVENI,TTKPRESTIG,TVTODAY,UBL,UCALFUEL,UFLEX,ULTRACEMCO,UNICHEMLAB,UNIONBANK,USHAFIN,USHAMART,UTTAM,VARDMNPOLY,VARUN,VESUVIUS,VHL,VINDHYATEL,VIRAL,VISHAL,VOLTAS,VTL,WELENT,WIDIA,WIMCO,WINDMACH,WINSOME,WIPRO,WOOLWORTH,WSTCSTPAPR,WYETH,ZANDU,ZEEL,ZENSARTECH,ZUARI"
2006-10-07,Nifty500,RCOM,BIRLACORPN,"3MINDIA,63MOONS,AARTIIND,ABANOFFSH,ABB,ABBOTINDIA,ABREL,ACC,ACCELYA,ADANIENT,ADOR,AGCNETWO,AGUL,AKZOINDIA,ALEMBICLTD,ALFALAVAL,ALSTOMT&D,ALTOS,AMBALAL,AMBUJACEM,ANDHRAVALY,APARINDS,APOLLOHOSP,APOLLOTYRE,APPAPER,APPLE,APTECHT,ARCHIES,ARVIND,ASAHIINDIA,ASHOKLEY,ASIANHOTNR,ASIANPAINT,ASTRAZENCA,ATLASCYCLE,ATUL,ATULAUTO,AUTOAXLES,AVERY,AXISBANK,AZTECSOFT,BAJAJ,BAJAJ-AUTO,BAJAJHIND,BAJFINANCE,BALAJI,BALAJITELE,BALMLAWRIE,BALRAMCHIN,BANARISUG,BANKBARODA,BANKINDIA,BASF,BATAINDIA,BBTC,BEL,BEML,BERGEPAINT,BHADRACH,BHARATFORG,BHARTIARTL,BHEL,BHUSHANSTL,BI,BIOCON,BIRLAMONEY,BLKASHYAP,BLOWPLAST,BLUEDART,BLUESTARCO,BOMDYEING,BOSCH-HCIL,BOSCHLTD,BPCL,BRABOURNE,BRITANNIA,BSOFT,CABLE,CADBURY,CANBK,CANFINHOME,CAPRIHANS,CASTROLIND,CCL,CEATLTD,CENTENKA,CENTURYTEX,CESC,CGPOWER,CHAMBLFERT,CHEMINOR,CHEMPLASTS,CHENNPETRO,CHETTINAD,CHOLAFIN,CHOLAHLDNG,CIPLA,CLARIANT,CMC,COFORGE,COLPAL,CONCOR,COROMANDEL,COSMO,CRISIL,CUB,CUMMINSIND,CYBERTECH,DABUR,DAEWOO,DCAL,DCLPOLYE,DCW,DEEPAKFERT,DEN,DHAMPURSUG,DHANBANK,DICIND,DIGJAMLMTD,DRREDDY,DSQSOFTW,EICHERMOT,EIDPARRY,EIHOTEL,ELCIDIN,ELECON,ELECTCAST,ELECTREX,ELGIEQUIP,ELGIRUBCO,ENGINERSIN,ESABINDIA,ESCORTS,ESSEL,EXCELINDUS,EXIDEIND,FACT,FAGBEARI,FDC,FEDERALBNK,FINCABLES,FLUOROCHEM,FMGOETZE,FORBES,FOSECOIND,FULFORD,GAEL,GAIL,GANESHBE,GARDEN,GHCL,GILLETTE,GKNDRIVE,GLAXO,GLENMARK,GLFL,GMDCLTD,GNFC,GODFRYPHLP,GODREJCP,GODREJIND,GOKEX,GOLDENTOBC,GOODRICKE,GOODYEAR,GRAPHITE,GRASIM,GREAVESCOT,GRINDWELL,GSFC,GSKCONS,GSPL,GTL,GUJALKALI,GUJGASLTD,GUJNRECOKE,GVT&D,HAMCO,HARRMALAYA,HAVELLS,HCC,HCL-INSYS,HCLTECH,HDFC,HDFCBANK,HEALTHCARE,HEG,HEIDELBERG,HERBERTS,HERITGFOOD,HEROMOTOCO,HEXT,HGINFRA,HIKAL,HIMACHAL,HIMATSEIDE,HINDALCO,HINDOILEXP,HINDPETRO,HINDSYNTEX,HINDUJA,HINDUNILVR,HINDUSTAN,HINDZINC,HITECHCORP,HMT,HOGANAS,HONAUT,HOTEL,HSBCINVES,HTMEDIA,IBP,ICICIBANK,IDBI,IDFCFIRSTB,IFBIND,IFCI,IGATE,IGL,IGPL,INDHOTEL,INDIACEM,INDIAGLYCO,INDIANCARD,INDORAMA,INDUSINDBK,INFOMEDIA,INFY,INGERRAND,INSILCO,INTERNAT,IOB,IOC,IONEXCHANG,IPCALAB,IPCL,IPRINGS,ISMT,ISPAT,ITC,ITI,ITWSIGNO,JAICORPLTD,JBCHEPHARM,JBMA,JETAIRWAYS,JINDALPHOT,JINDALPOLY,JINDALSAW,JINDALSTEL,JISLJALEQS,JKCEMENT,JKTYRE,JPASSOCIAT,JSL,JUBLINGRY,JYOTISTRUC,KAJARIACER,KANSAINER,KARURVYSYA,KCP,KINETIC,KMSUGAR,KOHINOOR,KOPRAN,KOTAKBANK,KPEL,KRISHNA,KRL,KSB,KTKBANK,LAKSHMI,LGBBROSLTD,LICHSGFIN,LINDEINDIA,LT,LUPIN,M& M,M&M,MAARS,MADURA,MAFATIND,MAHABANK,MAHSCOOTER,MAHSEAMLES,MALWA,MARALOVER,MARICO,MARUTI,MASTEK,MATRIX,MAXIND,MCDOWELL,MERCATOR,MERCK,MERIND,MFSL,MICRO,MIRZAINT,MODIXEROX,MOREPENLAB,MOTHERSON,MOTHERSUMI,MPHASIS,MRF,MRPL,MTNL,MUKTAARTS,MUNJALAU,MUNJALSHOW,NAGARFERT,NAHAR,NAHARPOLY,NAHARSPING,NATCOPHARM,NATIONAL,NATIONALUM,NAVA,NAVNETED,NCC,NDTV,NEPC,NESTLEIND,NETWORK18,NILKAMAL,NIRMA,NITCO,NLCINDIA,NTPC,OBC,OFSS,OIL,OILCOUNTUB,OLECTRA,OMAXAUTO,ONGC,ONIDA,ORIENTHOT,ORIENTPPR,OSWALAGRO,PATANJALI,PATNI,PATSPIN,PCBL,PDMJEPAPER,PEL,PENTAFOUR,PENTAMEDIA,PETRONET,PFIZER,PGHL,PHIL,PHILIPS,PHOENIX,PIDILITIND,PNB,POONAWALLA,PRAJIND,PRAKASH,PREMIERENE,PSIDATA,PTC,PUDUMJEE,PUNJABCHEM,PUNJTRACT,RAASI,RAIN,RAINCALCI,RAJESHEXPO,RALLIS,RAMCOCEM,RAMCOIND,RANBAXY,RAYMOND,RCF,RCOM,RECKITT,RECRON,RELCAPITAL,RELIANCE,RELINFRA,RHONE,RICOAUTO,RIIL,RKFORGE,ROLTA,ROYAL,RPGTRANS,RSWM,RUCHISOYA,RUSHIL,SAIL,SALORA,SALSTEEL,SAMTEL,SANGHI,SANOFI,SAREGAMA,SATYAM,SBIN,SCHAEFFLER,SCHENECT,SCI,SCILAL,SDREAMS,SESASTERL,SESHAPAPER,SHANTHIGEAR,SHAWWALLA,SHOPERSTOP,SHREECEM,SHRENUJ,SHRIRAMFIN,SHYAMTEL,SIEMENS,SIL,SIMPLEXINF,SKFINDIA,SMLISUZU,SONACOMS,SONATSOFTW,SOUTHBANK,SPARC,SPLPETRO,SRF,STAR,STATE,STERLINBIO,STERLITE,STYROLUT,SUNCLAY,SUNDARMFIN,SUNDRMFAST,SUNPHARMA,SUPREMEIND,SUVEN,TAMIL,TATACHEM,TATACOMM,TATACONSUM,TATAELXSI,TATAINVEST,TATAMETAL,TATAMOTORS,TATAPOWER,TATASPONGE,TATASTEEL,TCS,TECH,TFCI,THERMAX,THIRU,THOMASCOOK,TIINDIA,TIMEX,TIMKEN,TIPSIND,TITAN,TNPETRO,TODAYS,TORNTPHARM,TORNTPOWER,TRANSPEK,TRENT,TRIDENT,TRIGYN,TRIVENI,TTKPRESTIG,TVTODAY,UBL,UCALFUEL,UFLEX,ULTRACEMCO,UNICHEMLAB,UNIONBANK,USHAFIN,USHAMART,UTTAM,VARDMNPOLY,VARUN,VESUVIUS,VHL,VINDHYATEL,VIRAL,VISHAL,VOLTAS,VTL,WELENT,WIDIA,WIMCO,WINDMACH,WINSOME,WIPRO,WOOLWORTH,WSTCSTPAPR,WYETH,ZANDU,ZEEL,ZENSARTECH,ZUARI"
2006-10-08,Nifty500,PUNJLLOYD,INFOMEDIA,"3MINDIA,63MOONS,AARTIIND,ABANOFFSH,ABB,ABBOTINDIA,ABREL,ACC,ACCELYA,ADANIENT,ADOR,AGCNETWO,AGUL,AKZOINDIA,ALEMBICLTD,ALFALAVAL,ALSTOMT&D,ALTOS,AMBALAL,AMBUJACEM,ANDHRAVALY,APARINDS,APOLLOHOSP,APOLLOTYRE,APPAPER,APPLE,APTECHT,ARCHIES,ARVIND,ASAHIINDIA,ASHOKLEY,ASIANHOTNR,ASIANPAINT,ASTRAZENCA,ATLASCYCLE,ATUL,ATULAUTO,AUTOAXLES,AVERY,AXISBANK,AZTECSOFT,BAJAJ,BAJAJ-AUTO,BAJAJHIND,BAJFINANCE,BALAJI,BALAJITELE,BALMLAWRIE,BALRAMCHIN,BANARISUG,BANKBARODA,BANKINDIA,BASF,BATAINDIA,BBTC,BEL,BEML,BERGEPAINT,BHADRACH,BHARATFORG,BHARTIARTL,BHEL,BHUSHANSTL,BI,BIOCON,BIRLAMONEY,BLKASHYAP,BLOWPLAST,BLUEDART,BLUESTARCO,BOMDYEING,BOSCH-HCIL,BOSCHLTD,BPCL,BRABOURNE,BRITANNIA,BSOFT,CABLE,CADBURY,CANBK,CANFINHOME,CAPRIHANS,CASTROLIND,CCL,CEATLTD,CENTENKA,CENTURYTEX,CESC,CGPOWER,CHAMBLFERT,CHEMINOR,CHEMPLASTS,CHENNPETRO,CHETTINAD,CHOLAFIN,CHOLAHLDNG,CIPLA,CLARIANT,CMC,COFORGE,COLPAL,CONCOR,COROMANDEL,COSMO,CRISIL,CUB,CUMMINSIND,CYBERTECH,DABUR,DAEWOO,DCAL,DCLPOLYE,DCW,DEEPAKFERT,DEN,DHAMPURSUG,DHANBANK,DICIND,DIGJAMLMTD,DRREDDY,DSQSOFTW,EICHERMOT,EIDPARRY,EIHOTEL,ELCIDIN,ELECON,ELECTCAST,ELECTREX,ELGIEQUIP,ELGIRUBCO,ENGINERSIN,ESABINDIA,ESCORTS,ESSEL,EXCELINDUS,EXIDEIND,FACT,FAGBEARI,FDC,FEDERALBNK,FINCABLES,FLUOROCHEM,FMGOETZE,FORBES,FOSECOIND,FULFORD,GAEL,GAIL,GANESHBE,GARDEN,GHCL,GILLETTE,GKNDRIVE,GLAXO,GLENMARK,GLFL,GMDCLTD,GNFC,GODFRYPHLP,GODREJCP,GODREJIND,GOKEX,GOLDENTOBC,GOODRICKE,GOODYEAR,GRAPHITE,GRASIM,GREAVESCOT,GRINDWELL,GSFC,GSKCONS,GSPL,GTL,GUJALKALI,GUJGASLTD,GUJNRECOKE,GVT&D,HAMCO,HARRMALAYA,HAVELLS,HCC,HCL-INSYS,HCLTECH,HDFC,HDFCBANK,HEALTHCARE,HEG,HEIDELBERG,HERBERTS,HERITGFOOD,HEROMOTOCO,HEXT,HGINFRA,HIKAL,HIMACHAL,HIMATSEIDE,HINDALCO,HINDOILEXP,HINDPETRO,HINDSYNTEX,HINDUJA,HINDUNILVR,HINDUSTAN,HINDZINC,HITECHCORP,HMT,HOGANAS,HONAUT,HOTEL,HSBCINVES,HTMEDIA,IBP,ICICIBANK,IDBI,IDFCFIRSTB,IFBIND,IFCI,IGATE,IGL,IGPL,INDHOTEL,INDIACEM,INDIAGLYCO,INDIANCARD,INDORAMA,INDUSINDBK,INFY,INGERRAND,INSILCO,INTERNAT,IOB,IOC,IONEXCHANG,IPCALAB,IPCL,IPRINGS,ISMT,ISPAT,ITC,ITI,ITWSIGNO,JAICORPLTD,JBCHEPHARM,JBMA,JETAIRWAYS,JINDALPHOT,JINDALPOLY,JINDALSAW,JINDALSTEL,JISLJALEQS,JKCEMENT,JKTYRE,JPASSOCIAT,JSL,JUBLINGRY,JYOTISTRUC,KAJARIACER,KANSAINER,KARURVYSYA,KCP,KINETIC,KMSUGAR,KOHINOOR,KOPRAN,KOTAKBANK,KPEL,KRISHNA,KRL,KSB,KTKBANK,LAKSHMI,LGBBROSLTD,LICHSGFIN,LINDEINDIA,LT,LUPIN,M& M,M&M,MAARS,MADURA,MAFATIND,MAHABANK,MAHSCOOTER,MAHSEAMLES,MALWA,MARALOVER,MARICO,MARUTI,MASTEK,MATRIX,MAXIND,MCDOWELL,MERCATOR,MERCK,MERIND,MFSL,MICRO,MIRZAINT,MODIXEROX,MOREPENLAB,MOTHERSON,MOTHERSUMI,MPHASIS,MRF,MRPL,MTNL,MUKTAARTS,MUNJALAU,MUNJALSHOW,NAGARFERT,NAHAR,NAHARPOLY,NAHARSPING,NATCOPHARM,NATIONAL,NATIONALUM,NAVA,NAVNETED,NCC,NDTV,NEPC,NESTLEIND,NETWORK18,NILKAMAL,NIRMA,NITCO,NLCINDIA,NTPC,OBC,OFSS,OIL,OILCOUNTUB,OLECTRA,OMAXAUTO,ONGC,ONIDA,ORIENTHOT,ORIENTPPR,OSWALAGRO,PATANJALI,PATNI,PATSPIN,PCBL,PDMJEPAPER,PEL,PENTAFOUR,PENTAMEDIA,PETRONET,PFIZER,PGHL,PHIL,PHILIPS,PHOENIX,PIDILITIND,PNB,POONAWALLA,PRAJIND,PRAKASH,PREMIERENE,PSIDATA,PTC,PUDUMJEE,PUNJABCHEM,PUNJLLOYD,PUNJTRACT,RAASI,RAIN,RAINCALCI,RAJESHEXPO,RALLIS,RAMCOCEM,RAMCOIND,RANBAXY,RAYMOND,RCF,RCOM,RECKITT,RECRON,RELCAPITAL,RELIANCE,RELINFRA,RHONE,RICOAUTO,RIIL,RKFORGE,ROLTA,ROYAL,RPGTRANS,RSWM,RUCHISOYA,RUSHIL,SAIL,SALORA,SALSTEEL,SAMTEL,SANGHI,SANOFI,SAREGAMA,SATYAM,SBIN,SCHAEFFLER,SCHENECT,SCI,SCILAL,SDREAMS,SESASTERL,SESHAPAPER,SHANTHIGEAR,SHAWWALLA,SHOPERSTOP,SHREECEM,SHRENUJ,SHRIRAMFIN,SHYAMTEL,SIEMENS,SIL,SIMPLEXINF,SKFINDIA,SMLISUZU,SONACOMS,SONATSOFTW,SOUTHBANK,SPARC,SPLPETRO,SRF,STAR,STATE,STERLINBIO,STERLITE,STYROLUT,SUNCLAY,SUNDARMFIN,SUNDRMFAST,SUNPHARMA,SUPREMEIND,SUVEN,TAMIL,TATACHEM,TATACOMM,TATACONSUM,TATAELXSI,TATAINVEST,TATAMETAL,TATAMOTORS,TATAPOWER,TATASPONGE,TATASTEEL,TCS,TECH,TFCI,THERMAX,THIRU,THOMASCOOK,TIINDIA,TIMEX,TIMKEN,TIPSIND,TITAN,TNPETRO,TODAYS,TORNTPHARM,TORNTPOWER,TRANSPEK,TRENT,TRIDENT,TRIGYN,TRIVENI,TTKPRESTIG,TVTODAY,UBL,UCALFUEL,UFLEX,ULTRACEMCO,UNICHEMLAB,UNIONBANK,USHAFIN,USHAMART,UTTAM,VARDMNPOLY,VARUN,VESUVIUS,VHL,VINDHYATEL,VIRAL,VISHAL,VOLTAS,VTL,WELENT,WIDIA,WIMCO,WINDMACH,WINSOME,WIPRO,WOOLWORTH,WSTCSTPAPR,WYETH,ZANDU,ZEEL,ZENSARTECH,ZUARI"
2007-04-04,Nifty500,"NOIDATOLL,AMTEK,GEOJITFSL,VARUN,UTTAMSUGAR,BRFL,ALLCARGO,MCLEODRUSS,JAGRAN,ENTERTAI","PNC,MAARS,ATLASCYCLE,WSI,TIPSIND,JAINSTUDI,TRIGYN,ZTECH,CINEVISTA,ORIENTTECH","3MINDIA,63MOONS,AARTIIND,ABANOFFSH,ABB,ABBOTINDIA,ABREL,ACC,ACCELYA,ADANIENT,ADOR,AGCNETWO,AKZOINDIA,ALEMBICLTD,ALFALAVAL,ALLCARGO,ALSTOMT&D,ALTOS,AMBALAL,AMBUJACEM,AMTEK,ANDHRAVALY,APARINDS,APOLLOHOSP,APOLLOTYRE,APPAPER,APPLE,APTECHT,ARCHIES,ARVIND,ASAHIINDIA,ASHOKLEY,ASIANHOTNR,ASIANPAINT,ASTRAZENCA,ATUL,ATULAUTO,AUTOAXLES,AVERY,AXISBANK,AZTECSOFT,BAJAJ,BAJAJ-AUTO,BAJAJHIND,BAJFINANCE,BALAJI,BALAJITELE,BALMLAWRIE,BALRAMCHIN,BANARISUG,BANKBARODA,BANKINDIA,BASF,BATAINDIA,BBTC,BEL,BEML,BERGEPAINT,BHADRACH,BHARATFORG,BHARTIARTL,BHEL,BHUSHANSTL,BI,BIOCON,BIRLAMONEY,BLKASHYAP,BLOWPLAST,BLUEDART,BLUESTARCO,BOMDYEING,BOSCH-HCIL,BOSCHLTD,BPCL,BRABOURNE,BRFL,BRITANNIA,BSOFT,CABLE,CADBURY,CANBK,CANFINHOME,CAPRIHANS,CASTROLIND,CCL,CEATLTD,CENTENKA,CENTURYTEX,CESC,CGPOWER,CHAMBLFERT,CHEMINOR,CHEMPLASTS,CHENNPETRO,CHETTINAD,CHOLAFIN,CHOLAHLDNG,CIPLA,CMC,COFORGE,COLPAL,CONCOR,COROMANDEL,COSMO,CRISIL,CUB,CUMMINSIND,CYBERTECH,DABUR,DAEWOO,DCAL,DCLPOLYE,DCW,DEEPAKFERT,DEN,DHAMPURSUG,DHANBANK,DICIND,DIGJAMLMTD,DRREDDY,DSQSOFTW,EICHERMOT,EIDPARRY,EIHOTEL,ELCIDIN,ELECON,ELECTCAST,ELECTREX,ELGIEQUIP,ELGIRUBCO,ENGINERSIN,ENTERTAI,ESABINDIA,ESCORTS,ESSEL,EXCELINDUS,EXIDEIND,FACT,FAGBEARI,FDC,FEDERALBNK,FINCABLES,FLUOROCHEM,FMGOETZE,FORBES,FOSECOIND,FULFORD,GAEL,GAIL,GANESHBE,GARDEN,GEOJITFSL,GHCL,GILLETTE,GKNDRIVE,GLAXO,GLENMARK,GLFL,GMDCLTD,GNFC,GODFRYPHLP,GODREJCP,GODREJIND,GOKEX,GOLDENTOBC,GOODRICKE,GOODYEAR,GRAPHITE,GRASIM,GREAVESCOT,GRINDWELL,GSFC,GSKCONS,GSPL,GTL,GUJALKALI,GUJGASLTD,GUJNRECOKE,GVT&D,HAMCO,HARRMALAYA,HAVELLS,HCC,HCL-INSYS,HCLTECH,HDFC,HDFCBANK,HEALTHCARE,HEG,HEIDELBERG,HERBERTS,HERITGFOOD,HEROMOTOCO,HEXT,HGINFRA,HIKAL,HIMACHAL,HIMATSEIDE,HINDALCO,HINDOILEXP,HINDPETRO,HINDSYNTEX,HINDUJA,HINDUNILVR,HINDUSTAN,HINDZINC,HITECHCORP,HMT,HOGANAS,HONAUT,HOTEL,HSBCINVES,HTMEDIA,IBP,ICICIBANK,IDBI,IDFCFIRSTB,IFBIND,IFCI,IGL,IGPL,INDHOTEL,INDIACEM,INDIAGLYCO,INDIANCARD,INDORAMA,INDUSINDBK,INFY,INGERRAND,INSILCO,INTERNAT,IOB,IOC,IONEXCHANG,IPCALAB,IPCL,IPRINGS,ISMT,ISPAT,ITC,ITI,ITWSIGNO,JAGRAN,JAICORPLTD,JBCHEPHARM,JBMA,JETAIRWAYS,JINDALPHOT,JINDALPOLY,JINDALSAW,JINDALSTEL,JISLJALEQS,JKCEMENT,JKTYRE,JPASSOCIAT,JSL,JUBLINGRY,JYOTISTRUC,KAJARIACER,KANSAINER,KARURVYSYA,KCP,KINETIC,KMSUGAR,KOHINOOR,KOPRAN,KOTAKBANK,KPEL,KRISHNA,KRL,KSB,KTKBANK,LAKSHMI,LGBBROSLTD,LICHSGFIN,LINDEINDIA,LT,LUPIN,M& M,M&M,MADURA,MAFATIND,MAHABANK,MAHSCOOTER,MAHSEAMLES,MALWA,MARALOVER,MARICO,MARUTI,MASTEK,MATRIX,MAXIND,MCDOWELL,MCLEODRUSS,MERCATOR,MERCK,MERIND,MFSL,MICRO,MIRZAINT,MODIXEROX,MOREPENLAB,MOTHERSON,MOTHERSUMI,MPHASIS,MRF,MRPL,MTNL,MUKTAARTS,MUNJALAU,MUNJALSHOW,NAGARFERT,NAHAR,NAHARPOLY,NAHARSPING,NATCOPHARM,NATIONAL,NATIONALUM,NAVA,NAVNETED,NCC,NDTV,NEPC,NESTLEIND,NETWORK18,NILKAMAL,NIRMA,NITCO,NLCINDIA,NOIDATOLL,NTPC,OBC,OFSS,OIL,OILCOUNTUB,OLECTRA,OMAXAUTO,ONGC,ONIDA,ORIENTHOT,ORIENTPPR,OSWALAGRO,PATANJALI,PATNI,PATSPIN,PCBL,PDMJEPAPER,PEL,PENTAFOUR,PENTAMEDIA,PETRONET,PFIZER,PGHL,PHIL,PHILIPS,PHOENIX,PIDILITIND,PNB,POONAWALLA,PRAJIND,PRAKASH,PREMIERENE,PSIDATA,PTC,PUDUMJEE,PUNJABCHEM,PUNJLLOYD,PUNJTRACT,RAASI,RAIN,RAINCALCI,RAJESHEXPO,RALLIS,RAMCOCEM,RAMCOIND,RANBAXY,RAYMOND,RCF,RCOM,RECKITT,RECRON,RELCAPITAL,RELIANCE,RELINFRA,RHONE,RICOAUTO,RIIL,RKFORGE,ROYAL,RPGTRANS,RSWM,RUCHISOYA,RUSHIL,SAIL,SALORA,SALSTEEL,SAMTEL,SANGHI,SANOFI,SAREGAMA,SATYAM,SBIN,SCHAEFFLER,SCHENECT,SCI,SCILAL,SDREAMS,SESASTERL,SESHAPAPER,SHANTHIGEAR,SHAWWALLA,SHOPERSTOP,SHREECEM,SHRENUJ,SHRIRAMFIN,SHYAMTEL,SIEMENS,SIL,SIMPLEXINF,SKFINDIA,SMLISUZU,SONACOMS,SONATSOFTW,SOUTHBANK,SPARC,SPLPETRO,SRF,STAR,STATE,STERLINBIO,STERLITE,STYROLUT,SUNCLAY,SUNDARMFIN,SUNDRMFAST,SUNPHARMA,SUPREMEIND,SUVEN,TAMIL,TATACHEM,TATACOMM,TATACONSUM,TATAELXSI,TATAINVEST,TATAMETAL,TATAMOTORS,TATAPOWER,TATASPONGE,TATASTEEL,TCS,TECH,TFCI,THERMAX,THIRU,THOMASCOOK,TIINDIA,TIMEX,TIMKEN,TITAN,TNPETRO,TODAYS,TORNTPHARM,TORNTPOWER,TRANSPEK,TRENT,TRIDENT,TRIVENI,TTKPRESTIG,TVTODAY,UBL,UCALFUEL,UFLEX,ULTRACEMCO,UNICHEMLAB,UNIONBANK,USHAFIN,USHAMART,UTTAM,VARDMNPOLY,VARUN,VESUVIUS,VHL,VINDHYATEL,VIRAL,VISHAL,VOLTAS,VTL,WELENT,WIDIA,WIMCO,WINDMACH,WINSOME,WIPRO,WOOLWORTH,WSTCSTPAPR,WYETH,ZANDU,ZEEL,ZENSARTECH,ZUARI"
2007-04-06,Nifty500,LITL,IBP,"3MINDIA,63MOONS,AARTIIND,ABANOFFSH,ABB,ABBOTINDIA,ABREL,ACC,ACCELYA,ADANIENT,ADOR,AGCNETWO,AKZOINDIA,ALEMBICLTD,ALFALAVAL,ALLCARGO,ALSTOMT&D,ALTOS,AMBALAL,AMBUJACEM,AMTEK,ANDHRAVALY,APARINDS,APOLLOHOSP,APOLLOTYRE,APPAPER,APPLE,APTECHT,ARCHIES,ARVIND,ASAHIINDIA,ASHOKLEY,ASIANHOTNR,ASIANPAINT,ASTRAZENCA,ATUL,ATULAUTO,AUTOAXLES,AVERY,AXISBANK,AZTECSOFT,BAJAJ,BAJAJ-AUTO,BAJAJHIND,BAJFINANCE,BALAJI,BALAJITELE,BALMLAWRIE,BALRAMCHIN,BANARISUG,BANKBARODA,BANKINDIA,BASF,BATAINDIA,BBTC,BEL,BEML,BERGEPAINT,BHADRACH,BHARATFORG,BHARTIARTL,BHEL,BHUSHANSTL,BI,BIOCON,BIRLAMONEY,BLKASHYAP,BLOWPLAST,BLUEDART,BLUESTARCO,BOMDYEING,BOSCH-HCIL,BOSCHLTD,BPCL,BRABOURNE,BRFL,BRITANNIA,BSOFT,CABLE,CADBURY,CANBK,CANFINHOME,CAPRIHANS,CASTROLIND,CCL,CEATLTD,CENTENKA,CENTURYTEX,CESC,CGPOWER,CHAMBLFERT,CHEMINOR,CHEMPLASTS,CHENNPETRO,CHETTINAD,CHOLAFIN,CHOLAHLDNG,CIPLA,CMC,COFORGE,COLPAL,CONCOR,COROMANDEL,COSMO,CRISIL,CUB,CUMMINSIND,CYBERTECH,DABUR,DAEWOO,DCAL,DCLPOLYE,DCW,DEEPAKFERT,DEN,DHAMPURSUG,DHANBANK,DICIND,DIGJAMLMTD,DRREDDY,DSQSOFTW,EICHERMOT,EIDPARRY,EIHOTEL,ELCIDIN,ELECON,ELECTCAST,ELECTREX,ELGIEQUIP,ELGIRUBCO,ENGINERSIN,ENTERTAI,ESABINDIA,ESCORTS,ESSEL,EXCELINDUS,EXIDEIND,FACT,FAGBEARI,FDC,FEDERALBNK,FINCABLES,FLUOROCHEM,FMGOETZE,FORBES,FOSECOIND,FULFORD,GAEL,GAIL,GANESHBE,GARDEN,GEOJITFSL,GHCL,GILLETTE,GKNDRIVE,GLAXO,GLENMARK,GLFL,GMDCLTD,GNFC,GODFRYPHLP,GODREJCP,GODREJIND,GOKEX,GOLDENTOBC,GOODRICKE,GOODYEAR,GRAPHITE,GRASIM,GREAVESCOT,GRINDWELL,GSFC,GSKCONS,GSPL,GTL,GUJALKALI,GUJGASLTD,GUJNRECOKE,GVT&D,HAMCO,HARRMALAYA,HAVELLS,HCC,HCL-INSYS,HCLTECH,HDFC,HDFCBANK,HEALTHCARE,HEG,HEIDELBERG,HERBERTS,HERITGFOOD,HEROMOTOCO,HEXT,HGINFRA,HIKAL,HIMACHAL,HIMATSEIDE,HINDALCO,HINDOILEXP,HINDPETRO,HINDSYNTEX,HINDUJA,HINDUNILVR,HINDUSTAN,HINDZINC,HITECHCORP,HMT,HOGANAS,HONAUT,HOTEL,HSBCINVES,HTMEDIA,ICICIBANK,IDBI,IDFCFIRSTB,IFBIND,IFCI,IGL,IGPL,INDHOTEL,INDIACEM,INDIAGLYCO,INDIANCARD,INDORAMA,INDUSINDBK,INFY,INGERRAND,INSILCO,INTERNAT,IOB,IOC,IONEXCHANG,IPCALAB,IPCL,IPRINGS,ISMT,ISPAT,ITC,ITI,ITWSIGNO,JAGRAN,JAICORPLTD,JBCHEPHARM,JBMA,JETAIRWAYS,JINDALPHOT,JINDALPOLY,JINDALSAW,JINDALSTEL,JISLJALEQS,JKCEMENT,JKTYRE,JPASSOCIAT,JSL,JUBLINGRY,JYOTISTRUC,KAJARIACER,KANSAINER,KARURVYSYA,KCP,KINETIC,KMSUGAR,KOHINOOR,KOPRAN,KOTAKBANK,KPEL,KRISHNA,KRL,KSB,KTKBANK,LAKSHMI,LGBBROSLTD,LICHSGFIN,LINDEINDIA,LITL,LT,LUPIN,M& M,M&M,MADURA,MAFATIND,MAHABANK,MAHSCOOTER,MAHSEAMLES,MALWA,MARALOVER,MARICO,MARUTI,MASTEK,MATRIX,MAXIND,MCDOWELL,MCLEODRUSS,MERCATOR,MERCK,MERIND,MFSL,MICRO,MIRZAINT,MODIXEROX,MOREPENLAB,MOTHERSON,MOTHERSUMI,MPHASIS,MRF,MRPL,MTNL,MUKTAARTS,MUNJALAU,MUNJALSHOW,NAGARFERT,NAHAR,NAHARPOLY,NAHARSPING,NATCOPHARM,NATIONAL,NATIONALUM,NAVA,NAVNETED,NCC,NDTV,NEPC,NESTLEIND,NETWORK18,NILKAMAL,NIRMA,NITCO,NLCINDIA,NOIDATOLL,NTPC,OBC,OFSS,OIL,OILCOUNTUB,OLECTRA,OMAXAUTO,ONGC,ONIDA,ORIENTHOT,ORIENTPPR,OSWALAGRO,PATANJALI,PATNI,PATSPIN,PCBL,PDMJEPAPER,PEL,PENTAFOUR,PENTAMEDIA,PETRONET,PFIZER,PGHL,PHIL,PHILIPS,PHOENIX,PIDILITIND,PNB,POONAWALLA,PRAJIND,PRAKASH,PREMIERENE,PSIDATA,PTC,PUDUMJEE,PUNJABCHEM,PUNJLLOYD,PUNJTRACT,RAASI,RAIN,RAINCALCI,RAJESHEXPO,RALLIS,RAMCOCEM,RAMCOIND,RANBAXY,RAYMOND,RCF,RCOM,RECKITT,RECRON,RELCAPITAL,RELIANCE,RELINFRA,RHONE,RICOAUTO,RIIL,RKFORGE,ROYAL,RPGTRANS,RSWM,RUCHISOYA,RUSHIL,SAIL,SALORA,SALSTEEL,SAMTEL,SANGHI,SANOFI,SAREGAMA,SATYAM,SBIN,SCHAEFFLER,SCHENECT,SCI,SCILAL,SDREAMS,SESASTERL,SESHAPAPER,SHANTHIGEAR,SHAWWALLA,SHOPERSTOP,SHREECEM,SHRENUJ,SHRIRAMFIN,SHYAMTEL,SIEMENS,SIL,SIMPLEXINF,SKFINDIA,SMLISUZU,SONACOMS,SONATSOFTW,SOUTHBANK,SPARC,SPLPETRO,SRF,STAR,STATE,STERLINBIO,STERLITE,STYROLUT,SUNCLAY,SUNDARMFIN,SUNDRMFAST,SUNPHARMA,SUPREMEIND,SUVEN,TAMIL,TATACHEM,TATACOMM,TATACONSUM,TATAELXSI,TATAINVEST,TATAMETAL,TATAMOTORS,TATAPOWER,TATASPONGE,TATASTEEL,TCS,TECH,TFCI,THERMAX,THIRU,THOMASCOOK,TIINDIA,TIMEX,TIMKEN,TITAN,TNPETRO,TODAYS,TORNTPHARM,TORNTPOWER,TRANSPEK,TRENT,TRIDENT,TRIVENI,TTKPRESTIG,TVTODAY,UBL,UCALFUEL,UFLEX,ULTRACEMCO,UNICHEMLAB,UNIONBANK,USHAFIN,USHAMART,UTTAM,VARDMNPOLY,VARUN,VESUVIUS,VHL,VINDHYATEL,VIRAL,VISHAL,VOLTAS,VTL,WELENT,WIDIA,WIMCO,WINDMACH,WINSOME,WIPRO,WOOLWORTH,WSTCSTPAPR,WYETH,ZANDU,ZEEL,ZENSARTECH,ZUARI"
2007-05-10,Nifty500,MINDTREE,IPCL,"3MINDIA,63MOONS,AARTIIND,ABANOFFSH,ABB,ABBOTINDIA,ABREL,ACC,ACCELYA,ADANIENT,ADOR,AGCNETWO,AKZOINDIA,ALEMBICLTD,ALFALAVAL,ALLCARGO,ALSTOMT&D,ALTOS,AMBALAL,AMBUJACEM,AMTEK,ANDHRAVALY,APARINDS,APOLLOHOSP,APOLLOTYRE,APPAPER,APPLE,APTECHT,ARCHIES,ARVIND,ASAHIINDIA,ASHOKLEY,ASIANHOTNR,ASIANPAINT,ASTRAZENCA,ATUL,ATULAUTO,AUTOAXLES,AVERY,AXISBANK,AZTECSOFT,BAJAJ,BAJAJ-AUTO,BAJAJHIND,BAJFINANCE,BALAJI,BALAJITELE,BALMLAWRIE,BALRAMCHIN,BANARISUG,BANKBARODA,BANKINDIA,BASF,BATAINDIA,BBTC,BEL,BEML,BERGEPAINT,BHADRACH,BHARATFORG,BHARTIARTL,BHEL,BHUSHANSTL,BI,BIOCON,BIRLAMONEY,BLKASHYAP,BLOWPLAST,BLUEDART,BLUESTARCO,BOMDYEING,BOSCH-HCIL,BOSCHLTD,BPCL,BRABOURNE,BRFL,BRITANNIA,BSOFT,CABLE,CADBURY,CANBK,CANFINHOME,CAPRIHANS,CASTROLIND,CCL,CEATLTD,CENTENKA,CENTURYTEX,CESC,CGPOWER,CHAMBLFERT,CHEMINOR,CHEMPLASTS,CHENNPETRO,CHETTINAD,CHOLAFIN,CHOLAHLDNG,CIPLA,CMC,COFORGE,COLPAL,CONCOR,COROMANDEL,COSMO,CRISIL,CUB,CUMMINSIND,CYBERTECH,DABUR,DAEWOO,DCAL,DCLPOLYE,DCW,DEEPAKFERT,DEN,DHAMPURSUG,DHANBANK,DICIND,DIGJAMLMTD,DRREDDY,DSQSOFTW,EICHERMOT,EIDPARRY,EIHOTEL,ELCIDIN,ELECON,ELECTCAST,ELECTREX,ELGIEQUIP,ELGIRUBCO,ENGINERSIN,ENTERTAI,ESABINDIA,ESCORTS,ESSEL,EXCELINDUS,EXIDEIND,FACT,FAGBEARI,FDC,FEDERALBNK,FINCABLES,FLUOROCHEM,FMGOETZE,FORBES,FOSECOIND,FULFORD,GAEL,GAIL,GANESHBE,GARDEN,GEOJITFSL,GHCL,GILLETTE,GKNDRIVE,GLAXO,GLENMARK,GLFL,GMDCLTD,GNFC,GODFRYPHLP,GODREJCP,GODREJIND,GOKEX,GOLDENTOBC,GOODRICKE,GOODYEAR,GRAPHITE,GRASIM,GREAVESCOT,GRINDWELL,GSFC,GSKCONS,GSPL,GTL,GUJALKALI,GUJGASLTD,GUJNRECOKE,GVT&D,HAMCO,HARRMALAYA,HAVELLS,HCC,HCL-INSYS,HCLTECH,HDFC,HDFCBANK,HEALTHCARE,HEG,HEIDELBERG,HERBERTS,HERITGFOOD,HEROMOTOCO,HEXT,HGINFRA,HIKAL,HIMACHAL,HIMATSEIDE,HINDALCO,HINDOILEXP,HINDPETRO,HINDSYNTEX,HINDUJA,HINDUNILVR,HINDUSTAN,HINDZINC,HITECHCORP,HMT,HOGANAS,HONAUT,HOTEL,HSBCINVES,HTMEDIA,ICICIBANK,IDBI,IDFCFIRSTB,IFBIND,IFCI,IGL,IGPL,INDHOTEL,INDIACEM,INDIAGLYCO,INDIANCARD,INDORAMA,INDUSINDBK,INFY,INGERRAND,INSILCO,INTERNAT,IOB,IOC,IONEXCHANG,IPCALAB,IPRINGS,ISMT,ISPAT,ITC,ITI,ITWSIGNO,JAGRAN,JAICORPLTD,JBCHEPHARM,JBMA,JETAIRWAYS,JINDALPHOT,JINDALPOLY,JINDALSAW,JINDALSTEL,JISLJALEQS,JKCEMENT,JKTYRE,JPASSOCIAT,JSL,JUBLINGRY,JYOTISTRUC,KAJARIACER,KANSAINER,KARURVYSYA,KCP,KINETIC,KMSUGAR,KOHINOOR,KOPRAN,KOTAKBANK,KPEL,KRISHNA,KRL,KSB,KTKBANK,LAKSHMI,LGBBROSLTD,LICHSGFIN,LINDEINDIA,LITL,LT,LUPIN,M& M,M&M,MADURA,MAFATIND,MAHABANK,MAHSCOOTER,MAHSEAMLES,MALWA,MARALOVER,MARICO,MARUTI,MASTEK,MATRIX,MAXIND,MCDOWELL,MCLEODRUSS,MERCATOR,MERCK,MERIND,MFSL,MICRO,MINDTREE,MIRZAINT,MODIXEROX,MOREPENLAB,MOTHERSON,MOTHERSUMI,MPHASIS,MRF,MRPL,MTNL,MUKTAARTS,MUNJALAU,MUNJALSHOW,NAGARFERT,NAHAR,NAHARPOLY,NAHARSPING,NATCOPHARM,NATIONAL,NATIONALUM,NAVA,NAVNETED,NCC,NDTV,NEPC,NESTLEIND,NETWORK18,NILKAMAL,NIRMA,NITCO,NLCINDIA,NOIDATOLL,NTPC,OBC,OFSS,OIL,OILCOUNTUB,OLECTRA,OMAXAUTO,ONGC,ONIDA,ORIENTHOT,ORIENTPPR,OSWALAGRO,PATANJALI,PATNI,PATSPIN,PCBL,PDMJEPAPER,PEL,PENTAFOUR,PENTAMEDIA,PETRONET,PFIZER,PGHL,PHIL,PHILIPS,PHOENIX,PIDILITIND,PNB,POONAWALLA,PRAJIND,PRAKASH,PREMIERENE,PSIDATA,PTC,PUDUMJEE,PUNJABCHEM,PUNJLLOYD,PUNJTRACT,RAASI,RAIN,RAINCALCI,RAJESHEXPO,RALLIS,RAMCOCEM,RAMCOIND,RANBAXY,RAYMOND,RCF,RCOM,RECKITT,RECRON,RELCAPITAL,RELIANCE,RELINFRA,RHONE,RICOAUTO,RIIL,RKFORGE,ROYAL,RPGTRANS,RSWM,RUCHISOYA,RUSHIL,SAIL,SALORA,SALSTEEL,SAMTEL,SANGHI,SANOFI,SAREGAMA,SATYAM,SBIN,SCHAEFFLER,SCHENECT,SCI,SCILAL,SDREAMS,SESASTERL,SESHAPAPER,SHANTHIGEAR,SHAWWALLA,SHOPERSTOP,SHREECEM,SHRENUJ,SHRIRAMFIN,SHYAMTEL,SIEMENS,SIL,SIMPLEXINF,SKFINDIA,SMLISUZU,SONACOMS,SONATSOFTW,SOUTHBANK,SPARC,SPLPETRO,SRF,STAR,STATE,STERLINBIO,STERLITE,STYROLUT,SUNCLAY,SUNDARMFIN,SUNDRMFAST,SUNPHARMA,SUPREMEIND,SUVEN,TAMIL,TATACHEM,TATACOMM,TATACONSUM,TATAELXSI,TATAINVEST,TATAMETAL,TATAMOTORS,TATAPOWER,TATASPONGE,TATASTEEL,TCS,TECH,TFCI,THERMAX,THIRU,THOMASCOOK,TIINDIA,TIMEX,TIMKEN,TITAN,TNPETRO,TODAYS,TORNTPHARM,TORNTPOWER,TRANSPEK,TRENT,TRIDENT,TRIVENI,TTKPRESTIG,TVTODAY,UBL,UCALFUEL,UFLEX,ULTRACEMCO,UNICHEMLAB,UNIONBANK,USHAFIN,USHAMART,UTTAM,VARDMNPOLY,VARUN,VESUVIUS,VHL,VINDHYATEL,VIRAL,VISHAL,VOLTAS,VTL,WELENT,WIDIA,WIMCO,WINDMACH,WINSOME,WIPRO,WOOLWORTH,WSTCSTPAPR,WYETH,ZANDU,ZEEL,ZENSARTECH,ZUARI"
2007-06-03,Nifty500,GRINFRA,EICHERMOT,"3MINDIA,63MOONS,AARTIIND,ABANOFFSH,ABB,ABBOTINDIA,ABREL,ACC,ACCELYA,ADANIENT,ADOR,AGCNETWO,AKZOINDIA,ALEMBICLTD,ALFALAVAL,ALLCARGO,ALSTOMT&D,ALTOS,AMBALAL,AMBUJACEM,AMTEK,ANDHRAVALY,APARINDS,APOLLOHOSP,APOLLOTYRE,APPAPER,APPLE,APTECHT,ARCHIES,ARVIND,ASAHIINDIA,ASHOKLEY,ASIANHOTNR,ASIANPAINT,ASTRAZENCA,ATUL,ATULAUTO,AUTOAXLES,AVERY,AXISBANK,AZTECSOFT,BAJAJ,BAJAJ-AUTO,BAJAJHIND,BAJFINANCE,BALAJI,BALAJITELE,BALMLAWRIE,BALRAMCHIN,BANARISUG,BANKBARODA,BANKINDIA,BASF,BATAINDIA,BBTC,BEL,BEML,BERGEPAINT,BHADRACH,BHARATFORG,BHARTIARTL,BHEL,BHUSHANSTL,BI,BIOCON,BIRLAMONEY,BLKASHYAP,BLOWPLAST,BLUEDART,BLUESTARCO,BOMDYEING,BOSCH-HCIL,BOSCHLTD,BPCL,BRABOURNE,BRFL,BRITANNIA,BSOFT,CABLE,CADBURY,CANBK,CANFINHOME,CAPRIHANS,CASTROLIND,CCL,CEATLTD,CENTENKA,CENTURYTEX,CESC,CGPOWER,CHAMBLFERT,CHEMINOR,CHEMPLASTS,CHENNPETRO,CHETTINAD,CHOLAFIN,CHOLAHLDNG,CIPLA,CMC,COFORGE,COLPAL,CONCOR,COROMANDEL,COSMO,CRISIL,CUB,CUMMINSIND,CYBERTECH,DABUR,DAEWOO,DCAL,DCLPOLYE,DCW,DEEPAKFERT,DEN,DHAMPURSUG,DHANBANK,DICIND,DIGJAMLMTD,DRREDDY,DSQSOFTW,EIDPARRY,EIHOTEL,ELCIDIN,ELECON,ELECTCAST,ELECTREX,ELGIEQUIP,ELGIRUBCO,ENGINERSIN,ENTERTAI,ESABINDIA,ESCORTS,ESSEL,EXCELINDUS,EXIDEIND,FACT,FAGBEARI,FDC,FEDERALBNK,FINCABLES,FLUOROCHEM,FMGOETZE,FORBES,FOSECOIND,FULFORD,GAEL,GAIL,GANESHBE,GARDEN,GEOJITFSL,GHCL,GILLETTE,GKNDRIVE,GLAXO,GLENMARK,GLFL,GMDCLTD,GNFC,GODFRYPHLP,GODREJCP,GODREJIND,GOKEX,GOLDENTOBC,GOODRICKE,GOODYEAR,GRAPHITE,GRASIM,GREAVESCOT,GRINDWELL,GRINFRA,GSFC,GSKCONS,GSPL,GTL,GUJALKALI,GUJGASLTD,GUJNRECOKE,GVT&D,HAMCO,HARRMALAYA,HAVELLS,HCC,HCL-INSYS,HCLTECH,HDFC,HDFCBANK,HEALTHCARE,HEG,HEIDELBERG,HERBERTS,HERITGFOOD,HEROMOTOCO,HEXT,HGINFRA,HIKAL,HIMACHAL,HIMATSEIDE,HINDALCO,HINDOILEXP,HINDPETRO,HINDSYNTEX,HINDUJA,HINDUNILVR,HINDUSTAN,HINDZINC,HITECHCORP,HMT,HOGANAS,HONAUT,HOTEL,HSBCINVES,HTMEDIA,ICICIBANK,IDBI,IDFCFIRSTB,IFBIND,IFCI,IGL,IGPL,INDHOTEL,INDIACEM,INDIAGLYCO,INDIANCARD,INDORAMA,INDUSINDBK,INFY,INGERRAND,INSILCO,INTERNAT,IOB,IOC,IONEXCHANG,IPCALAB,IPRINGS,ISMT,ISPAT,ITC,ITI,ITWSIGNO,JAGRAN,JAICORPLTD,JBCHEPHARM,JBMA,JETAIRWAYS,JINDALPHOT,JINDALPOLY,JINDALSAW,JINDALSTEL,JISLJALEQS,JKCEMENT,JKTYRE,JPASSOCIAT,JSL,JUBLINGRY,JYOTISTRUC,KAJARIACER,KANSAINER,KARURVYSYA,KCP,KINETIC,KMSUGAR,KOHINOOR,KOPRAN,KOTAKBANK,KPEL,KRISHNA,KRL,KSB,KTKBANK,LAKSHMI,LGBBROSLTD,LICHSGFIN,LINDEINDIA,LITL,LT,LUPIN,M& M,M&M,MADURA,MAFATIND,MAHABANK,MAHSCOOTER,MAHSEAMLES,MALWA,MARALOVER,MARICO,MARUTI,MASTEK,MATRIX,MAXIND,MCDOWELL,MCLEODRUSS,MERCATOR,MERCK,MERIND,MFSL,MICRO,MINDTREE,MIRZAINT,MODIXEROX,MOREPENLAB,MOTHERSON,MOTHERSUMI,MPHASIS,MRF,MRPL,MTNL,MUKTAARTS,MUNJALAU,MUNJALSHOW,NAGARFERT,NAHAR,NAHARPOLY,NAHARSPING,NATCOPHARM,NATIONAL,NATIONALUM,NAVA,NAVNETED,NCC,NDTV,NEPC,NESTLEIND,NETWORK18,NILKAMAL,NIRMA,NITCO,NLCINDIA,NOIDATOLL,NTPC,OBC,OFSS,OIL,OILCOUNTUB,OLECTRA,OMAXAUTO,ONGC,ONIDA,ORIENTHOT,ORIENTPPR,OSWALAGRO,PATANJALI,PATNI,PATSPIN,PCBL,PDMJEPAPER,PEL,PENTAFOUR,PENTAMEDIA,PETRONET,PFIZER,PGHL,PHIL,PHILIPS,PHOENIX,PIDILITIND,PNB,POONAWALLA,PRAJIND,PRAKASH,PREMIERENE,PSIDATA,PTC,PUDUMJEE,PUNJABCHEM,PUNJLLOYD,PUNJTRACT,RAASI,RAIN,RAINCALCI,RAJESHEXPO,RALLIS,RAMCOCEM,RAMCOIND,RANBAXY,RAYMOND,RCF,RCOM,RECKITT,RECRON,RELCAPITAL,RELIANCE,RELINFRA,RHONE,RICOAUTO,RIIL,RKFORGE,ROYAL,RPGTRANS,RSWM,RUCHISOYA,RUSHIL,SAIL,SALORA,SALSTEEL,SAMTEL,SANGHI,SANOFI,SAREGAMA,SATYAM,SBIN,SCHAEFFLER,SCHENECT,SCI,SCILAL,SDREAMS,SESASTERL,SESHAPAPER,SHANTHIGEAR,SHAWWALLA,SHOPERSTOP,SHREECEM,SHRENUJ,SHRIRAMFIN,SHYAMTEL,SIEMENS,SIL,SIMPLEXINF,SKFINDIA,SMLISUZU,SONACOMS,SONATSOFTW,SOUTHBANK,SPARC,SPLPETRO,SRF,STAR,STATE,STERLINBIO,STERLITE,STYROLUT,SUNCLAY,SUNDARMFIN,SUNDRMFAST,SUNPHARMA,SUPREMEIND,SUVEN,TAMIL,TATACHEM,TATACOMM,TATACONSUM,TATAELXSI,TATAINVEST,TATAMETAL,TATAMOTORS,TATAPOWER,TATASPONGE,TATASTEEL,TCS,TECH,TFCI,THERMAX,THIRU,THOMASCOOK,TIINDIA,TIMEX,TIMKEN,TITAN,TNPETRO,TODAYS,TORNTPHARM,TORNTPOWER,TRANSPEK,TRENT,TRIDENT,TRIVENI,TTKPRESTIG,TVTODAY,UBL,UCALFUEL,UFLEX,ULTRACEMCO,UNICHEMLAB,UNIONBANK,USHAFIN,USHAMART,UTTAM,VARDMNPOLY,VARUN,VESUVIUS,VHL,VINDHYATEL,VIRAL,VISHAL,VOLTAS,VTL,WELENT,WIDIA,WIMCO,WINDMACH,WINSOME,WIPRO,WOOLWORTH,WSTCSTPAPR,WYETH,ZANDU,ZEEL,ZENSARTECH,ZUARI"
2007-07-12,Nifty500,DLF,SALSTEEL,"3MINDIA,63MOONS,AARTIIND,ABANOFFSH,ABB,ABBOTINDIA,ABREL,ACC,ACCELYA,ADANIENT,ADOR,AGCNETWO,AKZOINDIA,ALEMBICLTD,ALFALAVAL,ALLCARGO,ALSTOMT&D,ALTOS,AMBALAL,AMBUJACEM,AMTEK,ANDHRAVALY,APARINDS,APOLLOHOSP,APOLLOTYRE,APPAPER,APPLE,APTECHT,ARCHIES,ARVIND,ASAHIINDIA,ASHOKLEY,ASIANHOTNR,ASIANPAINT,ASTRAZENCA,ATUL,ATULAUTO,AUTOAXLES,AVERY,AXISBANK,AZTECSOFT,BAJAJ,BAJAJ-AUTO,BAJAJHIND,BAJFINANCE,BALAJI,BALAJITELE,BALMLAWRIE,BALRAMCHIN,BANARISUG,BANKBARODA,BANKINDIA,BASF,BATAINDIA,BBTC,BEL,BEML,BERGEPAINT,BHADRACH,BHARATFORG,BHARTIARTL,BHEL,BHUSHANSTL,BI,BIOCON,BIRLAMONEY,BLKASHYAP,BLOWPLAST,BLUEDART,BLUESTARCO,BOMDYEING,BOSCH-HCIL,BOSCHLTD,BPCL,BRABOURNE,BRFL,BRITANNIA,BSOFT,CABLE,CADBURY,CANBK,CANFINHOME,CAPRIHANS,CASTROLIND,CCL,CEATLTD,CENTENKA,CENTURYTEX,CESC,CGPOWER,CHAMBLFERT,CHEMINOR,CHEMPLASTS,CHENNPETRO,CHETTINAD,CHOLAFIN,CHOLAHLDNG,CIPLA,CMC,COFORGE,COLPAL,CONCOR,COROMANDEL,COSMO,CRISIL,CUB,CUMMINSIND,CYBERTECH,DABUR,DAEWOO,DCAL,DCLPOLYE,DCW,DEEPAKFERT,DEN,DHAMPURSUG,DHANBANK,DICIND,DIGJAMLMTD,DLF,DRREDDY,DSQSOFTW,EIDPARRY,EIHOTEL,ELCIDIN,ELECON,ELECTCAST,ELECTREX,ELGIEQUIP,ELGIRUBCO,ENGINERSIN,ENTERTAI,ESABINDIA,ESCORTS,ESSEL,EXCELINDUS,EXIDEIND,FACT,FAGBEARI,FDC,FEDERALBNK,FINCABLES,FLUOROCHEM,FMGOETZE,FORBES,FOSECOIND,FULFORD,GAEL,GAIL,GANESHBE,GARDEN,GEOJITFSL,GHCL,GILLETTE,GKNDRIVE,GLAXO,GLENMARK,GLFL,GMDCLTD,GNFC,GODFRYPHLP,GODREJCP,GODREJIND,GOKEX,GOLDENTOBC,GOODRICKE,GOODYEAR,GRAPHITE,GRASIM,GREAVESCOT,GRINDWELL,GRINFRA,GSFC,GSKCONS,GSPL,GTL,GUJALKALI,GUJGASLTD,GUJNRECOKE,GVT&D,HAMCO,HARRMALAYA,HAVELLS,HCC,HCL-INSYS,HCLTECH,HDFC,HDFCBANK,HEALTHCARE,HEG,HEIDELBERG,HERBERTS,HERITGFOOD,HEROMOTOCO,HEXT,HGINFRA,HIKAL,HIMACHAL,HIMATSEIDE,HINDALCO,HINDOILEXP,HINDPETRO,HINDSYNTEX,HINDUJA,HINDUNILVR,HINDUSTAN,HINDZINC,HITECHCORP,HMT,HOGANAS,HONAUT,HOTEL,HSBCINVES,HTMEDIA,ICICIBANK,IDBI,IDFCFIRSTB,IFBIND,IFCI,IGL,IGPL,INDHOTEL,INDIACEM,INDIAGLYCO,INDIANCARD,INDORAMA,INDUSINDBK,INFY,INGERRAND,INSILCO,INTERNAT,IOB,IOC,IONEXCHANG,IPCALAB,IPRINGS,ISMT,ISPAT,ITC,ITI,ITWSIGNO,JAGRAN,JAICORPLTD,JBCHEPHARM,JBMA,JETAIRWAYS,JINDALPHOT,JINDALPOLY,JINDALSAW,JINDALSTEL,JISLJALEQS,JKCEMENT,JKTYRE,JPASSOCIAT,JSL,JUBLINGRY,JYOTISTRUC,KAJARIACER,KANSAINER,KARURVYSYA,KCP,KINETIC,KMSUGAR,KOHINOOR,KOPRAN,KOTAKBANK,KPEL,KRISHNA,KRL,KSB,KTKBANK,LAKSHMI,LGBBROSLTD,LICHSGFIN,LINDEINDIA,LITL,LT,LUPIN,M& M,M&M,MADURA,MAFATIND,MAHABANK,MAHSCOOTER,MAHSEAMLES,MALWA,MARALOVER,MARICO,MARUTI,MASTEK,MATRIX,MAXIND,MCDOWELL,MCLEODRUSS,MERCATOR,MERCK,MERIND,MFSL,MICRO,MINDTREE,MIRZAINT,MODIXEROX,MOREPENLAB,MOTHERSON,MOTHERSUMI,MPHASIS,MRF,MRPL,MTNL,MUKTAARTS,MUNJALAU,MUNJALSHOW,NAGARFERT,NAHAR,NAHARPOLY,NAHARSPING,NATCOPHARM,NATIONAL,NATIONALUM,NAVA,NAVNETED,NCC,NDTV,NEPC,NESTLEIND,NETWORK18,NILKAMAL,NIRMA,NITCO,NLCINDIA,NOIDATOLL,NTPC,OBC,OFSS,OIL,OILCOUNTUB,OLECTRA,OMAXAUTO,ONGC,ONIDA,ORIENTHOT,ORIENTPPR,OSWALAGRO,PATANJALI,PATNI,PATSPIN,PCBL,PDMJEPAPER,PEL,PENTAFOUR,PENTAMEDIA,PETRONET,PFIZER,PGHL,PHIL,PHILIPS,PHOENIX,PIDILITIND,PNB,POONAWALLA,PRAJIND,PRAKASH,PREMIERENE,PSIDATA,PTC,PUDUMJEE,PUNJABCHEM,PUNJLLOYD,PUNJTRACT,RAASI,RAIN,RAINCALCI,RAJESHEXPO,RALLIS,RAMCOCEM,RAMCOIND,RANBAXY,RAYMOND,RCF,RCOM,RECKITT,RECRON,RELCAPITAL,RELIANCE,RELINFRA,RHONE,RICOAUTO,RIIL,RKFORGE,ROYAL,RPGTRANS,RSWM,RUCHISOYA,RUSHIL,SAIL,SALORA,SAMTEL,SANGHI,SANOFI,SAREGAMA,SATYAM,SBIN,SCHAEFFLER,SCHENECT,SCI,SCILAL,SDREAMS,SESASTERL,SESHAPAPER,SHANTHIGEAR,SHAWWALLA,SHOPERSTOP,SHREECEM,SHRENUJ,SHRIRAMFIN,SHYAMTEL,SIEMENS,SIL,SIMPLEXINF,SKFINDIA,SMLISUZU,SONACOMS,SONATSOFTW,SOUTHBANK,SPARC,SPLPETRO,SRF,STAR,STATE,STERLINBIO,STERLITE,STYROLUT,SUNCLAY,SUNDARMFIN,SUNDRMFAST,SUNPHARMA,SUPREMEIND,SUVEN,TAMIL,TATACHEM,TATACOMM,TATACONSUM,TATAELXSI,TATAINVEST,TATAMETAL,TATAMOTORS,TATAPOWER,TATASPONGE,TATASTEEL,TCS,TECH,TFCI,THERMAX,THIRU,THOMASCOOK,TIINDIA,TIMEX,TIMKEN,TITAN,TNPETRO,TODAYS,TORNTPHARM,TORNTPOWER,TRANSPEK,TRENT,TRIDENT,TRIVENI,TTKPRESTIG,TVTODAY,UBL,UCALFUEL,UFLEX,ULTRACEMCO,UNICHEMLAB,UNIONBANK,USHAFIN,USHAMART,UTTAM,VARDMNPOLY,VARUN,VESUVIUS,VHL,VINDHYATEL,VIRAL,VISHAL,VOLTAS,VTL,WELENT,WIDIA,WIMCO,WINDMACH,WINSOME,WIPRO,WOOLWORTH,WSTCSTPAPR,WYETH,ZANDU,ZEEL,ZENSARTECH,ZUARI"
2007-10-09,Nifty500,IBREALEST,FCIOEN,"3MINDIA,63MOONS,AARTIIND,ABANOFFSH,ABB,ABBOTINDIA,ABREL,ACC,ACCELYA,ADANIENT,ADOR,AGCNETWO,AKZOINDIA,ALEMBICLTD,ALFALAVAL,ALLCARGO,ALSTOMT&D,ALTOS,AMBALAL,AMBUJACEM,AMTEK,ANDHRAVALY,APARINDS,APOLLOHOSP,APOLLOTYRE,APPAPER,APPLE,APTECHT,ARCHIES,ARVIND,ASAHIINDIA,ASHOKLEY,ASIANHOTNR,ASIANPAINT,ASTRAZENCA,ATUL,ATULAUTO,AUTOAXLES,AVERY,AXISBANK,AZTECSOFT,BAJAJ,BAJAJ-AUTO,BAJAJHIND,BAJFINANCE,BALAJI,BALAJITELE,BALMLAWRIE,BALRAMCHIN,BANARISUG,BANKBARODA,BANKINDIA,BASF,BATAINDIA,BBTC,BEL,BEML,BERGEPAINT,BHADRACH,BHARATFORG,BHARTIARTL,BHEL,BHUSHANSTL,BI,BIOCON,BIRLAMONEY,BLKASHYAP,BLOWPLAST,BLUEDART,BLUESTARCO,BOMDYEING,BOSCH-HCIL,BOSCHLTD,BPCL,BRABOURNE,BRFL,BRITANNIA,BSOFT,CABLE,CADBURY,CANBK,CANFINHOME,CAPRIHANS,CASTROLIND,CCL,CEATLTD,CENTENKA,CENTURYTEX,CESC,CGPOWER,CHAMBLFERT,CHEMINOR,CHEMPLASTS,CHENNPETRO,CHETTINAD,CHOLAFIN,CHOLAHLDNG,CIPLA,CMC,COFORGE,COLPAL,CONCOR,COROMANDEL,COSMO,CRISIL,CUB,CUMMINSIND,CYBERTECH,DABUR,DAEWOO,DCAL,DCLPOLYE,DCW,DEEPAKFERT,DEN,DHAMPURSUG,DHANBANK,DICIND,DIGJAMLMTD,DLF,DRREDDY,DSQSOFTW,EIDPARRY,EIHOTEL,ELCIDIN,ELECON,ELECTCAST,ELECTREX,ELGIEQUIP,ELGIRUBCO,ENGINERSIN,ENTERTAI,ESABINDIA,ESCORTS,ESSEL,EXCELINDUS,EXIDEIND,FACT,FAGBEARI,FDC,FEDERALBNK,FINCABLES,FLUOROCHEM,FMGOETZE,FORBES,FOSECOIND,FULFORD,GAEL,GAIL,GANESHBE,GARDEN,GEOJITFSL,GHCL,GILLETTE,GKNDRIVE,GLAXO,GLENMARK,GLFL,GMDCLTD,GNFC,GODFRYPHLP,GODREJCP,GODREJIND,GOKEX,GOLDENTOBC,GOODRICKE,GOODYEAR,GRAPHITE,GRASIM,GREAVESCOT,GRINDWELL,GRINFRA,GSFC,GSKCONS,GSPL,GTL,GUJALKALI,GUJGASLTD,GUJNRECOKE,GVT&D,HAMCO,HARRMALAYA,HAVELLS,HCC,HCL-INSYS,HCLTECH,HDFC,HDFCBANK,HEALTHCARE,HEG,HEIDELBERG,HERBERTS,HERITGFOOD,HEROMOTOCO,HEXT,HGINFRA,HIKAL,HIMACHAL,HIMATSEIDE,HINDALCO,HINDOILEXP,HINDPETRO,HINDSYNTEX,HINDUJA,HINDUNILVR,HINDUSTAN,HINDZINC,HITECHCORP,HMT,HOGANAS,HONAUT,HOTEL,HSBCINVES,HTMEDIA,IBREALEST,ICICIBANK,IDBI,IDFCFIRSTB,IFBIND,IFCI,IGL,IGPL,INDHOTEL,INDIACEM,INDIAGLYCO,INDIANCARD,INDORAMA,INDUSINDBK,INFY,INGERRAND,INSILCO,INTERNAT,IOB,IOC,IONEXCHANG,IPCALAB,IPRINGS,ISMT,ISPAT,ITC,ITI,ITWSIGNO,JAGRAN,JAICORPLTD,JBCHEPHARM,JBMA,JETAIRWAYS,JINDALPHOT,JINDALPOLY,JINDALSAW,JINDALSTEL,JISLJALEQS,JKCEMENT,JKTYRE,JPASSOCIAT,JSL,JUBLINGRY,JYOTISTRUC,KAJARIACER,KANSAINER,KARURVYSYA,KCP,KINETIC,KMSUGAR,KOHINOOR,KOPRAN,KOTAKBANK,KPEL,KRISHNA,KRL,KSB,KTKBANK,LAKSHMI,LGBBROSLTD,LICHSGFIN,LINDEINDIA,LITL,LT,LUPIN,M& M,M&M,MADURA,MAFATIND,MAHABANK,MAHSCOOTER,MAHSEAMLES,MALWA,MARALOVER,MARICO,MARUTI,MASTEK,MATRIX,MAXIND,MCDOWELL,MCLEODRUSS,MERCATOR,MERCK,MERIND,MFSL,MICRO,MIRZAINT,MODIXEROX,MOREPENLAB,MOTHERSON,MOTHERSUMI,MPHASIS,MRF,MRPL,MTNL,MUKTAARTS,MUNJALAU,MUNJALSHOW,NAGARFERT,NAHAR,NAHARPOLY,NAHARSPING,NATCOPHARM,NATIONAL,NATIONALUM,NAVA,NAVNETED,NCC,NDTV,NEPC,NESTLEIND,NETWORK18,NILKAMAL,NIRMA,NITCO,NLCINDIA,NOIDATOLL,NTPC,OBC,OFSS,OIL,OILCOUNTUB,OLECTRA,OMAXAUTO,ONGC,ONIDA,ORIENTHOT,ORIENTPPR,OSWALAGRO,PATANJALI,PATNI,PATSPIN,PCBL,PDMJEPAPER,PEL,PENTAFOUR,PENTAMEDIA,PETRONET,PFIZER,PGHL,PHIL,PHILIPS,PHOENIX,PIDILITIND,PNB,POONAWALLA,PRAJIND,PRAKASH,PREMIERENE,PSIDATA,PTC,PUDUMJEE,PUNJABCHEM,PUNJLLOYD,PUNJTRACT,RAASI,RAIN,RAINCALCI,RAJESHEXPO,RALLIS,RAMCOCEM,RAMCOIND,RANBAXY,RAYMOND,RCF,RCOM,RECKITT,RECRON,RELCAPITAL,RELIANCE,RELINFRA,RHONE,RICOAUTO,RIIL,RKFORGE,ROYAL,RPGTRANS,RSWM,RUCHISOYA,RUSHIL,SAIL,SALORA,SAMTEL,SANGHI,SANOFI,SAREGAMA,SATYAM,SBIN,SCHAEFFLER,SCHENECT,SCI,SCILAL,SDREAMS,SESASTERL,SESHAPAPER,SHANTHIGEAR,SHAWWALLA,SHOPERSTOP,SHREECEM,SHRENUJ,SHRIRAMFIN,SHYAMTEL,SIEMENS,SIL,SIMPLEXINF,SKFINDIA,SMLISUZU,SONACOMS,SONATSOFTW,SOUTHBANK,SPARC,SPLPETRO,SRF,STAR,STATE,STERLINBIO,STERLITE,STYROLUT,SUNCLAY,SUNDARMFIN,SUNDRMFAST,SUNPHARMA,SUPREMEIND,SUVEN,TAMIL,TATACHEM,TATACOMM,TATACONSUM,TATAELXSI,TATAINVEST,TATAMETAL,TATAMOTORS,TATAPOWER,TATASPONGE,TATASTEEL,TCS,TECH,TFCI,THERMAX,THIRU,THOMASCOOK,TIINDIA,TIMEX,TIMKEN,TITAN,TNPETRO,TODAYS,TORNTPHARM,TORNTPOWER,TRANSPEK,TRENT,TRIDENT,TRIVENI,TTKPRESTIG,TVTODAY,UBL,UCALFUEL,UFLEX,ULTRACEMCO,UNICHEMLAB,UNIONBANK,USHAFIN,USHAMART,UTTAM,VARDMNPOLY,VARUN,VESUVIUS,VHL,VINDHYATEL,VIRAL,VISHAL,VOLTAS,VTL,WELENT,WIDIA,WIMCO,WINDMACH,WINSOME,WIPRO,WOOLWORTH,WSTCSTPAPR,WYETH,ZANDU,ZEEL,ZENSARTECH,ZUARI"
2008-01-01,Nifty500,HUBTOWN,IBULLSLTD,"3MINDIA,63MOONS,AARTIIND,ABANOFFSH,ABB,ABBOTINDIA,ABREL,ACC,ACCELYA,ADANIENT,ADOR,AGCNETWO,AKZOINDIA,ALEMBICLTD,ALFALAVAL,ALLCARGO,ALSTOMT&D,ALTOS,AMBALAL,AMBUJACEM,AMTEK,ANDHRAVALY,APARINDS,APOLLOHOSP,APOLLOTYRE,APPAPER,APPLE,APTECHT,ARCHIES,ARVIND,ASAHIINDIA,ASHOKLEY,ASIANHOTNR,ASIANPAINT,ASTRAZENCA,ATUL,ATULAUTO,AUTOAXLES,AVERY,AXISBANK,AZTECSOFT,BAJAJ,BAJAJ-AUTO,BAJAJHIND,BAJFINANCE,BALAJI,BALAJITELE,BALMLAWRIE,BALRAMCHIN,BANARISUG,BANKBARODA,BANKINDIA,BASF,BATAINDIA,BBTC,BEL,BEML,BERGEPAINT,BHADRACH,BHARATFORG,BHARTIARTL,BHEL,BHUSHANSTL,BI,BIOCON,BIRLAMONEY,BLKASHYAP,BLOWPLAST,BLUEDART,BLUESTARCO,BOMDYEING,BOSCH-HCIL,BOSCHLTD,BPCL,BRABOURNE,BRFL,BRITANNIA,BSOFT,CABLE,CADBURY,CANBK,CANFINHOME,CAPRIHANS,CASTROLIND,CCL,CEATLTD,CENTENKA,CENTURYTEX,CESC,CGPOWER,CHAMBLFERT,CHEMINOR,CHEMPLASTS,CHENNPETRO,CHETTINAD,CHOLAFIN,CHOLAHLDNG,CIPLA,CMC,COFORGE,COLPAL,CONCOR,COROMANDEL,COSMO,CRISIL,CUB,CUMMINSIND,CYBERTECH,DABUR,DAEWOO,DCAL,DCLPOLYE,DCW,DEEPAKFERT,DEN,DHAMPURSUG,DHANBANK,DICIND,DIGJAMLMTD,DLF,DRREDDY,DSQSOFTW,EIDPARRY,EIHOTEL,ELCIDIN,ELECON,ELECTCAST,ELECTREX,ELGIEQUIP,ELGIRUBCO,ENGINERSIN,ESABINDIA,ESCORTS,ESSEL,EXCELINDUS,EXIDEIND,FACT,FAGBEARI,FDC,FEDERALBNK,FINCABLES,FLUOROCHEM,FMGOETZE,FORBES,FOSECOIND,FULFORD,GAEL,GAIL,GANESHBE,GARDEN,GEOJITFSL,GHCL,GILLETTE,GKNDRIVE,GLAXO,GLENMARK,GLFL,GMDCLTD,GNFC,GODFRYPHLP,GODREJCP,GODREJIND,GOKEX,GOLDENTOBC,GOODRICKE,GOODYEAR,GRAPHITE,GRASIM,GREAVESCOT,GRINDWELL,GRINFRA,GSFC,GSKCONS,GSPL,GTL,GUJALKALI,GUJGASLTD,GUJNRECOKE,GVT&D,HAMCO,HARRMALAYA,HAVELLS,HCC,HCL-INSYS,HCLTECH,HDFC,HDFCBANK,HEALTHCARE,HEG,HEIDELBERG,HERBERTS,HERITGFOOD,HEROMOTOCO,HEXT,HGINFRA,HIKAL,HIMACHAL,HIMATSEIDE,HINDALCO,HINDOILEXP,HINDPETRO,HINDSYNTEX,HINDUJA,HINDUNILVR,HINDUSTAN,HINDZINC,HITECHCORP,HMT,HOGANAS,HONAUT,HOTEL,HSBCINVES,HTMEDIA,HUBTOWN,IBREALEST,ICICIBANK,IDBI,IDFCFIRSTB,IFBIND,IFCI,IGL,IGPL,INDHOTEL,INDIACEM,INDIAGLYCO,INDIANCARD,INDORAMA,INDUSINDBK,INFY,INGERRAND,INSILCO,INTERNAT,IOB,IOC,IONEXCHANG,IPCALAB,IPRINGS,ISMT,ISPAT,ITC,ITI,ITWSIGNO,JAGRAN,JAICORPLTD,JBCHEPHARM,JBMA,JETAIRWAYS,JINDALPHOT,JINDALPOLY,JINDALSAW,JINDALSTEL,JISLJALEQS,JKCEMENT,JKTYRE,JPASSOCIAT,JSL,JUBLINGRY,JYOTISTRUC,KAJARIACER,KANSAINER,KARURVYSYA,KCP,KINETIC,KMSUGAR,KOHINOOR,KOPRAN,KOTAKBANK,KPEL,KRISHNA,KRL,KSB,KTKBANK,LAKSHMI,LGBBROSLTD,LICHSGFIN,LINDEINDIA,LITL,LT,LUPIN,M& M,M&M,MADURA,MAFATIND,MAHABANK,MAHSCOOTER,MAHSEAMLES,MALWA,MARALOVER,MARICO,MARUTI,MASTEK,MATRIX,MAXIND,MCDOWELL,MCLEODRUSS,MERCATOR,MERCK,MERIND,MFSL,MICRO,MIRZAINT,MODIXEROX,MOREPENLAB,MOTHERSON,MOTHERSUMI,MPHASIS,MRF,MRPL,MTNL,MUKTAARTS,MUNJALAU,MUNJALSHOW,NAGARFERT,NAHAR,NAHARPOLY,NAHARSPING,NATCOPHARM,NATIONAL,NATIONALUM,NAVA,NAVNETED,NCC,NDTV,NEPC,NESTLEIND,NETWORK18,NILKAMAL,NIRMA,NITCO,NLCINDIA,NOIDATOLL,NTPC,OBC,OFSS,OIL,OILCOUNTUB,OLECTRA,OMAXAUTO,ONGC,ONIDA,ORIENTHOT,ORIENTPPR,OSWALAGRO,PATANJALI,PATNI,PATSPIN,PCBL,PDMJEPAPER,PEL,PENTAFOUR,PENTAMEDIA,PETRONET,PFIZER,PGHL,PHIL,PHILIPS,PHOENIX,PIDILITIND,PNB,POONAWALLA,PRAJIND,PRAKASH,PREMIERENE,PSIDATA,PTC,PUDUMJEE,PUNJABCHEM,PUNJLLOYD,PUNJTRACT,RAASI,RAIN,RAINCALCI,RAJESHEXPO,RALLIS,RAMCOCEM,RAMCOIND,RANBAXY,RAYMOND,RCF,RCOM,RECKITT,RECRON,RELCAPITAL,RELIANCE,RELINFRA,RHONE,RICOAUTO,RIIL,RKFORGE,ROYAL,RPGTRANS,RSWM,RUCHISOYA,RUSHIL,SAIL,SALORA,SAMTEL,SANGHI,SANOFI,SAREGAMA,SATYAM,SBIN,SCHAEFFLER,SCHENECT,SCI,SCILAL,SDREAMS,SESASTERL,SESHAPAPER,SHANTHIGEAR,SHAWWALLA,SHOPERSTOP,SHREECEM,SHRENUJ,SHRIRAMFIN,SHYAMTEL,SIEMENS,SIL,SIMPLEXINF,SKFINDIA,SMLISUZU,SONACOMS,SONATSOFTW,SOUTHBANK,SPARC,SPLPETRO,SRF,STAR,STATE,STERLINBIO,STERLITE,STYROLUT,SUNCLAY,SUNDARMFIN,SUNDRMFAST,SUNPHARMA,SUPREMEIND,SUVEN,TAMIL,TATACHEM,TATACOMM,TATACONSUM,TATAELXSI,TATAINVEST,TATAMETAL,TATAMOTORS,TATAPOWER,TATASPONGE,TATASTEEL,TCS,TECH,TFCI,THERMAX,THIRU,THOMASCOOK,TIINDIA,TIMEX,TIMKEN,TITAN,TNPETRO,TODAYS,TORNTPHARM,TORNTPOWER,TRANSPEK,TRENT,TRIDENT,TRIVENI,TTKPRESTIG,TVTODAY,UBL,UCALFUEL,UFLEX,ULTRACEMCO,UNICHEMLAB,UNIONBANK,USHAFIN,USHAMART,UTTAM,VARDMNPOLY,VARUN,VESUVIUS,VHL,VINDHYATEL,VIRAL,VISHAL,VOLTAS,VTL,WELENT,WIDIA,WIMCO,WINDMACH,WINSOME,WIPRO,WOOLWORTH,WSTCSTPAPR,WYETH,ZANDU,ZEEL,ZENSARTECH,ZUARI"
2008-03-12,Nifty500,RELIGARE,KOTHARIPRO,"3MINDIA,63MOONS,AARTIIND,ABANOFFSH,ABB,ABBOTINDIA,ABREL,ACC,ACCELYA,ADANIENT,ADOR,AGCNETWO,AKZOINDIA,ALEMBICLTD,ALFALAVAL,ALLCARGO,ALSTOMT&D,ALTOS,AMBALAL,AMBUJACEM,AMTEK,ANDHRAVALY,APARINDS,APOLLOHOSP,APOLLOTYRE,APPAPER,APPLE,APTECHT,ARCHIES,ARVIND,ASAHIINDIA,ASHOKLEY,ASIANHOTNR,ASIANPAINT,ASTRAZENCA,ATUL,ATULAUTO,AUTOAXLES,AVERY,AXISBANK,AZTECSOFT,BAJAJ,BAJAJ-AUTO,BAJAJHIND,BAJFINANCE,BALAJI,BALAJITELE,BALMLAWRIE,BALRAMCHIN,BANARISUG,BANKBARODA,BANKINDIA,BASF,BATAINDIA,BBTC,BEL,BEML,BERGEPAINT,BHADRACH,BHARATFORG,BHARTIARTL,BHEL,BHUSHANSTL,BI,BIOCON,BIRLAMONEY,BLKASHYAP,BLOWPLAST,BLUEDART,BLUESTARCO,BOMDYEING,BOSCH-HCIL,BOSCHLTD,BPCL,BRABOURNE,BRFL,BRITANNIA,BSOFT,CABLE,CADBURY,CANBK,CANFINHOME,CAPRIHANS,CASTROLIND,CCL,CEATLTD,CENTENKA,CENTURYTEX,CESC,CGPOWER,CHAMBLFERT,CHEMINOR,CHEMPLASTS,CHENNPETRO,CHETTINAD,CHOLAFIN,CHOLAHLDNG,CIPLA,CMC,COFORGE,COLPAL,CONCOR,COROMANDEL,COSMO,CRISIL,CUB,CUMMINSIND,CYBERTECH,DABUR,DAEWOO,DCAL,DCLPOLYE,DCW,DEEPAKFERT,DEN,DHAMPURSUG,DHANBANK,DICIND,DIGJAMLMTD,DLF,DRREDDY,DSQSOFTW,EIDPARRY,EIHOTEL,ELCIDIN,ELECON,ELECTCAST,ELECTREX,ELGIEQUIP,ELGIRUBCO,ENGINERSIN,ESABINDIA,ESCORTS,ESSEL,EXCELINDUS,EXIDEIND,FACT,FAGBEARI,FDC,FEDERALBNK,FINCABLES,FLUOROCHEM,FMGOETZE,FORBES,FOSECOIND,FULFORD,GAEL,GAIL,GANESHBE,GARDEN,GEOJITFSL,GHCL,GILLETTE,GKNDRIVE,GLAXO,GLENMARK,GLFL,GMDCLTD,GNFC,GODFRYPHLP,GODREJCP,GODREJIND,GOKEX,GOLDENTOBC,GOODRICKE,GOODYEAR,GRAPHITE,GRASIM,GREAVESCOT,GRINDWELL,GRINFRA,GSFC,GSKCONS,GSPL,GTL,GUJALKALI,GUJGASLTD,GUJNRECOKE,GVT&D,HAMCO,HARRMALAYA,HAVELLS,HCC,HCL-INSYS,HCLTECH,HDFC,HDFCBANK,HEALTHCARE,HEG,HEIDELBERG,HERBERTS,HERITGFOOD,HEROMOTOCO,HEXT,HGINFRA,HIKAL,HIMACHAL,HIMATSEIDE,HINDALCO,HINDOILEXP,HINDPETRO,HINDSYNTEX,HINDUJA,HINDUNILVR,HINDUSTAN,HINDZINC,HITECHCORP,HMT,HOGANAS,HONAUT,HOTEL,HSBCINVES,HTMEDIA,HUBTOWN,IBREALEST,ICICIBANK,IDBI,IDFCFIRSTB,IFBIND,IFCI,IGL,IGPL,INDHOTEL,INDIACEM,INDIAGLYCO,INDIANCARD,INDORAMA,INDUSINDBK,INFY,INGERRAND,INSILCO,INTERNAT,IOB,IOC,IONEXCHANG,IPCALAB,IPRINGS,ISMT,ISPAT,ITC,ITI,ITWSIGNO,JAGRAN,JAICORPLTD,JBCHEPHARM,JBMA,JETAIRWAYS,JINDALPHOT,JINDALPOLY,JINDALSAW,JINDALSTEL,JISLJALEQS,JKCEMENT,JKTYRE,JPASSOCIAT,JSL,JUBLINGRY,JYOTISTRUC,KAJARIACER,KANSAINER,KARURVYSYA,KCP,KINETIC,KMSUGAR,KOHINOOR,KOPRAN,KOTAKBANK,KPEL,KRISHNA,KRL,KSB,KTKBANK,LAKSHMI,LGBBROSLTD,LICHSGFIN,LINDEINDIA,LITL,LT,LUPIN,M& M,M&M,MADURA,MAFATIND,MAHABANK,MAHSCOOTER,MAHSEAMLES,MALWA,MARALOVER,MARICO,MARUTI,MASTEK,MATRIX,MAXIND,MCDOWELL,MCLEODRUSS,MERCATOR,MERCK,MERIND,MFSL,MICRO,MIRZAINT,MODIXEROX,MOREPENLAB,MOTHERSON,MOTHERSUMI,MPHASIS,MRF,MRPL,MTNL,MUKTAARTS,MUNJALAU,MUNJALSHOW,NAGARFERT,NAHAR,NAHARPOLY,NAHARSPING,NATCOPHARM,NATIONAL,NATIONALUM,NAVA,NAVNETED,NCC,NDTV,NEPC,NESTLEIND,NETWORK18,NILKAMAL,NIRMA,NITCO,NLCINDIA,NOIDATOLL,NTPC,OBC,OFSS,OIL,OILCOUNTUB,OLECTRA,OMAXAUTO,ONGC,ONIDA,ORIENTHOT,ORIENTPPR,OSWALAGRO,PATANJALI,PATNI,PATSPIN,PCBL,PDMJEPAPER,PEL,PENTAFOUR,PENTAMEDIA,PETRONET,PFIZER,PGHL,PHIL,PHILIPS,PHOENIX,PIDILITIND,PNB,POONAWALLA,PRAJIND,PRAKASH,PREMIERENE,PSIDATA,PTC,PUDUMJEE,PUNJABCHEM,PUNJLLOYD,PUNJTRACT,RAASI,RAIN,RAINCALCI,RAJESHEXPO,RALLIS,RAMCOCEM,RAMCOIND,RANBAXY,RAYMOND,RCF,RCOM,RECKITT,RECRON,RELCAPITAL,RELIANCE,RELIGARE,RELINFRA,RICOAUTO,RIIL,RKFORGE,ROYAL,RPGTRANS,RSWM,RUCHISOYA,RUSHIL,SAIL,SALORA,SAMTEL,SANGHI,SANOFI,SAREGAMA,SATYAM,SBIN,SCHAEFFLER,SCHENECT,SCI,SCILAL,SDREAMS,SESASTERL,SESHAPAPER,SHANTHIGEAR,SHAWWALLA,SHOPERSTOP,SHREECEM,SHRENUJ,SHRIRAMFIN,SHYAMTEL,SIEMENS,SIL,SIMPLEXINF,SKFINDIA,SMLISUZU,SONACOMS,SONATSOFTW,SOUTHBANK,SPARC,SPLPETRO,SRF,STAR,STATE,STERLINBIO,STERLITE,STYROLUT,SUNCLAY,SUNDARMFIN,SUNDRMFAST,SUNPHARMA,SUPREMEIND,SUVEN,TAMIL,TATACHEM,TATACOMM,TATACONSUM,TATAELXSI,TATAINVEST,TATAMETAL,TATAMOTORS,TATAPOWER,TATASPONGE,TATASTEEL,TCS,TECH,TFCI,THERMAX,THIRU,THOMASCOOK,TIINDIA,TIMEX,TIMKEN,TITAN,TNPETRO,TODAYS,TORNTPHARM,TORNTPOWER,TRANSPEK,TRENT,TRIDENT,TRIVENI,TTKPRESTIG,TVTODAY,UBL,UCALFUEL,UFLEX,ULTRACEMCO,UNICHEMLAB,UNIONBANK,USHAFIN,USHAMART,UTTAM,VARDMNPOLY,VARUN,VESUVIUS,VHL,VINDHYATEL,VIRAL,VISHAL,VOLTAS,VTL,WELENT,WIDIA,WIMCO,WINDMACH,WINSOME,WIPRO,WOOLWORTH,WSTCSTPAPR,WYETH,ZANDU,ZEEL,ZENSARTECH,ZUARI"
2008-05-11,Nifty500,OMAXE,MPSLTD,"3MINDIA,63MOONS,AARTIIND,ABANOFFSH,ABB,ABBOTINDIA,ABREL,ACC,ACCELYA,ADANIENT,ADOR,AGCNETWO,AKZOINDIA,ALEMBICLTD,ALFALAVAL,ALLCARGO,ALSTOMT&D,ALTOS,AMBALAL,AMBUJACEM,AMTEK,ANDHRAVALY,APARINDS,APOLLOHOSP,APOLLOTYRE,APPAPER,APPLE,APTECHT,ARCHIES,ARVIND,ASAHIINDIA,ASHOKLEY,ASIANHOTNR,ASIANPAINT,ASTRAZENCA,ATUL,ATULAUTO,AUTOAXLES,AVERY,AXISBANK,AZTECSOFT,BAJAJ,BAJAJ-AUTO,BAJAJHIND,BAJFINANCE,BALAJI,BALAJITELE,BALMLAWRIE,BALRAMCHIN,BANARISUG,BANKBARODA,BANKINDIA,BASF,BATAINDIA,BBTC,BEL,BEML,BERGEPAINT,BHADRACH,BHARATFORG,BHARTIARTL,BHEL,BHUSHANSTL,BI,BIOCON,BIRLAMONEY,BLKASHYAP,BLOWPLAST,BLUEDART,BLUESTARCO,BOMDYEING,BOSCH-HCIL,BOSCHLTD,BPCL,BRABOURNE,BRFL,BRITANNIA,BSOFT,CABLE,CADBURY,CANBK,CANFINHOME,CAPRIHANS,CASTROLIND,CCL,CEATLTD,CENTENKA,CENTURYTEX,CESC,CGPOWER,CHAMBLFERT,CHEMINOR,CHEMPLASTS,CHENNPETRO,CHETTINAD,CHOLAFIN,CHOLAHLDNG,CIPLA,CMC,COFORGE,COLPAL,CONCOR,COROMANDEL,COSMO,CRISIL,CUB,CUMMINSIND,CYBERTECH,DABUR,DAEWOO,DCAL,DCLPOLYE,DCW,DEEPAKFERT,DEN,DHAMPURSUG,DHANBANK,DICIND,DIGJAMLMTD,DLF,DRREDDY,DSQSOFTW,EIDPARRY,EIHOTEL,ELCIDIN,ELECON,ELECTCAST,ELECTREX,ELGIEQUIP,ELGIRUBCO,ENGINERSIN,ESABINDIA,ESCORTS,ESSEL,EXCELINDUS,EXIDEIND,FACT,FAGBEARI,FDC,FEDERALBNK,FINCABLES,FLUOROCHEM,FMGOETZE,FORBES,FOSECOIND,FULFORD,GAEL,GAIL,GANESHBE,GARDEN,GEOJITFSL,GHCL,GILLETTE,GKNDRIVE,GLAXO,GLENMARK,GLFL,GMDCLTD,GNFC,GODFRYPHLP,GODREJCP,GODREJIND,GOKEX,GOLDENTOBC,GOODRICKE,GOODYEAR,GRAPHITE,GRASIM,GREAVESCOT,GRINDWELL,GRINFRA,GSFC,GSKCONS,GSPL,GTL,GUJALKALI,GUJGASLTD,GUJNRECOKE,GVT&D,HARRMALAYA,HAVELLS,HCC,HCL-INSYS,HCLTECH,HDFC,HDFCBANK,HEALTHCARE,HEG,HEIDELBERG,HERBERTS,HERITGFOOD,HEROMOTOCO,HEXT,HGINFRA,HIKAL,HIMACHAL,HIMATSEIDE,HINDALCO,HINDOILEXP,HINDPETRO,HINDSYNTEX,HINDUJA,HINDUNILVR,HINDUSTAN,HINDZINC,HITECHCORP,HMT,HOGANAS,HONAUT,HOTEL,HSBCINVES,HTMEDIA,HUBTOWN,IBREALEST,ICICIBANK,IDBI,IDFCFIRSTB,IFBIND,IFCI,IGL,IGPL,INDHOTEL,INDIACEM,INDIAGLYCO,INDIANCARD,INDORAMA,INDUSINDBK,INFY,INGERRAND,INSILCO,INTERNAT,IOB,IOC,IONEXCHANG,IPCALAB,IPRINGS,ISMT,ISPAT,ITC,ITI,ITWSIGNO,JAGRAN,JAICORPLTD,JBCHEPHARM,JBMA,JETAIRWAYS,JINDALPHOT,JINDALPOLY,JINDALSAW,JINDALSTEL,JISLJALEQS,JKCEMENT,JKTYRE,JPASSOCIAT,JSL,JUBLINGRY,JYOTISTRUC,KAJARIACER,KANSAINER,KARURVYSYA,KCP,KINETIC,KMSUGAR,KOHINOOR,KOPRAN,KOTAKBANK,KPEL,KRISHNA,KRL,KSB,KTKBANK,LAKSHMI,LGBBROSLTD,LICHSGFIN,LINDEINDIA,LITL,LT,LUPIN,M& M,M&M,MADURA,MAFATIND,MAHABANK,MAHSCOOTER,MAHSEAMLES,MALWA,MARALOVER,MARICO,MARUTI,MASTEK,MATRIX,MAXIND,MCDOWELL,MCLEODRUSS,MERCATOR,MERCK,MERIND,MFSL,MICRO,MIRZAINT,MODIXEROX,MOREPENLAB,MOTHERSON,MOTHERSUMI,MPHASIS,MRF,MRPL,MTNL,MUKTAARTS,MUNJALAU,MUNJALSHOW,NAGARFERT,NAHAR,NAHARPOLY,NAHARSPING,NATCOPHARM,NATIONAL,NATIONALUM,NAVA,NAVNETED,NCC,NDTV,NEPC,NESTLEIND,NETWORK18,NILKAMAL,NIRMA,NITCO,NLCINDIA,NOIDATOLL,NTPC,OBC,OFSS,OIL,OILCOUNTUB,OLECTRA,OMAXAUTO,OMAXE,ONGC,ONIDA,ORIENTHOT,ORIENTPPR,OSWALAGRO,PATANJALI,PATNI,PATSPIN,PCBL,PDMJEPAPER,PEL,PENTAFOUR,PENTAMEDIA,PETRONET,PFIZER,PGHL,PHIL,PHILIPS,PHOENIX,PIDILITIND,PNB,POONAWALLA,PRAJIND,PRAKASH,PREMIERENE,PSIDATA,PTC,PUDUMJEE,PUNJABCHEM,PUNJLLOYD,PUNJTRACT,RAASI,RAIN,RAINCALCI,RAJESHEXPO,RALLIS,RAMCOCEM,RAMCOIND,RANBAXY,RAYMOND,RCF,RCOM,RECKITT,RECRON,RELCAPITAL,RELIANCE,RELIGARE,RELINFRA,RICOAUTO,RIIL,RKFORGE,ROYAL,RPGTRANS,RSWM,RUCHISOYA,RUSHIL,SAIL,SALORA,SAMTEL,SANGHI,SANOFI,SAREGAMA,SATYAM,SBIN,SCHAEFFLER,SCHENECT,SCI,SCILAL,SDREAMS,SESASTERL,SESHAPAPER,SHANTHIGEAR,SHAWWALLA,SHOPERSTOP,SHREECEM,SHRENUJ,SHRIRAMFIN,SHYAMTEL,SIEMENS,SIL,SIMPLEXINF,SKFINDIA,SMLISUZU,SONACOMS,SONATSOFTW,SOUTHBANK,SPARC,SPLPETRO,SRF,STAR,STATE,STERLINBIO,STERLITE,STYROLUT,SUNCLAY,SUNDARMFIN,SUNDRMFAST,SUNPHARMA,SUPREMEIND,SUVEN,TAMIL,TATACHEM,TATACOMM,TATACONSUM,TATAELXSI,TATAINVEST,TATAMETAL,TATAMOTORS,TATAPOWER,TATASPONGE,TATASTEEL,TCS,TECH,TFCI,THERMAX,THIRU,THOMASCOOK,TIINDIA,TIMEX,TIMKEN,TITAN,TNPETRO,TODAYS,TORNTPHARM,TORNTPOWER,TRANSPEK,TRENT,TRIDENT,TRIVENI,TTKPRESTIG,TVTODAY,UBL,UCALFUEL,UFLEX,ULTRACEMCO,UNICHEMLAB,UNIONBANK,USHAFIN,USHAMART,UTTAM,VARDMNPOLY,VARUN,VESUVIUS,VHL,VINDHYATEL,VIRAL,VISHAL,VOLTAS,VTL,WELENT,WIDIA,WIMCO,WINDMACH,WINSOME,WIPRO,WOOLWORTH,WSTCSTPAPR,WYETH,ZANDU,ZEEL,ZENSARTECH,ZUARI"
2008-10-09,Nifty500,"CASTROLIND,RECLTD,KUMARS,ESSAR,FORTIS,REIAGRO,NMDC,BAJAJHLDNG,BAJAJ-AUTO,RPOWER","WSI,NAM-INDIA,SUNDRMBRAK,KOPRAN,INDIANCARD,ACCELYA,ARCHIES,VARDMNPOLY,ZENITH,BLUESTARCO","3MINDIA,63MOONS,AARTIIND,ABANOFFSH,ABB,ABBOTINDIA,ABREL,ACC,ADANIENT,ADOR,AGCNETWO,AKZOINDIA,ALEMBICLTD,ALFALAVAL,ALLCARGO,ALSTOMT&D,ALTOS,AMBALAL,AMBUJACEM,AMTEK,ANDHRAVALY,APARINDS,APOLLOHOSP,APOLLOTYRE,APPAPER,APPLE,APTECHT,ARVIND,ASAHIINDIA,ASHOKLEY,ASIANHOTNR,ASIANPAINT,ASTRAZENCA,ATUL,ATULAUTO,AUTOAXLES,AVERY,AXISBANK,AZTECSOFT,BAJAJ,BAJAJ-AUTO,BAJAJHIND,BAJAJHLDNG,BAJFINANCE,BALAJI,BALMLAWRIE,BALRAMCHIN,BANARISUG,BANKBARODA,BANKINDIA,BASF,BATAINDIA,BBTC,BEL,BEML,BERGEPAINT,BHADRACH,BHARATFORG,BHARTIARTL,BHEL,BHUSHANSTL,BI,BIOCON,BIRLAMONEY,BLKASHYAP,BLOWPLAST,BLUEDART,BOMDYEING,BOSCH-HCIL,BOSCHLTD,BPCL,BRABOURNE,BRFL,BRITANNIA,BSOFT,CABLE,CADBURY,CANBK,CANFINHOME,CAPRIHANS,CASTROLIND,CCL,CEATLTD,CENTENKA,CENTURYTEX,CESC,CGPOWER,CHAMBLFERT,CHEMINOR,CHEMPLASTS,CHENNPETRO,CHETTINAD,CHOLAFIN,CHOLAHLDNG,CIPLA,CMC,COFORGE,COLPAL,CONCOR,COROMANDEL,COSMO,CRISIL,CUB,CUMMINSIND,CYBERTECH,DABUR,DAEWOO,DCAL,DCLPOLYE,DCW,DEEPAKFERT,DEN,DHAMPURSUG,DHANBANK,DICIND,DIGJAMLMTD,DLF,DRREDDY,DSQSOFTW,EIDPARRY,EIHOTEL,ELCIDIN,ELECON,ELECTCAST,ELECTREX,ELGIEQUIP,ELGIRUBCO,ENGINERSIN,ESABINDIA,ESCORTS,ESSAR,ESSEL,EXCELINDUS,EXIDEIND,FACT,FAGBEARI,FDC,FEDERALBNK,FINCABLES,FLUOROCHEM,FMGOETZE,FORBES,FORTIS,FOSECOIND,FULFORD,GAEL,GAIL,GANESHBE,GARDEN,GEOJITFSL,GHCL,GILLETTE,GKNDRIVE,GLAXO,GLENMARK,GLFL,GMDCLTD,GNFC,GODFRYPHLP,GODREJCP,GODREJIND,GOKEX,GOLDENTOBC,GOODRICKE,GOODYEAR,GRAPHITE,GRASIM,GREAVESCOT,GRINDWELL,GRINFRA,GSFC,GSKCONS,GSPL,GTL,GUJALKALI,GUJGASLTD,GUJNRECOKE,GVT&D,HARRMALAYA,HAVELLS,HCC,HCL-INSYS,HCLTECH,HDFC,HDFCBANK,HEALTHCARE,HEG,HEIDELBERG,HERBERTS,HERITGFOOD,HEROMOTOCO,HEXT,HGINFRA,HIKAL,HIMACHAL,HIMATSEIDE,HINDALCO,HINDOILEXP,HINDPETRO,HINDSYNTEX,HINDUJA,HINDUNILVR,HINDUSTAN,HINDZINC,HITECHCORP,HMT,HOGANAS,HONAUT,HOTEL,HSBCINVES,HTMEDIA,HUBTOWN,IBREALEST,ICICIBANK,IDBI,IDFCFIRSTB,IFBIND,IFCI,IGL,IGPL,INDHOTEL,INDIACEM,INDIAGLYCO,INDORAMA,INDUSINDBK,INFY,INGERRAND,INSILCO,INTERNAT,IOB,IOC,IONEXCHANG,IPCALAB,IPRINGS,ISMT,ISPAT,ITC,ITI,ITWSIGNO,JAGRAN,JAICORPLTD,JBCHEPHARM,JBMA,JETAIRWAYS,JINDALPHOT,JINDALPOLY,JINDALSAW,JINDALSTEL,JISLJALEQS,JKCEMENT,JKTYRE,JPASSOCIAT,JSL,JUBLINGRY,JYOTISTRUC,KAJARIACER,KANSAINER,KARURVYSYA,KCP,KINETIC,KMSUGAR,KOHINOOR,KOTAKBANK,KPEL,KRISHNA,KRL,KSB,KTKBANK,KUMARS,LAKSHMI,LGBBROSLTD,LICHSGFIN,LINDEINDIA,LITL,LT,LUPIN,M& M,M&M,MADURA,MAFATIND,MAHABANK,MAHSCOOTER,MAHSEAMLES,MALWA,MARALOVER,MARICO,MARUTI,MASTEK,MATRIX,MAXIND,MCDOWELL,MCLEODRUSS,MERCATOR,MERCK,MERIND,MFSL,MICRO,MIRZAINT,MODIXEROX,MOREPENLAB,MOTHERSON,MOTHERSUMI,MPHASIS,MRF,MRPL,MTNL,MUKTAARTS,MUNJALAU,MUNJALSHOW,NAGARFERT,NAHAR,NAHARPOLY,NAHARSPING,NATCOPHARM,NATIONAL,NATIONALUM,NAVA,NAVNETED,NCC,NDTV,NEPC,NESTLEIND,NETWORK18,NILKAMAL,NIRMA,NITCO,NLCINDIA,NMDC,NOIDATOLL,NTPC,OBC,OFSS,OIL,OILCOUNTUB,OLECTRA,OMAXAUTO,OMAXE,ONGC,ONIDA,ORIENTHOT,ORIENTPPR,OSWALAGRO,PATANJALI,PATNI,PATSPIN,PCBL,PDMJEPAPER,PEL,PENTAFOUR,PENTAMEDIA,PETRONET,PFIZER,PGHL,PHIL,PHILIPS,PHOENIX,PIDILITIND,PNB,POONAWALLA,PRAJIND,PRAKASH,PREMIERENE,PSIDATA,PTC,PUDUMJEE,PUNJABCHEM,PUNJLLOYD,PUNJTRACT,RAASI,RAIN,RAINCALCI,RAJESHEXPO,RALLIS,RAMCOCEM,RAMCOIND,RANBAXY,RAYMOND,RCF,RCOM,RECKITT,RECLTD,RECRON,REIAGRO,RELCAPITAL,RELIANCE,RELIGARE,RELINFRA,RICOAUTO,RIIL,RKFORGE,ROYAL,RPGTRANS,RPOWER,RSWM,RUCHISOYA,RUSHIL,SAIL,SALORA,SAMTEL,SANGHI,SANOFI,SAREGAMA,SATYAM,SBIN,SCHAEFFLER,SCHENECT,SCI,SCILAL,SDREAMS,SESASTERL,SESHAPAPER,SHANTHIGEAR,SHAWWALLA,SHOPERSTOP,SHREECEM,SHRENUJ,SHRIRAMFIN,SHYAMTEL,SIEMENS,SIL,SIMPLEXINF,SKFINDIA,SMLISUZU,SONACOMS,SONATSOFTW,SOUTHBANK,SPARC,SPLPETRO,SRF,STAR,STATE,STERLINBIO,STERLITE,STYROLUT,SUNCLAY,SUNDARMFIN,SUNDRMFAST,SUNPHARMA,SUPREMEIND,SUVEN,TAMIL,TATACHEM,TATACOMM,TATACONSUM,TATAELXSI,TATAINVEST,TATAMETAL,TATAMOTORS,TATAPOWER,TATASPONGE,TATASTEEL,TCS,TECH,TFCI,THERMAX,THIRU,THOMASCOOK,TIINDIA,TIMEX,TIMKEN,TITAN,TNPETRO,TODAYS,TORNTPHARM,TORNTPOWER,TRANSPEK,TRENT,TRIDENT,TRIVENI,TTKPRESTIG,TVTODAY,UBL,UCALFUEL,UFLEX,ULTRACEMCO,UNICHEMLAB,UNIONBANK,USHAFIN,USHAMART,UTTAM,VARUN,VESUVIUS,VHL,VINDHYATEL,VIRAL,VISHAL,VOLTAS,VTL,WELENT,WIDIA,WIMCO,WINDMACH,WINSOME,WIPRO,WSTCSTPAPR,WYETH,ZANDU,ZEEL,ZENSARTECH,ZUARI"
2009-11-05,Nifty500,REIAGRO,SHREE,"3MINDIA,63MOONS,AARTIIND,ABANOFFSH,ABB,ABBOTINDIA,ABREL,ACC,ADANIENT,ADOR,AGCNETWO,AKZOINDIA,ALEMBICLTD,ALFALAVAL,ALLCARGO,ALSTOMT&D,ALTOS,AMBALAL,AMBUJACEM,AMTEK,ANDHRAVALY,APARINDS,APOLLOHOSP,APOLLOTYRE,APPAPER,APPLE,APTECHT,ARVIND,ASAHIINDIA,ASHOKLEY,ASIANHOTNR,ASIANPAINT,ASTRAZENCA,ATUL,ATULAUTO,AUTOAXLES,AVERY,AXISBANK,AZTECSOFT,BAJAJ,BAJAJ-AUTO,BAJAJHIND,BAJAJHLDNG,BAJFINANCE,BALAJI,BALMLAWRIE,BALRAMCHIN,BANARISUG,BANKBARODA,BANKINDIA,BASF,BATAINDIA,BBTC,BEL,BEML,BERGEPAINT,BHADRACH,BHARATFORG,BHARTIARTL,BHEL,BHUSHANSTL,BI,BIOCON,BIRLAMONEY,BLKASHYAP,BLOWPLAST,BLUEDART,BOMDYEING,BOSCH-HCIL,BOSCHLTD,BPCL,BRABOURNE,BRFL,BRITANNIA,BSOFT,CABLE,CADBURY,CANBK,CANFINHOME,CAPRIHANS,CASTROLIND,CCL,CEATLTD,CENTENKA,CENTURYTEX,CESC,CGPOWER,CHAMBLFERT,CHEMINOR,CHEMPLASTS,CHENNPETRO,CHETTINAD,CHOLAFIN,CHOLAHLDNG,CIPLA,CMC,COFORGE,COLPAL,CONCOR,COROMANDEL,COSMO,CRISIL,CUB,CUMMINSIND,CYBERTECH,DABUR,DAEWOO,DCAL,DCLPOLYE,DCW,DEEPAKFERT,DEN,DHAMPURSUG,DHANBANK,DICIND,DIGJAMLMTD,DLF,DRREDDY,DSQSOFTW,EIDPARRY,EIHOTEL,ELCIDIN,ELECON,ELECTCAST,ELECTREX,ELGIEQUIP,ELGIRUBCO,ENGINERSIN,ESABINDIA,ESCORTS,ESSAR,ESSEL,EXCELINDUS,EXIDEIND,FACT,FAGBEARI,FDC,FEDERALBNK,FINCABLES,FLUOROCHEM,FMGOETZE,FORBES,FORTIS,FOSECOIND,FULFORD,GAEL,GAIL,GANESHBE,GARDEN,GEOJITFSL,GHCL,GILLETTE,GKNDRIVE,GLAXO,GLENMARK,GLFL,GMDCLTD,GNFC,GODFRYPHLP,GODREJCP,GODREJIND,GOKEX,GOLDENTOBC,GOODRICKE,GOODYEAR,GRAPHITE,GRASIM,GREAVESCOT,GRINDWELL,GRINFRA,GSFC,GSKCONS,GSPL,GTL,GUJALKALI,GUJGASLTD,GUJNRECOKE,GVT&D,HARRMALAYA,HAVELLS,HCC,HCL-INSYS,HCLTECH,HDFC,HDFCBANK,HEALTHCARE,HEG,HEIDELBERG,HERBERTS,HERITGFOOD,HEROMOTOCO,HEXT,HGINFRA,HIKAL,HIMACHAL,HIMATSEIDE,HINDALCO,HINDOILEXP,HINDPETRO,HINDSYNTEX,HINDUJA,HINDUNILVR,HINDUSTAN,HINDZINC,HITECHCORP,HMT,HOGANAS,HONAUT,HOTEL,HSBCINVES,HTMEDIA,HUBTOWN,IBREALEST,ICICIBANK,IDBI,IDFCFIRSTB,IFBIND,IFCI,IGL,IGPL,INDHOTEL,INDIACEM,INDIAGLYCO,INDORAMA,INDUSINDBK,INFY,INGERRAND,INSILCO,INTERNAT,IOB,IOC,IONEXCHANG,IPCALAB,IPRINGS,ISMT,ISPAT,ITC,ITI,ITWSIGNO,JAGRAN,JAICORPLTD,JBCHEPHARM,JBMA,JETAIRWAYS,JINDALPHOT,JINDALPOLY,JINDALSAW,JINDALSTEL,JISLJALEQS,JKCEMENT,JKTYRE,JPASSOCIAT,JSL,JUBLINGRY,JYOTISTRUC,KAJARIACER,KANSAINER,KARURVYSYA,KCP,KINETIC,KMSUGAR,KOHINOOR,KOTAKBANK,KPEL,KRISHNA,KRL,KSB,KTKBANK,KUMARS,LAKSHMI,LGBBROSLTD,LICHSGFIN,LINDEINDIA,LITL,LT,LUPIN,M& M,M&M,MADURA,MAFATIND,MAHABANK,MAHSCOOTER,MAHSEAMLES,MALWA,MARALOVER,MARICO,MARUTI,MASTEK,MATRIX,MAXIND,MCDOWELL,MCLEODRUSS,MERCATOR,MERCK,MERIND,MFSL,MICRO,MIRZAINT,MODIXEROX,MOREPENLAB,MOTHERSON,MOTHERSUMI,MPHASIS,MRF,MRPL,MTNL,MUKTAARTS,MUNJALAU,MUNJALSHOW,NAGARFERT,NAHAR,NAHARPOLY,NAHARSPING,NATCOPHARM,NATIONAL,NATIONALUM,NAVA,NAVNETED,NCC,NDTV,NEPC,NESTLEIND,NETWORK18,NILKAMAL,NIRMA,NITCO,NLCINDIA,NMDC,NOIDATOLL,NTPC,OBC,OFSS,OIL,OILCOUNTUB,OLECTRA,OMAXAUTO,OMAXE,ONGC,ONIDA,ORIENTHOT,ORIENTPPR,OSWALAGRO,PATANJALI,PATNI,PATSPIN,PCBL,PDMJEPAPER,PEL,PENTAFOUR,PENTAMEDIA,PETRONET,PFIZER,PGHL,PHIL,PHILIPS,PHOENIX,PIDILITIND,PNB,POONAWALLA,PRAJIND,PRAKASH,PREMIERENE,PSIDATA,PTC,PUDUMJEE,PUNJABCHEM,PUNJLLOYD,PUNJTRACT,RAASI,RAIN,RAINCALCI,RAJESHEXPO,RALLIS,RAMCOCEM,RAMCOIND,RANBAXY,RAYMOND,RCF,RCOM,RECKITT,RECLTD,RECRON,REIAGRO,RELCAPITAL,RELIANCE,RELIGARE,RELINFRA,RICOAUTO,RIIL,RKFORGE,ROYAL,RPGTRANS,RPOWER,RSWM,RUCHISOYA,RUSHIL,SAIL,SALORA,SAMTEL,SANGHI,SANOFI,SAREGAMA,SATYAM,SBIN,SCHAEFFLER,SCHENECT,SCI,SCILAL,SDREAMS,SESASTERL,SESHAPAPER,SHANTHIGEAR,SHAWWALLA,SHOPERSTOP,SHREECEM,SHRENUJ,SHRIRAMFIN,SHYAMTEL,SIEMENS,SIL,SIMPLEXINF,SKFINDIA,SMLISUZU,SONACOMS,SONATSOFTW,SOUTHBANK,SPARC,SPLPETRO,SRF,STAR,STATE,STERLINBIO,STERLITE,STYROLUT,SUNCLAY,SUNDARMFIN,SUNDRMFAST,SUNPHARMA,SUPREMEIND,SUVEN,TAMIL,TATACHEM,TATACOMM,TATACONSUM,TATAELXSI,TATAINVEST,TATAMETAL,TATAMOTORS,TATAPOWER,TATASPONGE,TATASTEEL,TCS,TECH,TFCI,THERMAX,THIRU,THOMASCOOK,TIINDIA,TIMEX,TIMKEN,TITAN,TNPETRO,TODAYS,TORNTPHARM,TORNTPOWER,TRANSPEK,TRENT,TRIDENT,TRIVENI,TTKPRESTIG,TVTODAY,UBL,UCALFUEL,UFLEX,ULTRACEMCO,UNICHEMLAB,UNIONBANK,USHAFIN,USHAMART,UTTAM,VARUN,VESUVIUS,VHL,VINDHYATEL,VIRAL,VISHAL,VOLTAS,VTL,WELENT,WIDIA,WIMCO,WINDMACH,WINSOME,WIPRO,WSTCSTPAPR,WYETH,ZANDU,ZEEL,ZENSARTECH,ZUARI"
2009-12-01,Nifty500,CAIRN,SATYAM,"3MINDIA,63MOONS,AARTIIND,ABANOFFSH,ABB,ABBOTINDIA,ABREL,ACC,ADANIENT,ADOR,AGCNETWO,AKZOINDIA,ALEMBICLTD,ALFALAVAL,ALLCARGO,ALSTOMT&D,ALTOS,AMBALAL,AMBUJACEM,AMTEK,ANDHRAVALY,APARINDS,APOLLOHOSP,APOLLOTYRE,APPAPER,APPLE,APTECHT,ARVIND,ASAHIINDIA,ASHOKLEY,ASIANHOTNR,ASIANPAINT,ASTRAZENCA,ATUL,ATULAUTO,AUTOAXLES,AVERY,AXISBANK,AZTECSOFT,BAJAJ,BAJAJ-AUTO,BAJAJHIND,BAJAJHLDNG,BAJFINANCE,BALAJI,BALMLAWRIE,BALRAMCHIN,BANARISUG,BANKBARODA,BANKINDIA,BASF,BATAINDIA,BBTC,BEL,BEML,BERGEPAINT,BHADRACH,BHARATFORG,BHARTIARTL,BHEL,BHUSHANSTL,BI,BIOCON,BIRLAMONEY,BLKASHYAP,BLOWPLAST,BLUEDART,BOMDYEING,BOSCH-HCIL,BOSCHLTD,BPCL,BRABOURNE,BRFL,BRITANNIA,BSOFT,CABLE,CADBURY,CAIRN,CANBK,CANFINHOME,CAPRIHANS,CASTROLIND,CCL,CEATLTD,CENTENKA,CENTURYTEX,CESC,CGPOWER,CHAMBLFERT,CHEMINOR,CHEMPLASTS,CHENNPETRO,CHETTINAD,CHOLAFIN,CHOLAHLDNG,CIPLA,CMC,COFORGE,COLPAL,CONCOR,COROMANDEL,COSMO,CRISIL,CUB,CUMMINSIND,CYBERTECH,DABUR,DAEWOO,DCAL,DCLPOLYE,DCW,DEEPAKFERT,DEN,DHAMPURSUG,DHANBANK,DICIND,DIGJAMLMTD,DLF,DRREDDY,DSQSOFTW,EIDPARRY,EIHOTEL,ELCIDIN,ELECON,ELECTCAST,ELECTREX,ELGIEQUIP,ELGIRUBCO,ENGINERSIN,ESABINDIA,ESCORTS,ESSAR,ESSEL,EXCELINDUS,EXIDEIND,FACT,FAGBEARI,FDC,FEDERALBNK,FINCABLES,FLUOROCHEM,FMGOETZE,FORBES,FORTIS,FOSECOIND,FULFORD,GAEL,GAIL,GANESHBE,GARDEN,GEOJITFSL,GHCL,GILLETTE,GKNDRIVE,GLAXO,GLENMARK,GLFL,GMDCLTD,GNFC,GODFRYPHLP,GODREJCP,GODREJIND,GOKEX,GOLDENTOBC,GOODRICKE,GOODYEAR,GRAPHITE,GRASIM,GREAVESCOT,GRINDWELL,GRINFRA,GSFC,GSKCONS,GSPL,GTL,GUJALKALI,GUJGASLTD,GUJNRECOKE,GVT&D,HARRMALAYA,HAVELLS,HCC,HCL-INSYS,HCLTECH,HDFC,HDFCBANK,HEALTHCARE,HEG,HEIDELBERG,HERBERTS,HERITGFOOD,HEROMOTOCO,HEXT,HGINFRA,HIKAL,HIMACHAL,HIMATSEIDE,HINDALCO,HINDOILEXP,HINDPETRO,HINDSYNTEX,HINDUJA,HINDUNILVR,HINDUSTAN,HINDZINC,HITECHCORP,HMT,HOGANAS,HONAUT,HOTEL,HSBCINVES,HTMEDIA,HUBTOWN,IBREALEST,ICICIBANK,IDBI,IDFCFIRSTB,IFBIND,IFCI,IGL,IGPL,INDHOTEL,INDIACEM,INDIAGLYCO,INDORAMA,INDUSINDBK,INFY,INGERRAND,INSILCO,INTERNAT,IOB,IOC,IONEXCHANG,IPCALAB,IPRINGS,ISMT,ISPAT,ITC,ITI,ITWSIGNO,JAGRAN,JAICORPLTD,JBCHEPHARM,JBMA,JETAIRWAYS,JINDALPHOT,JINDALPOLY,JINDALSAW,JINDALSTEL,JISLJALEQS,JKCEMENT,JKTYRE,JPASSOCIAT,JSL,JUBLINGRY,JYOTISTRUC,KAJARIACER,KANSAINER,KARURVYSYA,KCP,KINETIC,KMSUGAR,KOHINOOR,KOTAKBANK,KPEL,KRISHNA,KRL,KSB,KTKBANK,KUMARS,LAKSHMI,LGBBROSLTD,LICHSGFIN,LINDEINDIA,LITL,LT,LUPIN,M& M,M&M,MADURA,MAFATIND,MAHABANK,MAHSCOOTER,MAHSEAMLES,MALWA,MARALOVER,MARICO,MARUTI,MASTEK,MATRIX,MAXIND,MCDOWELL,MCLEODRUSS,MERCATOR,MERCK,MERIND,MFSL,MICRO,MIRZAINT,MODIXEROX,MOREPENLAB,MOTHERSON,MOTHERSUMI,MPHASIS,MRF,MRPL,MTNL,MUKTAARTS,MUNJALAU,MUNJALSHOW,NAGARFERT,NAHAR,NAHARPOLY,NAHARSPING,NATCOPHARM,NATIONAL,NATIONALUM,NAVA,NAVNETED,NCC,NDTV,NEPC,NESTLEIND,NETWORK18,NILKAMAL,NIRMA,NITCO,NLCINDIA,NMDC,NOIDATOLL,NTPC,OBC,OFSS,OIL,OILCOUNTUB,OLECTRA,OMAXAUTO,OMAXE,ONGC,ONIDA,ORIENTHOT,ORIENTPPR,OSWALAGRO,PATANJALI,PATNI,PATSPIN,PCBL,PDMJEPAPER,PEL,PENTAFOUR,PENTAMEDIA,PETRONET,PFIZER,PGHL,PHIL,PHILIPS,PHOENIX,PIDILITIND,PNB,POONAWALLA,PRAJIND,PRAKASH,PREMIERENE,PSIDATA,PTC,PUDUMJEE,PUNJABCHEM,PUNJLLOYD,PUNJTRACT,RAASI,RAIN,RAINCALCI,RAJESHEXPO,RALLIS,RAMCOCEM,RAMCOIND,RANBAXY,RAYMOND,RCF,RCOM,RECKITT,RECLTD,RECRON,REIAGRO,RELCAPITAL,RELIANCE,RELIGARE,RELINFRA,RICOAUTO,RIIL,RKFORGE,ROYAL,RPGTRANS,RPOWER,RSWM,RUCHISOYA,RUSHIL,SAIL,SALORA,SAMTEL,SANGHI,SANOFI,SAREGAMA,SBIN,SCHAEFFLER,SCHENECT,SCI,SCILAL,SDREAMS,SESASTERL,SESHAPAPER,SHANTHIGEAR,SHAWWALLA,SHOPERSTOP,SHREECEM,SHRENUJ,SHRIRAMFIN,SHYAMTEL,SIEMENS,SIL,SIMPLEXINF,SKFINDIA,SMLISUZU,SONACOMS,SONATSOFTW,SOUTHBANK,SPARC,SPLPETRO,SRF,STAR,STATE,STERLINBIO,STERLITE,STYROLUT,SUNCLAY,SUNDARMFIN,SUNDRMFAST,SUNPHARMA,SUPREMEIND,SUVEN,TAMIL,TATACHEM,TATACOMM,TATACONSUM,TATAELXSI,TATAINVEST,TATAMETAL,TATAMOTORS,TATAPOWER,TATASPONGE,TATASTEEL,TCS,TECH,TFCI,THERMAX,THIRU,THOMASCOOK,TIINDIA,TIMEX,TIMKEN,TITAN,TNPETRO,TODAYS,TORNTPHARM,TORNTPOWER,TRANSPEK,TRENT,TRIDENT,TRIVENI,TTKPRESTIG,TVTODAY,UBL,UCALFUEL,UFLEX,ULTRACEMCO,UNICHEMLAB,UNIONBANK,USHAFIN,USHAMART,UTTAM,VARUN,VESUVIUS,VHL,VINDHYATEL,VIRAL,VISHAL,VOLTAS,VTL,WELENT,WIDIA,WIMCO,WINDMACH,WINSOME,WIPRO,WSTCSTPAPR,WYETH,ZANDU,ZEEL,ZENSARTECH,ZUARI"
2010-06-04,Nifty500,NH,MICRO,"3MINDIA,63MOONS,AARTIIND,ABANOFFSH,ABB,ABBOTINDIA,ABREL,ACC,ADANIENT,ADOR,AGCNETWO,AKZOINDIA,ALEMBICLTD,ALFALAVAL,ALLCARGO,ALSTOMT&D,ALTOS,AMBALAL,AMBUJACEM,AMTEK,ANDHRAVALY,APARINDS,APOLLOHOSP,APOLLOTYRE,APPAPER,APPLE,APTECHT,ARVIND,ASAHIINDIA,ASHOKLEY,ASIANHOTNR,ASIANPAINT,ASTRAZENCA,ATUL,ATULAUTO,AUTOAXLES,AVERY,AXISBANK,AZTECSOFT,BAJAJ,BAJAJ-AUTO,BAJAJHIND,BAJAJHLDNG,BAJFINANCE,BALAJI,BALMLAWRIE,BALRAMCHIN,BANARISUG,BANKBARODA,BANKINDIA,BASF,BATAINDIA,BBTC,BEL,BEML,BERGEPAINT,BHADRACH,BHARATFORG,BHARTIARTL,BHEL,BHUSHANSTL,BI,BIOCON,BIRLAMONEY,BLKASHYAP,BLOWPLAST,BLUEDART,BOMDYEING,BOSCH-HCIL,BOSCHLTD,BPCL,BRABOURNE,BRFL,BRITANNIA,BSOFT,CABLE,CADBURY,CAIRN,CANBK,CANFINHOME,CAPRIHANS,CASTROLIND,CCL,CEATLTD,CENTENKA,CENTURYTEX,CESC,CGPOWER,CHAMBLFERT,CHEMINOR,CHEMPLASTS,CHENNPETRO,CHETTINAD,CHOLAFIN,CHOLAHLDNG,CIPLA,CMC,COFORGE,COLPAL,CONCOR,COROMANDEL,COSMO,CRISIL,CUB,CUMMINSIND,CYBERTECH,DABUR,DAEWOO,DCAL,DCLPOLYE,DCW,DEEPAKFERT,DEN,DHAMPURSUG,DHANBANK,DICIND,DIGJAMLMTD,DLF,DRREDDY,DSQSOFTW,EIDPARRY,EIHOTEL,ELCIDIN,ELECON,ELECTCAST,ELECTREX,ELGIEQUIP,ELGIRUBCO,ENGINERSIN,ESABINDIA,ESCORTS,ESSAR,ESSEL,EXCELINDUS,EXIDEIND,FACT,FAGBEARI,FDC,FEDERALBNK,FINCABLES,FLUOROCHEM,FMGOETZE,FORBES,FORTIS,FOSECOIND,FULFORD,GAEL,GAIL,GANESHBE,GARDEN,GEOJITFSL,GHCL,GILLETTE,GKNDRIVE,GLAXO,GLENMARK,GLFL,GMDCLTD,GNFC,GODFRYPHLP,GODREJCP,GODREJIND,GOKEX,GOLDENTOBC,GOODRICKE,GOODYEAR,GRAPHITE,GRASIM,GREAVESCOT,GRINDWELL,GRINFRA,GSFC,GSKCONS,GSPL,GTL,GUJALKALI,GUJGASLTD,GUJNRECOKE,GVT&D,HARRMALAYA,HAVELLS,HCC,HCL-INSYS,HCLTECH,HDFC,HDFCBANK,HEALTHCARE,HEG,HEIDELBERG,HERBERTS,HERITGFOOD,HEROMOTOCO,HEXT,HGINFRA,HIKAL,HIMACHAL,HIMATSEIDE,HINDALCO,HINDOILEXP,HINDPETRO,HINDSYNTEX,HINDUJA,HINDUNILVR,HINDUSTAN,HINDZINC,HITECHCORP,HMT,HOGANAS,HONAUT,HOTEL,HSBCINVES,HTMEDIA,HUBTOWN,IBREALEST,ICICIBANK,IDBI,IDFCFIRSTB,IFBIND,IFCI,IGL,IGPL,INDHOTEL,INDIACEM,INDIAGLYCO,INDORAMA,INDUSINDBK,INFY,INGERRAND,INSILCO,INTERNAT,IOB,IOC,IONEXCHANG,IPCALAB,IPRINGS,ISMT,ISPAT,ITC,ITI,ITWSIGNO,JAGRAN,JAICORPLTD,JBCHEPHARM,JBMA,JETAIRWAYS,JINDALPHOT,JINDALPOLY,JINDALSAW,JINDALSTEL,JISLJALEQS,JKCEMENT,JKTYRE,JPASSOCIAT,JSL,JUBLINGRY,JYOTISTRUC,KAJARIACER,KANSAINER,KARURVYSYA,KCP,KINETIC,KMSUGAR,KOHINOOR,KOTAKBANK,KPEL,KRISHNA,KRL,KSB,KTKBANK,KUMARS,LAKSHMI,LGBBROSLTD,LICHSGFIN,LINDEINDIA,LITL,LT,LUPIN,M& M,M&M,MADURA,MAFATIND,MAHABANK,MAHSCOOTER,MAHSEAMLES,MALWA,MARALOVER,MARICO,MARUTI,MASTEK,MATRIX,MAXIND,MCDOWELL,MCLEODRUSS,MERCATOR,MERCK,MERIND,MFSL,MIRZAINT,MODIXEROX,MOREPENLAB,MOTHERSON,MOTHERSUMI,MPHASIS,MRF,MRPL,MTNL,MUKTAARTS,MUNJALAU,MUNJALSHOW,NAGARFERT,NAHAR,NAHARPOLY,NAHARSPING,NATCOPHARM,NATIONAL,NATIONALUM,NAVA,NAVNETED,NCC,NDTV,NEPC,NESTLEIND,NETWORK18,NH,NILKAMAL,NIRMA,NITCO,NLCINDIA,NMDC,NOIDATOLL,NTPC,OBC,OFSS,OIL,OILCOUNTUB,OLECTRA,OMAXAUTO,OMAXE,ONGC,ONIDA,ORIENTHOT,ORIENTPPR,OSWALAGRO,PATANJALI,PATNI,PATSPIN,PCBL,PDMJEPAPER,PEL,PENTAFOUR,PENTAMEDIA,PETRONET,PFIZER,PGHL,PHIL,PHILIPS,PHOENIX,PIDILITIND,PNB,POONAWALLA,PRAJIND,PRAKASH,PREMIERENE,PSIDATA,PTC,PUDUMJEE,PUNJABCHEM,PUNJLLOYD,PUNJTRACT,RAASI,RAIN,RAINCALCI,RAJESHEXPO,RALLIS,RAMCOCEM,RAMCOIND,RANBAXY,RAYMOND,RCF,RCOM,RECKITT,RECLTD,RECRON,REIAGRO,RELCAPITAL,RELIANCE,RELIGARE,RELINFRA,RICOAUTO,RIIL,RKFORGE,ROYAL,RPGTRANS,RPOWER,RSWM,RUCHISOYA,RUSHIL,SAIL,SALORA,SAMTEL,SANGHI,SANOFI,SAREGAMA,SBIN,SCHAEFFLER,SCHENECT,SCI,SCILAL,SDREAMS,SESASTERL,SESHAPAPER,SHANTHIGEAR,SHAWWALLA,SHOPERSTOP,SHREECEM,SHRENUJ,SHRIRAMFIN,SHYAMTEL,SIEMENS,SIL,SIMPLEXINF,SKFINDIA,SMLISUZU,SONACOMS,SONATSOFTW,SOUTHBANK,SPARC,SPLPETRO,SRF,STAR,STATE,STERLINBIO,STERLITE,STYROLUT,SUNCLAY,SUNDARMFIN,SUNDRMFAST,SUNPHARMA,SUPREMEIND,SUVEN,TAMIL,TATACHEM,TATACOMM,TATACONSUM,TATAELXSI,TATAINVEST,TATAMETAL,TATAMOTORS,TATAPOWER,TATASPONGE,TATASTEEL,TCS,TECH,TFCI,THERMAX,THIRU,THOMASCOOK,TIINDIA,TIMEX,TIMKEN,TITAN,TNPETRO,TODAYS,TORNTPHARM,TORNTPOWER,TRANSPEK,TRENT,TRIDENT,TRIVENI,TTKPRESTIG,TVTODAY,UBL,UCALFUEL,UFLEX,ULTRACEMCO,UNICHEMLAB,UNIONBANK,USHAFIN,USHAMART,UTTAM,VARUN,VESUVIUS,VHL,VINDHYATEL,VIRAL,VISHAL,VOLTAS,VTL,WELENT,WIDIA,WIMCO,WINDMACH,WINSOME,WIPRO,WSTCSTPAPR,WYETH,ZANDU,ZEEL,ZENSARTECH,ZUARI"
2010-07-10,Nifty500,"JUBLFOOD,JPPOWER","ZEEL,RNRL","3MINDIA,63MOONS,AARTIIND,ABANOFFSH,ABB,ABBOTINDIA,ABREL,ACC,ADANIENT,ADOR,AGCNETWO,AKZOINDIA,ALEMBICLTD,ALFALAVAL,ALLCARGO,ALSTOMT&D,ALTOS,AMBALAL,AMBUJACEM,AMTEK,ANDHRAVALY,APARINDS,APOLLOHOSP,APOLLOTYRE,APPAPER,APPLE,APTECHT,ARVIND,ASAHIINDIA,ASHOKLEY,ASIANHOTNR,ASIANPAINT,ASTRAZENCA,ATUL,ATULAUTO,AUTOAXLES,AVERY,AXISBANK,AZTECSOFT,BAJAJ,BAJAJ-AUTO,BAJAJHIND,BAJAJHLDNG,BAJFINANCE,BALAJI,BALMLAWRIE,BALRAMCHIN,BANARISUG,BANKBARODA,BANKINDIA,BASF,BATAINDIA,BBTC,BEL,BEML,BERGEPAINT,BHADRACH,BHARATFORG,BHARTIARTL,BHEL,BHUSHANSTL,BI,BIOCON,BIRLAMONEY,BLKASHYAP,BLOWPLAST,BLUEDART,BOMDYEING,BOSCH-HCIL,BOSCHLTD,BPCL,BRABOURNE,BRFL,BRITANNIA,BSOFT,CABLE,CADBURY,CAIRN,CANBK,CANFINHOME,CAPRIHANS,CASTROLIND,CCL,CEATLTD,CENTENKA,CENTURYTEX,CESC,CGPOWER,CHAMBLFERT,CHEMINOR,CHEMPLASTS,CHENNPETRO,CHETTINAD,CHOLAFIN,CHOLAHLDNG,CIPLA,CMC,COFORGE,COLPAL,CONCOR,COROMANDEL,COSMO,CRISIL,CUB,CUMMINSIND,CYBERTECH,DABUR,DAEWOO,DCAL,DCLPOLYE,DCW,DEEPAKFERT,DEN,DHAMPURSUG,DHANBANK,DICIND,DIGJAMLMTD,DLF,DRREDDY,DSQSOFTW,EIDPARRY,EIHOTEL,ELCIDIN,ELECON,ELECTCAST,ELECTREX,ELGIEQUIP,ELGIRUBCO,ENGINERSIN,ESABINDIA,ESCORTS,ESSAR,ESSEL,EXCELINDUS,EXIDEIND,FACT,FAGBEARI,FDC,FEDERALBNK,FINCABLES,FLUOROCHEM,FMGOETZE,FORBES,FORTIS,FOSECOIND,FULFORD,GAEL,GAIL,GANESHBE,GARDEN,GEOJITFSL,GHCL,GILLETTE,GKNDRIVE,GLAXO,GLENMARK,GLFL,GMDCLTD,GNFC,GODFRYPHLP,GODREJCP,GODREJIND,GOKEX,GOLDENTOBC,GOODRICKE,GOODYEAR,GRAPHITE,GRASIM,GREAVESCOT,GRINDWELL,GRINFRA,GSFC,GSKCONS,GSPL,GTL,GUJALKALI,GUJGASLTD,GUJNRECOKE,GVT&D,HARRMALAYA,HAVELLS,HCC,HCL-INSYS,HCLTECH,HDFC,HDFCBANK,HEALTHCARE,HEG,HEIDELBERG,HERBERTS,HERITGFOOD,HEROMOTOCO,HEXT,HGINFRA,HIKAL,HIMACHAL,HIMATSEIDE,HINDALCO,HINDOILEXP,HINDPETRO,HINDSYNTEX,HINDUJA,HINDUNILVR,HINDUSTAN,HINDZINC,HITECHCORP,HMT,HOGANAS,HONAUT,HOTEL,HSBCINVES,HTMEDIA,HUBTOWN,IBREALEST,ICICIBANK,IDBI,IDFCFIRSTB,IFBIND,IFCI,IGL,IGPL,INDHOTEL,INDIACEM,INDIAGLYCO,INDORAMA,INDUSINDBK,INFY,INGERRAND,INSILCO,INTERNAT,IOB,IOC,IONEXCHANG,IPCALAB,IPRINGS,ISMT,ISPAT,ITC,ITI,ITWSIGNO,JAGRAN,JAICORPLTD,JBCHEPHARM,JBMA,JETAIRWAYS,JINDALPHOT,JINDALPOLY,JINDALSAW,JINDALSTEL,JISLJALEQS,JKCEMENT,JKTYRE,JPASSOCIAT,JPPOWER,JSL,JUBLFOOD,JUBLINGRY,JYOTISTRUC,KAJARIACER,KANSAINER,KARURVYSYA,KCP,KINETIC,KMSUGAR,KOHINOOR,KOTAKBANK,KPEL,KRISHNA,KRL,KSB,KTKBANK,KUMARS,LAKSHMI,LGBBROSLTD,LICHSGFIN,LINDEINDIA,LITL,LT,LUPIN,M& M,M&M,MADURA,MAFATIND,MAHABANK,MAHSCOOTER,MAHSEAMLES,MALWA,MARALOVER,MARICO,MARUTI,MASTEK,MATRIX,MAXIND,MCDOWELL,MCLEODRUSS,MERCATOR,MERCK,MERIND,MFSL,MIRZAINT,MODIXEROX,MOREPENLAB,MOTHERSON,MOTHERSUMI,MPHASIS,MRF,MRPL,MTNL,MUKTAARTS,MUNJALAU,MUNJALSHOW,NAGARFERT,NAHAR,NAHARPOLY,NAHARSPING,NATCOPHARM,NATIONAL,NATIONALUM,NAVA,NAVNETED,NCC,NDTV,NESTLEIND,NETWORK18,NH,NILKAMAL,NIRMA,NITCO,NLCINDIA,NMDC,NOIDATOLL,NTPC,OBC,OFSS,OIL,OILCOUNTUB,OLECTRA,OMAXAUTO,OMAXE,ONGC,ONIDA,ORIENTHOT,ORIENTPPR,OSWALAGRO,PATANJALI,PATNI,PATSPIN,PCBL,PDMJEPAPER,PEL,PENTAFOUR,PENTAMEDIA,PETRONET,PFIZER,PGHL,PHIL,PHILIPS,PHOENIX,PIDILITIND,PNB,POONAWALLA,PRAJIND,PRAKASH,PREMIERENE,PSIDATA,PTC,PUDUMJEE,PUNJABCHEM,PUNJLLOYD,PUNJTRACT,RAASI,RAIN,RAINCALCI,RAJESHEXPO,RALLIS,RAMCOCEM,RAMCOIND,RANBAXY,RAYMOND,RCF,RCOM,RECKITT,RECLTD,RECRON,REIAGRO,RELCAPITAL,RELIANCE,RELIGARE,RELINFRA,RICOAUTO,RIIL,RKFORGE,ROYAL,RPGTRANS,RPOWER,RSWM,RUCHISOYA,RUSHIL,SAIL,SALORA,SAMTEL,SANGHI,SANOFI,SAREGAMA,SBIN,SCHAEFFLER,SCHENECT,SCI,SCILAL,SDREAMS,SESASTERL,SESHAPAPER,SHANTHIGEAR,SHAWWALLA,SHOPERSTOP,SHREECEM,SHRENUJ,SHRIRAMFIN,SHYAMTEL,SIEMENS,SIL,SIMPLEXINF,SKFINDIA,SMLISUZU,SONACOMS,SONATSOFTW,SOUTHBANK,SPARC,SPLPETRO,SRF,STAR,STATE,STERLINBIO,STERLITE,STYROLUT,SUNCLAY,SUNDARMFIN,SUNDRMFAST,SUNPHARMA,SUPREMEIND,SUVEN,TAMIL,TATACHEM,TATACOMM,TATACONSUM,TATAELXSI,TATAINVEST,TATAMETAL,TATAMOTORS,TATAPOWER,TATASPONGE,TATASTEEL,TCS,TECH,TFCI,THERMAX,THIRU,THOMASCOOK,TIINDIA,TIMEX,TIMKEN,TITAN,TNPETRO,TODAYS,TORNTPHARM,TORNTPOWER,TRANSPEK,TRENT,TRIDENT,TRIVENI,TTKPRESTIG,TVTODAY,UBL,UCALFUEL,UFLEX,ULTRACEMCO,UNICHEMLAB,UNIONBANK,USHAFIN,USHAMART,UTTAM,VARUN,VESUVIUS,VHL,VINDHYATEL,VIRAL,VISHAL,VOLTAS,VTL,WELENT,WIDIA,WIMCO,WINDMACH,WINSOME,WIPRO,WSTCSTPAPR,WYETH,ZANDU,ZENSARTECH,ZUARI"
2010-08-04,Nifty500,"KARUTURI,RPPINFRA,JSWHL,BINANI,BANCOINDIA","MUKTAARTS,SIRPUR,SMARTLINK,WSI,CONSOLID","3MINDIA,63MOONS,AARTIIND,ABANOFFSH,ABB,ABBOTINDIA,ABREL,ACC,ADANIENT,ADOR,AGCNETWO,AKZOINDIA,ALEMBICLTD,ALFALAVAL,ALLCARGO,ALSTOMT&D,ALTOS,AMBALAL,AMBUJACEM,AMTEK,ANDHRAVALY,APARINDS,APOLLOHOSP,APOLLOTYRE,APPAPER,APPLE,APTECHT,ARVIND,ASAHIINDIA,ASHOKLEY,ASIANHOTNR,ASIANPAINT,ASTRAZENCA,ATUL,ATULAUTO,AUTOAXLES,AVERY,AXISBANK,AZTECSOFT,BAJAJ,BAJAJ-AUTO,BAJAJHIND,BAJAJHLDNG,BAJFINANCE,BALAJI,BALMLAWRIE,BALRAMCHIN,BANCOINDIA,BANKBARODA,BANKINDIA,BASF,BATAINDIA,BBTC,BEL,BEML,BERGEPAINT,BHADRACH,BHARATFORG,BHARTIARTL,BHEL,BHUSHANSTL,BI,BINANI,BIOCON,BIRLAMONEY,BLKASHYAP,BLOWPLAST,BLUEDART,BOMDYEING,BOSCH-HCIL,BOSCHLTD,BPCL,BRABOURNE,BRFL,BRITANNIA,BSOFT,CABLE,CADBURY,CAIRN,CANBK,CANFINHOME,CAPRIHANS,CASTROLIND,CCL,CEATLTD,CENTENKA,CENTURYTEX,CESC,CGPOWER,CHAMBLFERT,CHEMINOR,CHEMPLASTS,CHENNPETRO,CHETTINAD,CHOLAFIN,CHOLAHLDNG,CIPLA,CMC,COFORGE,COLPAL,CONCOR,COROMANDEL,COSMO,CRISIL,CUB,CUMMINSIND,CYBERTECH,DABUR,DAEWOO,DCAL,DCLPOLYE,DCW,DEEPAKFERT,DEN,DHAMPURSUG,DHANBANK,DICIND,DIGJAMLMTD,DLF,DRREDDY,DSQSOFTW,EIDPARRY,EIHOTEL,ELCIDIN,ELECON,ELECTCAST,ELECTREX,ELGIEQUIP,ELGIRUBCO,ENGINERSIN,ESABINDIA,ESCORTS,ESSAR,ESSEL,EXCELINDUS,EXIDEIND,FACT,FAGBEARI,FDC,FEDERALBNK,FINCABLES,FLUOROCHEM,FMGOETZE,FORBES,FORTIS,FOSECOIND,FULFORD,GAEL,GAIL,GANESHBE,GARDEN,GEOJITFSL,GHCL,GILLETTE,GKNDRIVE,GLAXO,GLENMARK,GLFL,GMDCLTD,GNFC,GODFRYPHLP,GODREJCP,GODREJIND,GOKEX,GOLDENTOBC,GOODRICKE,GOODYEAR,GRAPHITE,GRASIM,GREAVESCOT,GRINDWELL,GRINFRA,GSFC,GSKCONS,GSPL,GTL,GUJALKALI,GUJGASLTD,GUJNRECOKE,GVT&D,HARRMALAYA,HAVELLS,HCC,HCL-INSYS,HCLTECH,HDFC,HDFCBANK,HEALTHCARE,HEG,HEIDELBERG,HERBERTS,HERITGFOOD,HEROMOTOCO,HEXT,HGINFRA,HIKAL,HIMACHAL,HIMATSEIDE,HINDALCO,HINDOILEXP,HINDPETRO,HINDSYNTEX,HINDUJA,HINDUNILVR,HINDUSTAN,HINDZINC,HITECHCORP,HMT,HOGANAS,HONAUT,HOTEL,HSBCINVES,HTMEDIA,HUBTOWN,IBREALEST,ICICIBANK,IDBI,IDFCFIRSTB,IFBIND,IFCI,IGL,IGPL,INDHOTEL,INDIACEM,INDIAGLYCO,INDORAMA,INDUSINDBK,INFY,INGERRAND,INSILCO,INTERNAT,IOB,IOC,IONEXCHANG,IPCALAB,IPRINGS,ISMT,ISPAT,ITC,ITI,ITWSIGNO,JAGRAN,JAICORPLTD,JBCHEPHARM,JBMA,JETAIRWAYS,JINDALPHOT,JINDALPOLY,JINDALSAW,JINDALSTEL,JISLJALEQS,JKCEMENT,JKTYRE,JPASSOCIAT,JPPOWER,JSL,JSWHL,JUBLFOOD,JUBLINGRY,JYOTISTRUC,KAJARIACER,KANSAINER,KARURVYSYA,KARUTURI,KCP,KINETIC,KMSUGAR,KOHINOOR,KOTAKBANK,KPEL,KRISHNA,KRL,KSB,KTKBANK,KUMARS,LAKSHMI,LGBBROSLTD,LICHSGFIN,LINDEINDIA,LITL,LT,LUPIN,M& M,M&M,MADURA,MAFATIND,MAHABANK,MAHSCOOTER,MAHSEAMLES,MALWA,MARALOVER,MARICO,MARUTI,MASTEK,MATRIX,MAXIND,MCDOWELL,MCLEODRUSS,MERCATOR,MERCK,MERIND,MFSL,MIRZAINT,MODIXEROX,MOREPENLAB,MOTHERSON,MOTHERSUMI,MPHASIS,MRF,MRPL,MTNL,MUNJALSHOW,NAGARFERT,NAHAR,NAHARPOLY,NAHARSPING,NATCOPHARM,NATIONAL,NATIONALUM,NAVA,NAVNETED,NCC,NDTV,NESTLEIND,NETWORK18,NH,NILKAMAL,NIRMA,NITCO,NLCINDIA,NMDC,NOIDATOLL,NTPC,OBC,OFSS,OIL,OILCOUNTUB,OLECTRA,OMAXAUTO,OMAXE,ONGC,ONIDA,ORIENTHOT,ORIENTPPR,OSWALAGRO,PATANJALI,PATNI,PATSPIN,PCBL,PDMJEPAPER,PEL,PENTAFOUR,PENTAMEDIA,PETRONET,PFIZER,PGHL,PHIL,PHILIPS,PHOENIX,PIDILITIND,PNB,POONAWALLA,PRAJIND,PRAKASH,PREMIERENE,PSIDATA,PTC,PUDUMJEE,PUNJABCHEM,PUNJLLOYD,PUNJTRACT,RAASI,RAIN,RAJESHEXPO,RALLIS,RAMCOCEM,RAMCOIND,RANBAXY,RAYMOND,RCF,RCOM,RECKITT,RECLTD,RECRON,REIAGRO,RELCAPITAL,RELIANCE,RELIGARE,RELINFRA,RICOAUTO,RIIL,RKFORGE,ROYAL,RPGTRANS,RPOWER,RPPINFRA,RSWM,RUCHISOYA,SAIL,SALORA,SAMTEL,SANGHI,SANOFI,SAREGAMA,SBIN,SCHAEFFLER,SCHENECT,SCI,SCILAL,SDREAMS,SESASTERL,SESHAPAPER,SHANTHIGEAR,SHAWWALLA,SHOPERSTOP,SHREECEM,SHRENUJ,SHRIRAMFIN,SHYAMTEL,SIEMENS,SIL,SIMPLEXINF,SKFINDIA,SMLISUZU,SONACOMS,SONATSOFTW,SOUTHBANK,SPARC,SPLPETRO,SRF,STAR,STATE,STERLINBIO,STERLITE,STYROLUT,SUNCLAY,SUNDARMFIN,SUNDRMFAST,SUNPHARMA,SUPREMEIND,SUVEN,TAMIL,TATACHEM,TATACOMM,TATACONSUM,TATAELXSI,TATAINVEST,TATAMETAL,TATAMOTORS,TATAPOWER,TATASPONGE,TATASTEEL,TCS,TECH,TFCI,THERMAX,THIRU,THOMASCOOK,TIINDIA,TIMEX,TIMKEN,TITAN,TNPETRO,TODAYS,TORNTPHARM,TORNTPOWER,TRANSPEK,TRENT,TRIDENT,TRIVENI,TTKPRESTIG,TVTODAY,UBL,UCALFUEL,UFLEX,ULTRACEMCO,UNICHEMLAB,UNIONBANK,USHAFIN,USHAMART,UTTAM,VARUN,VESUVIUS,VHL,VINDHYATEL,VIRAL,VISHAL,VOLTAS,VTL,WELENT,WIDIA,WIMCO,WINDMACH,WINSOME,WIPRO,WSTCSTPAPR,WYETH,ZANDU,ZENSARTECH,ZUARI"
2010-08-07,Nifty500,TINPLATE,HSBCINVES,"3MINDIA,63MOONS,AARTIIND,ABANOFFSH,ABB,ABBOTINDIA,ABREL,ACC,ADANIENT,ADOR,AGCNETWO,AKZOINDIA,ALEMBICLTD,ALFALAVAL,ALLCARGO,ALSTOMT&D,ALTOS,AMBALAL,AMBUJACEM,AMTEK,ANDHRAVALY,APARINDS,APOLLOHOSP,APOLLOTYRE,APPAPER,APPLE,APTECHT,ARVIND,ASAHIINDIA,ASHOKLEY,ASIANHOTNR,ASIANPAINT,ASTRAZENCA,ATUL,ATULAUTO,AUTOAXLES,AVERY,AXISBANK,AZTECSOFT,BAJAJ,BAJAJ-AUTO,BAJAJHIND,BAJAJHLDNG,BAJFINANCE,BALAJI,BALMLAWRIE,BALRAMCHIN,BANCOINDIA,BANKBARODA,BANKINDIA,BASF,BATAINDIA,BBTC,BEL,BEML,BERGEPAINT,BHADRACH,BHARATFORG,BHARTIARTL,BHEL,BHUSHANSTL,BI,BINANI,BIOCON,BIRLAMONEY,BLKASHYAP,BLOWPLAST,BLUEDART,BOMDYEING,BOSCH-HCIL,BOSCHLTD,BPCL,BRABOURNE,BRFL,BRITANNIA,BSOFT,CABLE,CADBURY,CAIRN,CANBK,CANFINHOME,CAPRIHANS,CASTROLIND,CCL,CEATLTD,CENTENKA,CENTURYTEX,CESC,CGPOWER,CHAMBLFERT,CHEMINOR,CHEMPLASTS,CHENNPETRO,CHETTINAD,CHOLAFIN,CHOLAHLDNG,CIPLA,CMC,COFORGE,COLPAL,CONCOR,COROMANDEL,COSMO,CRISIL,CUB,CUMMINSIND,CYBERTECH,DABUR,DAEWOO,DCAL,DCLPOLYE,DCW,DEEPAKFERT,DEN,DHAMPURSUG,DHANBANK,DICIND,DIGJAMLMTD,DLF,DRREDDY,DSQSOFTW,EIDPARRY,EIHOTEL,ELCIDIN,ELECON,ELECTCAST,ELECTREX,ELGIEQUIP,ELGIRUBCO,ENGINERSIN,ESABINDIA,ESCORTS,ESSAR,ESSEL,EXCELINDUS,EXIDEIND,FACT,FAGBEARI,FDC,FEDERALBNK,FINCABLES,FLUOROCHEM,FMGOETZE,FORBES,FORTIS,FOSECOIND,FULFORD,GAEL,GAIL,GANESHBE,GARDEN,GEOJITFSL,GHCL,GILLETTE,GKNDRIVE,GLAXO,GLENMARK,GLFL,GMDCLTD,GNFC,GODFRYPHLP,GODREJCP,GODREJIND,GOKEX,GOLDENTOBC,GOODRICKE,GOODYEAR,GRAPHITE,GRASIM,GREAVESCOT,GRINDWELL,GRINFRA,GSFC,GSKCONS,GSPL,GTL,GUJALKALI,GUJGASLTD,GUJNRECOKE,GVT&D,HARRMALAYA,HAVELLS,HCC,HCL-INSYS,HCLTECH,HDFC,HDFCBANK,HEALTHCARE,HEG,HEIDELBERG,HERBERTS,HERITGFOOD,HEROMOTOCO,HEXT,HGINFRA,HIKAL,HIMACHAL,HIMATSEIDE,HINDALCO,HINDOILEXP,HINDPETRO,HINDSYNTEX,HINDUJA,HINDUNILVR,HINDUSTAN,HINDZINC,HITECHCORP,HMT,HOGANAS,HONAUT,HOTEL,HTMEDIA,HUBTOWN,IBREALEST,ICICIBANK,IDBI,IDFCFIRSTB,IFBIND,IFCI,IGL,IGPL,INDHOTEL,INDIACEM,INDIAGLYCO,INDORAMA,INDUSINDBK,INFY,INGERRAND,INSILCO,INTERNAT,IOB,IOC,IONEXCHANG,IPCALAB,IPRINGS,ISMT,ISPAT,ITC,ITI,ITWSIGNO,JAGRAN,JAICORPLTD,JBCHEPHARM,JBMA,JETAIRWAYS,JINDALPHOT,JINDALPOLY,JINDALSAW,JINDALSTEL,JISLJALEQS,JKCEMENT,JKTYRE,JPASSOCIAT,JPPOWER,JSL,JSWHL,JUBLFOOD,JUBLINGRY,JYOTISTRUC,KAJARIACER,KANSAINER,KARURVYSYA,KARUTURI,KCP,KINETIC,KMSUGAR,KOHINOOR,KOTAKBANK,KPEL,KRISHNA,KRL,KSB,KTKBANK,KUMARS,LAKSHMI,LGBBROSLTD,LICHSGFIN,LINDEINDIA,LITL,LT,LUPIN,M& M,M&M,MADURA,MAFATIND,MAHABANK,MAHSCOOTER,MAHSEAMLES,MALWA,MARALOVER,MARICO,MARUTI,MASTEK,MATRIX,MAXIND,MCDOWELL,MCLEODRUSS,MERCATOR,MERCK,MERIND,MFSL,MIRZAINT,MODIXEROX,MOREPENLAB,MOTHERSON,MOTHERSUMI,MPHASIS,MRF,MRPL,MTNL,MUNJALSHOW,NAGARFERT,NAHAR,NAHARPOLY,NAHARSPING,NATCOPHARM,NATIONAL,NATIONALUM,NAVA,NAVNETED,NCC,NDTV,NESTLEIND,NETWORK18,NH,NILKAMAL,NIRMA,NITCO,NLCINDIA,NMDC,NOIDATOLL,NTPC,OBC,OFSS,OIL,OILCOUNTUB,OLECTRA,OMAXAUTO,OMAXE,ONGC,ONIDA,ORIENTHOT,ORIENTPPR,OSWALAGRO,PATANJALI,PATNI,PATSPIN,PCBL,PDMJEPAPER,PEL,PENTAFOUR,PENTAMEDIA,PETRONET,PFIZER,PGHL,PHIL,PHILIPS,PHOENIX,PIDILITIND,PNB,POONAWALLA,PRAJIND,PRAKASH,PREMIERENE,PSIDATA,PTC,PUDUMJEE,PUNJABCHEM,PUNJLLOYD,PUNJTRACT,RAASI,RAIN,RAJESHEXPO,RALLIS,RAMCOCEM,RAMCOIND,RANBAXY,RAYMOND,RCF,RCOM,RECKITT,RECLTD,RECRON,REIAGRO,RELCAPITAL,RELIANCE,RELIGARE,RELINFRA,RICOAUTO,RIIL,RKFORGE,ROYAL,RPGTRANS,RPOWER,RPPINFRA,RSWM,RUCHISOYA,SAIL,SALORA,SAMTEL,SANGHI,SANOFI,SAREGAMA,SBIN,SCHAEFFLER,SCHENECT,SCI,SCILAL,SDREAMS,SESASTERL,SESHAPAPER,SHANTHIGEAR,SHAWWALLA,SHOPERSTOP,SHREECEM,SHRENUJ,SHRIRAMFIN,SHYAMTEL,SIEMENS,SIL,SIMPLEXINF,SKFINDIA,SMLISUZU,SONACOMS,SONATSOFTW,SOUTHBANK,SPARC,SPLPETRO,SRF,STAR,STATE,STERLINBIO,STERLITE,STYROLUT,SUNCLAY,SUNDARMFIN,SUNDRMFAST,SUNPHARMA,SUPREMEIND,SUVEN,TAMIL,TATACHEM,TATACOMM,TATACONSUM,TATAELXSI,TATAINVEST,TATAMETAL,TATAMOTORS,TATAPOWER,TATASPONGE,TATASTEEL,TCS,TECH,TFCI,THERMAX,THIRU,THOMASCOOK,TIINDIA,TIMEX,TIMKEN,TINPLATE,TITAN,TNPETRO,TODAYS,TORNTPHARM,TORNTPOWER,TRANSPEK,TRENT,TRIDENT,TRIVENI,TTKPRESTIG,TVTODAY,UBL,UCALFUEL,UFLEX,ULTRACEMCO,UNICHEMLAB,UNIONBANK,USHAFIN,USHAMART,UTTAM,VARUN,VESUVIUS,VHL,VINDHYATEL,VIRAL,VISHAL,VOLTAS,VTL,WELENT,WIDIA,WIMCO,WINDMACH,WINSOME,WIPRO,WSTCSTPAPR,WYETH,ZANDU,ZENSARTECH,ZUARI"
2010-09-03,Nifty500,BRIGADE,KIRLOSBROS,"3MINDIA,63MOONS,AARTIIND,ABANOFFSH,ABB,ABBOTINDIA,ABREL,ACC,ADANIENT,ADOR,AGCNETWO,AKZOINDIA,ALEMBICLTD,ALFALAVAL,ALLCARGO,ALSTOMT&D,ALTOS,AMBALAL,AMBUJACEM,AMTEK,ANDHRAVALY,APARINDS,APOLLOHOSP,APOLLOTYRE,APPAPER,APPLE,APTECHT,ARVIND,ASAHIINDIA,ASHOKLEY,ASIANHOTNR,ASIANPAINT,ASTRAZENCA,ATUL,ATULAUTO,AUTOAXLES,AVERY,AXISBANK,BAJAJ,BAJAJ-AUTO,BAJAJHIND,BAJAJHLDNG,BAJFINANCE,BALAJI,BALMLAWRIE,BALRAMCHIN,BANCOINDIA,BANKBARODA,BANKINDIA,BASF,BATAINDIA,BBTC,BEL,BEML,BERGEPAINT,BHADRACH,BHARATFORG,BHARTIARTL,BHEL,BHUSHANSTL,BI,BINANI,BIOCON,BIRLAMONEY,BLKASHYAP,BLOWPLAST,BLUEDART,BOMDYEING,BOSCH-HCIL,BOSCHLTD,BPCL,BRABOURNE,BRFL,BRIGADE,BRITANNIA,BSOFT,CABLE,CADBURY,CAIRN,CANBK,CANFINHOME,CAPRIHANS,CASTROLIND,CCL,CEATLTD,CENTENKA,CENTURYTEX,CESC,CGPOWER,CHAMBLFERT,CHEMINOR,CHEMPLASTS,CHENNPETRO,CHETTINAD,CHOLAFIN,CHOLAHLDNG,CIPLA,CMC,COFORGE,COLPAL,CONCOR,COROMANDEL,COSMO,CRISIL,CUB,CUMMINSIND,CYBERTECH,DABUR,DAEWOO,DCAL,DCLPOLYE,DCW,DEEPAKFERT,DEN,DHAMPURSUG,DHANBANK,DICIND,DIGJAMLMTD,DLF,DRREDDY,DSQSOFTW,EIDPARRY,EIHOTEL,ELCIDIN,ELECON,ELECTCAST,ELECTREX,ELGIEQUIP,ELGIRUBCO,ENGINERSIN,ESABINDIA,ESCORTS,ESSAR,ESSEL,EXCELINDUS,EXIDEIND,FACT,FAGBEARI,FDC,FEDERALBNK,FINCABLES,FLUOROCHEM,FMGOETZE,FORBES,FORTIS,FOSECOIND,FULFORD,GAEL,GAIL,GANESHBE,GARDEN,GEOJITFSL,GHCL,GILLETTE,GKNDRIVE,GLAXO,GLENMARK,GLFL,GMDCLTD,GNFC,GODFRYPHLP,GODREJCP,GODREJIND,GOKEX,GOLDENTOBC,GOODRICKE,GOODYEAR,GRAPHITE,GRASIM,GREAVESCOT,GRINDWELL,GRINFRA,GSFC,GSKCONS,GSPL,GTL,GUJALKALI,GUJGASLTD,GUJNRECOKE,GVT&D,HARRMALAYA,HAVELLS,HCC,HCL-INSYS,HCLTECH,HDFC,HDFCBANK,HEALTHCARE,HEG,HEIDELBERG,HERBERTS,HERITGFOOD,HEROMOTOCO,HEXT,HGINFRA,HIKAL,HIMACHAL,HIMATSEIDE,HINDALCO,HINDOILEXP,HINDPETRO,HINDSYNTEX,HINDUJA,HINDUNILVR,HINDUSTAN,HINDZINC,HITECHCORP,HMT,HOGANAS,HONAUT,HOTEL,HTMEDIA,HUBTOWN,IBREALEST,ICICIBANK,IDBI,IDFCFIRSTB,IFBIND,IFCI,IGL,IGPL,INDHOTEL,INDIACEM,INDIAGLYCO,INDORAMA,INDUSINDBK,INFY,INGERRAND,INSILCO,INTERNAT,IOB,IOC,IONEXCHANG,IPCALAB,IPRINGS,ISMT,ISPAT,ITC,ITI,ITWSIGNO,JAGRAN,JAICORPLTD,JBCHEPHARM,JBMA,JETAIRWAYS,JINDALPHOT,JINDALPOLY,JINDALSAW,JINDALSTEL,JISLJALEQS,JKCEMENT,JKTYRE,JPASSOCIAT,JPPOWER,JSL,JSWHL,JUBLFOOD,JUBLINGRY,JYOTISTRUC,KAJARIACER,KANSAINER,KARURVYSYA,KARUTURI,KCP,KINETIC,KMSUGAR,KOHINOOR,KOTAKBANK,KPEL,KRISHNA,KRL,KSB,KTKBANK,KUMARS,LAKSHMI,LGBBROSLTD,LICHSGFIN,LINDEINDIA,LITL,LT,LUPIN,M& M,M&M,MADURA,MAFATIND,MAHABANK,MAHSCOOTER,MAHSEAMLES,MALWA,MARALOVER,MARICO,MARUTI,MASTEK,MATRIX,MAXIND,MCDOWELL,MCLEODRUSS,MERCATOR,MERCK,MERIND,MFSL,MIRZAINT,MODIXEROX,MOREPENLAB,MOTHERSON,MOTHERSUMI,MPHASIS,MRF,MRPL,MTNL,MUNJALSHOW,NAGARFERT,NAHAR,NAHARPOLY,NAHARSPING,NATCOPHARM,NATIONAL,NATIONALUM,NAVA,NAVNETED,NCC,NDTV,NESTLEIND,NETWORK18,NH,NILKAMAL,NIRMA,NITCO,NLCINDIA,NMDC,NOIDATOLL,NTPC,OBC,OFSS,OIL,OILCOUNTUB,OLECTRA,OMAXAUTO,OMAXE,ONGC,ONIDA,ORIENTHOT,ORIENTPPR,OSWALAGRO,PATANJALI,PATNI,PATSPIN,PCBL,PDMJEPAPER,PEL,PENTAFOUR,PENTAMEDIA,PETRONET,PFIZER,PGHL,PHIL,PHILIPS,PHOENIX,PIDILITIND,PNB,POONAWALLA,PRAJIND,PRAKASH,PREMIERENE,PSIDATA,PTC,PUDUMJEE,PUNJABCHEM,PUNJLLOYD,PUNJTRACT,RAASI,RAIN,RAJESHEXPO,RALLIS,RAMCOCEM,RAMCOIND,RANBAXY,RAYMOND,RCF,RCOM,RECKITT,RECLTD,RECRON,REIAGRO,RELCAPITAL,RELIANCE,RELIGARE,RELINFRA,RICOAUTO,RIIL,RKFORGE,ROYAL,RPGTRANS,RPOWER,RPPINFRA,RSWM,RUCHISOYA,SAIL,SALORA,SAMTEL,SANGHI,SANOFI,SAREGAMA,SBIN,SCHAEFFLER,SCHENECT,SCI,SCILAL,SDREAMS,SESASTERL,SESHAPAPER,SHANTHIGEAR,SHAWWALLA,SHOPERSTOP,SHREECEM,SHRENUJ,SHRIRAMFIN,SHYAMTEL,SIEMENS,SIL,SIMPLEXINF,SKFINDIA,SMLISUZU,SONACOMS,SONATSOFTW,SOUTHBANK,SPARC,SPLPETRO,SRF,STAR,STATE,STERLINBIO,STERLITE,STYROLUT,SUNCLAY,SUNDARMFIN,SUNDRMFAST,SUNPHARMA,SUPREMEIND,SUVEN,TAMIL,TATACHEM,TATACOMM,TATACONSUM,TATAELXSI,TATAINVEST,TATAMETAL,TATAMOTORS,TATAPOWER,TATASPONGE,TATASTEEL,TCS,TECH,TFCI,THERMAX,THIRU,THOMASCOOK,TIINDIA,TIMEX,TIMKEN,TINPLATE,TITAN,TNPETRO,TODAYS,TORNTPHARM,TORNTPOWER,TRANSPEK,TRENT,TRIDENT,TRIVENI,TTKPRESTIG,TVTODAY,UBL,UCALFUEL,UFLEX,ULTRACEMCO,UNICHEMLAB,UNIONBANK,USHAFIN,USHAMART,UTTAM,VARUN,VESUVIUS,VHL,VINDHYATEL,VIRAL,VISHAL,VOLTAS,VTL,WELENT,WIDIA,WIMCO,WINDMACH,WINSOME,WIPRO,WSTCSTPAPR,WYETH,ZANDU,ZENSARTECH,ZUARI"
2011-03-05,Nifty500,PRESTIGE,TRIVENI,"3MINDIA,63MOONS,AARTIIND,ABANOFFSH,ABB,ABBOTINDIA,ABREL,ACC,ADANIENT,ADOR,AGCNETWO,AKZOINDIA,ALEMBICLTD,ALFALAVAL,ALLCARGO,ALSTOMT&D,ALTOS,AMBALAL,AMBUJACEM,AMTEK,ANDHRAVALY,APARINDS,APOLLOHOSP,APOLLOTYRE,APPAPER,APPLE,APTECHT,ARVIND,ASAHIINDIA,ASHOKLEY,ASIANHOTNR,ASIANPAINT,ASTRAZENCA,ATUL,ATULAUTO,AUTOAXLES,AVERY,AXISBANK,BAJAJ,BAJAJ-AUTO,BAJAJHIND,BAJAJHLDNG,BAJFINANCE,BALAJI,BALMLAWRIE,BALRAMCHIN,BANCOINDIA,BANKBARODA,BANKINDIA,BASF,BATAINDIA,BBTC,BEL,BEML,BERGEPAINT,BHADRACH,BHARATFORG,BHARTIARTL,BHEL,BHUSHANSTL,BI,BINANI,BIOCON,BIRLAMONEY,BLKASHYAP,BLOWPLAST,BLUEDART,BOMDYEING,BOSCH-HCIL,BOSCHLTD,BPCL,BRABOURNE,BRFL,BRIGADE,BRITANNIA,BSOFT,CABLE,CADBURY,CAIRN,CANBK,CANFINHOME,CAPRIHANS,CASTROLIND,CCL,CEATLTD,CENTENKA,CENTURYTEX,CESC,CGPOWER,CHAMBLFERT,CHEMINOR,CHEMPLASTS,CHENNPETRO,CHETTINAD,CHOLAFIN,CHOLAHLDNG,CIPLA,CMC,COFORGE,COLPAL,CONCOR,COROMANDEL,COSMO,CRISIL,CUB,CUMMINSIND,CYBERTECH,DABUR,DAEWOO,DCAL,DCLPOLYE,DCW,DEEPAKFERT,DEN,DHAMPURSUG,DHANBANK,DICIND,DIGJAMLMTD,DLF,DRREDDY,DSQSOFTW,EIDPARRY,EIHOTEL,ELCIDIN,ELECON,ELECTCAST,ELECTREX,ELGIEQUIP,ELGIRUBCO,ENGINERSIN,ESABINDIA,ESCORTS,ESSAR,ESSEL,EXCELINDUS,EXIDEIND,FACT,FAGBEARI,FDC,FEDERALBNK,FINCABLES,FLUOROCHEM,FMGOETZE,FORBES,FORTIS,FOSECOIND,FULFORD,GAEL,GAIL,GANESHBE,GARDEN,GEOJITFSL,GHCL,GILLETTE,GKNDRIVE,GLAXO,GLENMARK,GLFL,GMDCLTD,GNFC,GODFRYPHLP,GODREJCP,GODREJIND,GOKEX,GOLDENTOBC,GOODRICKE,GOODYEAR,GRAPHITE,GRASIM,GREAVESCOT,GRINDWELL,GRINFRA,GSFC,GSKCONS,GSPL,GTL,GUJALKALI,GUJGASLTD,GUJNRECOKE,GVT&D,HARRMALAYA,HAVELLS,HCC,HCL-INSYS,HCLTECH,HDFC,HDFCBANK,HEALTHCARE,HEG,HEIDELBERG,HERBERTS,HERITGFOOD,HEROMOTOCO,HEXT,HGINFRA,HIKAL,HIMACHAL,HIMATSEIDE,HINDALCO,HINDOILEXP,HINDPETRO,HINDSYNTEX,HINDUJA,HINDUNILVR,HINDUSTAN,HINDZINC,HITECHCORP,HMT,HOGANAS,HONAUT,HOTEL,HTMEDIA,HUBTOWN,IBREALEST,ICICIBANK,IDBI,IDFCFIRSTB,IFBIND,IFCI,IGL,IGPL,INDHOTEL,INDIACEM,INDIAGLYCO,INDORAMA,INDUSINDBK,INFY,INGERRAND,INSILCO,INTERNAT,IOB,IOC,IONEXCHANG,IPCALAB,IPRINGS,ISMT,ISPAT,ITC,ITI,ITWSIGNO,JAGRAN,JAICORPLTD,JBCHEPHARM,JBMA,JETAIRWAYS,JINDALPHOT,JINDALPOLY,JINDALSAW,JINDALSTEL,JISLJALEQS,JKCEMENT,JKTYRE,JPASSOCIAT,JPPOWER,JSL,JSWHL,JUBLFOOD,JUBLINGRY,JYOTISTRUC,KAJARIACER,KANSAINER,KARURVYSYA,KARUTURI,KCP,KINETIC,KMSUGAR,KOHINOOR,KOTAKBANK,KPEL,KRISHNA,KRL,KSB,KTKBANK,KUMARS,LAKSHMI,LGBBROSLTD,LICHSGFIN,LINDEINDIA,LITL,LT,LUPIN,M& M,M&M,MADURA,MAFATIND,MAHABANK,MAHSCOOTER,MAHSEAMLES,MALWA,MARALOVER,MARICO,MARUTI,MASTEK,MATRIX,MAXIND,MCDOWELL,MCLEODRUSS,MERCATOR,MERCK,MERIND,MFSL,MIRZAINT,MODIXEROX,MOREPENLAB,MOTHERSON,MOTHERSUMI,MPHASIS,MRF,MRPL,MTNL,MUNJALSHOW,NAGARFERT,NAHAR,NAHARPOLY,NAHARSPING,NATCOPHARM,NATIONAL,NATIONALUM,NAVA,NAVNETED,NCC,NDTV,NESTLEIND,NETWORK18,NH,NILKAMAL,NIRMA,NITCO,NLCINDIA,NMDC,NOIDATOLL,NTPC,OBC,OFSS,OIL,OILCOUNTUB,OLECTRA,OMAXAUTO,OMAXE,ONGC,ONIDA,ORIENTHOT,ORIENTPPR,OSWALAGRO,PATANJALI,PATNI,PATSPIN,PCBL,PDMJEPAPER,PEL,PENTAFOUR,PENTAMEDIA,PETRONET,PFIZER,PGHL,PHIL,PHILIPS,PHOENIX,PIDILITIND,PNB,POONAWALLA,PRAJIND,PRAKASH,PREMIERENE,PRESTIGE,PSIDATA,PTC,PUDUMJEE,PUNJABCHEM,PUNJLLOYD,PUNJTRACT,RAASI,RAIN,RAJESHEXPO,RALLIS,RAMCOCEM,RAMCOIND,RANBAXY,RAYMOND,RCF,RCOM,RECKITT,RECLTD,RECRON,REIAGRO,RELCAPITAL,RELIANCE,RELIGARE,RELINFRA,RICOAUTO,RIIL,RKFORGE,ROYAL,RPGTRANS,RPOWER,RPPINFRA,RSWM,RUCHISOYA,SAIL,SALORA,SAMTEL,SANGHI,SANOFI,SAREGAMA,SBIN,SCHAEFFLER,SCHENECT,SCI,SCILAL,SDREAMS,SESASTERL,SESHAPAPER,SHANTHIGEAR,SHAWWALLA,SHOPERSTOP,SHREECEM,SHRENUJ,SHRIRAMFIN,SHYAMTEL,SIEMENS,SIL,SIMPLEXINF,SKFINDIA,SMLISUZU,SONACOMS,SONATSOFTW,SOUTHBANK,SPARC,SPLPETRO,SRF,STAR,STATE,STERLINBIO,STERLITE,STYROLUT,SUNCLAY,SUNDARMFIN,SUNDRMFAST,SUNPHARMA,SUPREMEIND,SUVEN,TAMIL,TATACHEM,TATACOMM,TATACONSUM,TATAELXSI,TATAINVEST,TATAMETAL,TATAMOTORS,TATAPOWER,TATASPONGE,TATASTEEL,TCS,TECH,TFCI,THERMAX,THIRU,THOMASCOOK,TIINDIA,TIMEX,TIMKEN,TINPLATE,TITAN,TNPETRO,TODAYS,TORNTPHARM,TORNTPOWER,TRANSPEK,TRENT,TRIDENT,TTKPRESTIG,TVTODAY,UBL,UCALFUEL,UFLEX,ULTRACEMCO,UNICHEMLAB,UNIONBANK,USHAFIN,USHAMART,UTTAM,VARUN,VESUVIUS,VHL,VINDHYATEL,VIRAL,VISHAL,VOLTAS,VTL,WELENT,WIDIA,WIMCO,WINDMACH,WINSOME,WIPRO,WSTCSTPAPR,WYETH,ZANDU,ZENSARTECH,ZUARI"
2011-07-12,Nifty500,WSI,IBREALEST,"3MINDIA,63MOONS,AARTIIND,ABANOFFSH,ABB,ABBOTINDIA,ABREL,ACC,ADANIENT,ADOR,AGCNETWO,AKZOINDIA,ALEMBICLTD,ALFALAVAL,ALLCARGO,ALSTOMT&D,ALTOS,AMBALAL,AMBUJACEM,AMTEK,ANDHRAVALY,APARINDS,APOLLOHOSP,APOLLOTYRE,APPAPER,APPLE,APTECHT,ARVIND,ASAHIINDIA,ASHOKLEY,ASIANHOTNR,ASIANPAINT,ASTRAZENCA,ATUL,ATULAUTO,AUTOAXLES,AVERY,AXISBANK,BAJAJ,BAJAJ-AUTO,BAJAJHIND,BAJAJHLDNG,BAJFINANCE,BALAJI,BALMLAWRIE,BALRAMCHIN,BANCOINDIA,BANKBARODA,BANKINDIA,BASF,BATAINDIA,BBTC,BEL,BEML,BERGEPAINT,BHADRACH,BHARATFORG,BHARTIARTL,BHEL,BHUSHANSTL,BI,BINANI,BIOCON,BIRLAMONEY,BLKASHYAP,BLOWPLAST,BLUEDART,BOMDYEING,BOSCH-HCIL,BOSCHLTD,BPCL,BRABOURNE,BRFL,BRIGADE,BRITANNIA,BSOFT,CABLE,CADBURY,CAIRN,CANBK,CANFINHOME,CAPRIHANS,CASTROLIND,CCL,CEATLTD,CENTENKA,CENTURYTEX,CESC,CGPOWER,CHAMBLFERT,CHEMINOR,CHEMPLASTS,CHENNPETRO,CHETTINAD,CHOLAFIN,CHOLAHLDNG,CIPLA,CMC,COFORGE,COLPAL,CONCOR,COROMANDEL,COSMO,CRISIL,CUB,CUMMINSIND,CYBERTECH,DABUR,DAEWOO,DCAL,DCLPOLYE,DCW,DEEPAKFERT,DEN,DHAMPURSUG,DHANBANK,DICIND,DIGJAMLMTD,DLF,DRREDDY,DSQSOFTW,EIDPARRY,EIHOTEL,ELCIDIN,ELECON,ELECTCAST,ELECTREX,ELGIEQUIP,ELGIRUBCO,ENGINERSIN,ESABINDIA,ESCORTS,ESSAR,ESSEL,EXCELINDUS,EXIDEIND,FACT,FAGBEARI,FDC,FEDERALBNK,FINCABLES,FLUOROCHEM,FMGOETZE,FORBES,FORTIS,FOSECOIND,FULFORD,GAEL,GAIL,GANESHBE,GARDEN,GEOJITFSL,GHCL,GILLETTE,GKNDRIVE,GLAXO,GLENMARK,GLFL,GMDCLTD,GNFC,GODFRYPHLP,GODREJCP,GODREJIND,GOKEX,GOLDENTOBC,GOODRICKE,GOODYEAR,GRAPHITE,GRASIM,GREAVESCOT,GRINDWELL,GRINFRA,GSFC,GSKCONS,GSPL,GTL,GUJALKALI,GUJGASLTD,GUJNRECOKE,GVT&D,HARRMALAYA,HAVELLS,HCC,HCL-INSYS,HCLTECH,HDFC,HDFCBANK,HEALTHCARE,HEG,HEIDELBERG,HERBERTS,HERITGFOOD,HEROMOTOCO,HEXT,HGINFRA,HIKAL,HIMACHAL,HIMATSEIDE,HINDALCO,HINDOILEXP,HINDPETRO,HINDSYNTEX,HINDUJA,HINDUNILVR,HINDUSTAN,HINDZINC,HITECHCORP,HMT,HOGANAS,HONAUT,HOTEL,HTMEDIA,HUBTOWN,ICICIBANK,IDBI,IDFCFIRSTB,IFBIND,IFCI,IGL,IGPL,INDHOTEL,INDIACEM,INDIAGLYCO,INDORAMA,INDUSINDBK,INFY,INGERRAND,INSILCO,INTERNAT,IOB,IOC,IONEXCHANG,IPCALAB,IPRINGS,ISMT,ISPAT,ITC,ITI,ITWSIGNO,JAGRAN,JAICORPLTD,JBCHEPHARM,JBMA,JETAIRWAYS,JINDALPHOT,JINDALPOLY,JINDALSAW,JINDALSTEL,JISLJALEQS,JKCEMENT,JKTYRE,JPASSOCIAT,JPPOWER,JSL,JSWHL,JUBLFOOD,JUBLINGRY,JYOTISTRUC,KAJARIACER,KANSAINER,KARURVYSYA,KARUTURI,KCP,KINETIC,KMSUGAR,KOHINOOR,KOTAKBANK,KPEL,KRISHNA,KRL,KSB,KTKBANK,KUMARS,LAKSHMI,LGBBROSLTD,LICHSGFIN,LINDEINDIA,LITL,LT,LUPIN,M& M,M&M,MADURA,MAFATIND,MAHABANK,MAHSCOOTER,MAHSEAMLES,MALWA,MARALOVER,MARICO,MARUTI,MASTEK,MATRIX,MAXIND,MCDOWELL,MCLEODRUSS,MERCATOR,MERCK,MERIND,MFSL,MIRZAINT,MODIXEROX,MOREPENLAB,MOTHERSON,MOTHERSUMI,MPHASIS,MRF,MRPL,MTNL,MUNJALSHOW,NAGARFERT,NAHAR,NAHARPOLY,NAHARSPING,NATCOPHARM,NATIONAL,NATIONALUM,NAVA,NAVNETED,NCC,NDTV,NESTLEIND,NETWORK18,NH,NILKAMAL,NIRMA,NITCO,NLCINDIA,NMDC,NOIDATOLL,NTPC,OBC,OFSS,OIL,OILCOUNTUB,OLECTRA,OMAXAUTO,OMAXE,ONGC,ONIDA,ORIENTHOT,ORIENTPPR,OSWALAGRO,PATANJALI,PATNI,PATSPIN,PCBL,PDMJEPAPER,PEL,PENTAFOUR,PENTAMEDIA,PETRONET,PFIZER,PGHL,PHIL,PHILIPS,PHOENIX,PIDILITIND,PNB,POONAWALLA,PRAJIND,PRAKASH,PREMIERENE,PRESTIGE,PSIDATA,PTC,PUDUMJEE,PUNJABCHEM,PUNJLLOYD,PUNJTRACT,RAASI,RAIN,RAJESHEXPO,RALLIS,RAMCOCEM,RAMCOIND,RANBAXY,RAYMOND,RCF,RCOM,RECKITT,RECLTD,RECRON,REIAGRO,RELCAPITAL,RELIANCE,RELIGARE,RELINFRA,RICOAUTO,RIIL,RKFORGE,ROYAL,RPGTRANS,RPOWER,RPPINFRA,RSWM,RUCHISOYA,SAIL,SALORA,SAMTEL,SANGHI,SANOFI,SAREGAMA,SBIN,SCHAEFFLER,SCHENECT,SCI,SCILAL,SDREAMS,SESASTERL,SESHAPAPER,SHANTHIGEAR,SHAWWALLA,SHOPERSTOP,SHREECEM,SHRENUJ,SHRIRAMFIN,SHYAMTEL,SIEMENS,SIL,SIMPLEXINF,SKFINDIA,SMLISUZU,SONACOMS,SONATSOFTW,SOUTHBANK,SPARC,SPLPETRO,SRF,STAR,STATE,STERLINBIO,STERLITE,STYROLUT,SUNCLAY,SUNDARMFIN,SUNDRMFAST,SUNPHARMA,SUPREMEIND,SUVEN,TAMIL,TATACHEM,TATACOMM,TATACONSUM,TATAELXSI,TATAINVEST,TATAMETAL,TATAMOTORS,TATAPOWER,TATASPONGE,TATASTEEL,TCS,TECH,TFCI,THERMAX,THIRU,THOMASCOOK,TIINDIA,TIMEX,TIMKEN,TINPLATE,TITAN,TNPETRO,TODAYS,TORNTPHARM,TORNTPOWER,TRANSPEK,TRENT,TRIDENT,TTKPRESTIG,TVTODAY,UBL,UCALFUEL,UFLEX,ULTRACEMCO,UNICHEMLAB,UNIONBANK,USHAFIN,USHAMART,UTTAM,VARUN,VESUVIUS,VHL,VINDHYATEL,VIRAL,VISHAL,VOLTAS,VTL,WELENT,WIDIA,WIMCO,WINDMACH,WINSOME,WIPRO,WSI,WSTCSTPAPR,WYETH,ZANDU,ZENSARTECH,ZUARI"
2011-08-02,Nifty500,RELMEDIA,HIMACHAL,"3MINDIA,63MOONS,AARTIIND,ABANOFFSH,ABB,ABBOTINDIA,ABREL,ACC,ADANIENT,ADOR,AGCNETWO,AKZOINDIA,ALEMBICLTD,ALFALAVAL,ALLCARGO,ALSTOMT&D,ALTOS,AMBALAL,AMBUJACEM,AMTEK,ANDHRAVALY,APARINDS,APOLLOHOSP,APOLLOTYRE,APPAPER,APPLE,APTECHT,ARVIND,ASAHIINDIA,ASHOKLEY,ASIANHOTNR,ASIANPAINT,ASTRAZENCA,ATUL,ATULAUTO,AUTOAXLES,AVERY,AXISBANK,BAJAJ,BAJAJ-AUTO,BAJAJHIND,BAJAJHLDNG,BAJFINANCE,BALAJI,BALMLAWRIE,BALRAMCHIN,BANCOINDIA,BANKBARODA,BANKINDIA,BASF,BATAINDIA,BBTC,BEL,BEML,BERGEPAINT,BHADRACH,BHARATFORG,BHARTIARTL,BHEL,BHUSHANSTL,BI,BINANI,BIOCON,BIRLAMONEY,BLKASHYAP,BLOWPLAST,BLUEDART,BOMDYEING,BOSCH-HCIL,BOSCHLTD,BPCL,BRABOURNE,BRFL,BRIGADE,BRITANNIA,BSOFT,CABLE,CADBURY,CAIRN,CANBK,CANFINHOME,CAPRIHANS,CASTROLIND,CCL,CEATLTD,CENTENKA,CENTURYTEX,CESC,CGPOWER,CHAMBLFERT,CHEMINOR,CHEMPLASTS,CHENNPETRO,CHETTINAD,CHOLAFIN,CHOLAHLDNG,CIPLA,CMC,COFORGE,COLPAL,CONCOR,COROMANDEL,COSMO,CRISIL,CUB,CUMMINSIND,CYBERTECH,DABUR,DAEWOO,DCAL,DCLPOLYE,DCW,DEEPAKFERT,DEN,DHAMPURSUG,DHANBANK,DICIND,DIGJAMLMTD,DLF,DRREDDY,DSQSOFTW,EIDPARRY,EIHOTEL,ELCIDIN,ELECON,ELECTCAST,ELECTREX,ELGIEQUIP,ELGIRUBCO,ENGINERSIN,ESABINDIA,ESCORTS,ESSAR,ESSEL,EXCELINDUS,EXIDEIND,FACT,FAGBEARI,FDC,FEDERALBNK,FINCABLES,FLUOROCHEM,FMGOETZE,FORBES,FORTIS,FOSECOIND,FULFORD,GAEL,GAIL,GANESHBE,GARDEN,GEOJITFSL,GHCL,GILLETTE,GKNDRIVE,GLAXO,GLENMARK,GLFL,GMDCLTD,GNFC,GODFRYPHLP,GODREJCP,GODREJIND,GOKEX,GOLDENTOBC,GOODRICKE,GOODYEAR,GRAPHITE,GRASIM,GREAVESCOT,GRINDWELL,GRINFRA,GSFC,GSKCONS,GSPL,GTL,GUJALKALI,GUJGASLTD,GUJNRECOKE,GVT&D,HARRMALAYA,HAVELLS,HCC,HCL-INSYS,HCLTECH,HDFC,HDFCBANK,HEALTHCARE,HEG,HEIDELBERG,HERBERTS,HERITGFOOD,HEROMOTOCO,HEXT,HGINFRA,HIKAL,HIMATSEIDE,HINDALCO,HINDOILEXP,HINDPETRO,HINDSYNTEX,HINDUJA,HINDUNILVR,HINDUSTAN,HINDZINC,HITECHCORP,HMT,HOGANAS,HONAUT,HOTEL,HTMEDIA,HUBTOWN,ICICIBANK,IDBI,IDFCFIRSTB,IFBIND,IFCI,IGL,IGPL,INDHOTEL,INDIACEM,INDIAGLYCO,INDORAMA,INDUSINDBK,INFY,INGERRAND,INSILCO,INTERNAT,IOB,IOC,IONEXCHANG,IPCALAB,IPRINGS,ISMT,ISPAT,ITC,ITI,ITWSIGNO,JAGRAN,JAICORPLTD,JBCHEPHARM,JBMA,JETAIRWAYS,JINDALPHOT,JINDALPOLY,JINDALSAW,JINDALSTEL,JISLJALEQS,JKCEMENT,JKTYRE,JPASSOCIAT,JPPOWER,JSL,JSWHL,JUBLFOOD,JUBLINGRY,JYOTISTRUC,KAJARIACER,KANSAINER,KARURVYSYA,KARUTURI,KCP,KINETIC,KMSUGAR,KOHINOOR,KOTAKBANK,KPEL,KRISHNA,KRL,KSB,KTKBANK,KUMARS,LAKSHMI,LGBBROSLTD,LICHSGFIN,LINDEINDIA,LITL,LT,LUPIN,M& M,M&M,MADURA,MAFATIND,MAHABANK,MAHSCOOTER,MAHSEAMLES,MALWA,MARALOVER,MARICO,MARUTI,MASTEK,MATRIX,MAXIND,MCDOWELL,MCLEODRUSS,MERCATOR,MERCK,MERIND,MFSL,MIRZAINT,MODIXEROX,MOREPENLAB,MOTHERSON,MOTHERSUMI,MPHASIS,MRF,MRPL,MTNL,MUNJALSHOW,NAGARFERT,NAHAR,NAHARPOLY,NAHARSPING,NATCOPHARM,NATIONAL,NATIONALUM,NAVA,NAVNETED,NCC,NDTV,NESTLEIND,NETWORK18,NH,NILKAMAL,NIRMA,NITCO,NLCINDIA,NMDC,NOIDATOLL,NTPC,OBC,OFSS,OIL,OILCOUNTUB,OLECTRA,OMAXAUTO,OMAXE,ONGC,ONIDA,ORIENTHOT,ORIENTPPR,OSWALAGRO,PATANJALI,PATNI,PATSPIN,PCBL,PDMJEPAPER,PEL,PENTAFOUR,PENTAMEDIA,PETRONET,PFIZER,PGHL,PHIL,PHILIPS,PHOENIX,PIDILITIND,PNB,POONAWALLA,PRAJIND,PRAKASH,PREMIERENE,PRESTIGE,PSIDATA,PTC,PUDUMJEE,PUNJABCHEM,PUNJLLOYD,PUNJTRACT,RAASI,RAIN,RAJESHEXPO,RALLIS,RAMCOCEM,RAMCOIND,RANBAXY,RAYMOND,RCF,RCOM,RECKITT,RECLTD,RECRON,REIAGRO,RELCAPITAL,RELIANCE,RELIGARE,RELINFRA,RELMEDIA,RICOAUTO,RIIL,RKFORGE,ROYAL,RPGTRANS,RPOWER,RPPINFRA,RSWM,RUCHISOYA,SAIL,SALORA,SAMTEL,SANGHI,SANOFI,SAREGAMA,SBIN,SCHAEFFLER,SCHENECT,SCI,SCILAL,SDREAMS,SESASTERL,SESHAPAPER,SHANTHIGEAR,SHAWWALLA,SHOPERSTOP,SHREECEM,SHRENUJ,SHRIRAMFIN,SHYAMTEL,SIEMENS,SIL,SIMPLEXINF,SKFINDIA,SMLISUZU,SONACOMS,SONATSOFTW,SOUTHBANK,SPARC,SPLPETRO,SRF,STAR,STATE,STERLINBIO,STERLITE,STYROLUT,SUNCLAY,SUNDARMFIN,SUNDRMFAST,SUNPHARMA,SUPREMEIND,SUVEN,TAMIL,TATACHEM,TATACOMM,TATACONSUM,TATAELXSI,TATAINVEST,TATAMETAL,TATAMOTORS,TATAPOWER,TATASPONGE,TATASTEEL,TCS,TECH,TFCI,THERMAX,THIRU,THOMASCOOK,TIINDIA,TIMEX,TIMKEN,TINPLATE,TITAN,TNPETRO,TODAYS,TORNTPHARM,TORNTPOWER,TRANSPEK,TRENT,TRIDENT,TTKPRESTIG,TVTODAY,UBL,UCALFUEL,UFLEX,ULTRACEMCO,UNICHEMLAB,UNIONBANK,USHAFIN,USHAMART,UTTAM,VARUN,VESUVIUS,VHL,VINDHYATEL,VIRAL,VISHAL,VOLTAS,VTL,WELENT,WIDIA,WIMCO,WINDMACH,WINSOME,WIPRO,WSI,WSTCSTPAPR,WYETH,ZANDU,ZENSARTECH,ZUARI"
2011-10-10,Nifty500,"NETWORK18,WSI,PERSISTENT,SKSMICRO,SBIN,SBIN,SUJANA,KPEL,ECLERX,JUBLINGRY,IBULLSLTD,AIAENG,BFUTILITIE,INDIANB,CENTRALBK,J&KBANK,DHFL,DHANLAXMI,GPPL,HIMACHAL","PRICOL,NRBBEARING,PNBGILTS,SDREAMS,RICOAUTO,TFCI,SAKHTISUG,TNPETRO,DEN,SEAMECLTD,WSI,ADOR,AFTEK,AKSHOPTFBR,ANDHRSUGAR,BLKASHYAP,KULKARNI,HERITGFOOD,HIKAL,COSMO","3MINDIA,63MOONS,AARTIIND,ABANOFFSH,ABB,ABBOTINDIA,ABREL,ACC,ADANIENT,AGCNETWO,AIAENG,AKZOINDIA,ALEMBICLTD,ALFALAVAL,ALLCARGO,ALSTOMT&D,ALTOS,AMBALAL,AMBUJACEM,AMTEK,ANDHRAVALY,APARINDS,APOLLOHOSP,APOLLOTYRE,APPAPER,APPLE,APTECHT,ARVIND,ASAHIINDIA,ASHOKLEY,ASIANHOTNR,ASIANPAINT,ASTRAZENCA,ATUL,ATULAUTO,AUTOAXLES,AVERY,AXISBANK,BAJAJ,BAJAJ-AUTO,BAJAJHIND,BAJAJHLDNG,BAJFINANCE,BALAJI,BALMLAWRIE,BALRAMCHIN,BANCOINDIA,BANKBARODA,BANKINDIA,BASF,BATAINDIA,BBTC,BEL,BEML,BERGEPAINT,BFUTILITIE,BHARATFORG,BHARTIARTL,BHEL,BHUSHANSTL,BI,BINANI,BIOCON,BIRLAMONEY,BLOWPLAST,BLUEDART,BOMDYEING,BOSCH-HCIL,BOSCHLTD,BPCL,BRABOURNE,BRFL,BRIGADE,BRITANNIA,BSOFT,CABLE,CADBURY,CAIRN,CANBK,CANFINHOME,CAPRIHANS,CASTROLIND,CCL,CEATLTD,CENTENKA,CENTRALBK,CENTURYTEX,CESC,CGPOWER,CHAMBLFERT,CHEMINOR,CHEMPLASTS,CHENNPETRO,CHETTINAD,CHOLAFIN,CHOLAHLDNG,CIPLA,CMC,COFORGE,COLPAL,CONCOR,COROMANDEL,CRISIL,CUB,CUMMINSIND,CYBERTECH,DABUR,DAEWOO,DCAL,DCLPOLYE,DCW,DEEPAKFERT,DHAMPURSUG,DHANBANK,DHANLAXMI,DHFL,DICIND,DIGJAMLMTD,DLF,DRREDDY,DSQSOFTW,ECLERX,EIDPARRY,EIHOTEL,ELCIDIN,ELECON,ELECTCAST,ELECTREX,ELGIEQUIP,ELGIRUBCO,ENGINERSIN,ESABINDIA,ESCORTS,ESSAR,ESSEL,EXCELINDUS,EXIDEIND,FACT,FAGBEARI,FDC,FEDERALBNK,FINCABLES,FLUOROCHEM,FMGOETZE,FORBES,FORTIS,FOSECOIND,FULFORD,GAEL,GAIL,GANESHBE,GARDEN,GEOJITFSL,GHCL,GILLETTE,GKNDRIVE,GLAXO,GLENMARK,GLFL,GMDCLTD,GNFC,GODFRYPHLP,GODREJCP,GODREJIND,GOKEX,GOLDENTOBC,GOODRICKE,GOODYEAR,GPPL,GRAPHITE,GRASIM,GREAVESCOT,GRINDWELL,GRINFRA,GSFC,GSKCONS,GSPL,GTL,GUJALKALI,GUJGASLTD,GUJNRECOKE,GVT&D,HARRMALAYA,HAVELLS,HCC,HCL-INSYS,HCLTECH,HDFC,HDFCBANK,HEALTHCARE,HEG,HEIDELBERG,HERBERTS,HEROMOTOCO,HEXT,HIMACHAL,HIMATSEIDE,HINDALCO,HINDOILEXP,HINDPETRO,HINDSYNTEX,HINDUJA,HINDUNILVR,HINDUSTAN,HINDZINC,HITECHCORP,HMT,HOGANAS,HONAUT,HOTEL,HTMEDIA,HUBTOWN,IBULLSLTD,ICICIBANK,IDBI,IDFCFIRSTB,IFBIND,IFCI,IGL,IGPL,INDHOTEL,INDIACEM,INDIAGLYCO,INDIANB,INDORAMA,INDUSINDBK,INFY,INGERRAND,INSILCO,INTERNAT,IOB,IOC,IONEXCHANG,IPCALAB,IPRINGS,ISMT,ISPAT,ITC,ITI,ITWSIGNO,J&KBANK,JAGRAN,JAICORPLTD,JBCHEPHARM,JBMA,JETAIRWAYS,JINDALPHOT,JINDALPOLY,JINDALSAW,JINDALSTEL,JISLJALEQS,JKCEMENT,JKTYRE,JPASSOCIAT,JPPOWER,JSL,JSWHL,JUBLFOOD,JUBLINGRY,JYOTISTRUC,KAJARIACER,KANSAINER,KARURVYSYA,KARUTURI,KCP,KINETIC,KMSUGAR,KOHINOOR,KOTAKBANK,KPEL,KRISHNA,KRL,KSB,KTKBANK,KUMARS,LAKSHMI,LGBBROSLTD,LICHSGFIN,LINDEINDIA,LITL,LT,LUPIN,M& M,M&M,MADURA,MAFATIND,MAHABANK,MAHSCOOTER,MAHSEAMLES,MALWA,MARICO,MARUTI,MASTEK,MATRIX,MAXIND,MCDOWELL,MCLEODRUSS,MERCATOR,MERCK,MERIND,MFSL,MIRZAINT,MODIXEROX,MOREPENLAB,MOTHERSON,MOTHERSUMI,MPHASIS,MRF,MRPL,MTNL,MUNJALSHOW,NAGARFERT,NAHAR,NAHARPOLY,NAHARSPING,NATCOPHARM,NATIONAL,NATIONALUM,NAVA,NAVNETED,NCC,NDTV,NESTLEIND,NETWORK18,NH,NILKAMAL,NIRMA,NITCO,NLCINDIA,NMDC,NOIDATOLL,NTPC,OBC,OFSS,OIL,OILCOUNTUB,OLECTRA,OMAXAUTO,OMAXE,ONGC,ONIDA,ORIENTHOT,ORIENTPPR,OSWALAGRO,PATANJALI,PATNI,PATSPIN,PCBL,PDMJEPAPER,PEL,PENTAFOUR,PENTAMEDIA,PERSISTENT,PETRONET,PFIZER,PGHL,PHIL,PHILIPS,PHOENIX,PIDILITIND,PNB,POONAWALLA,PRAJIND,PRAKASH,PREMIERENE,PRESTIGE,PSIDATA,PTC,PUNJABCHEM,PUNJLLOYD,PUNJTRACT,RAASI,RAIN,RAJESHEXPO,RALLIS,RAMCOCEM,RAMCOIND,RANBAXY,RAYMOND,RCF,RCOM,RECKITT,RECLTD,RECRON,REIAGRO,RELCAPITAL,RELIANCE,RELIGARE,RELINFRA,RELMEDIA,RIIL,RKFORGE,ROYAL,RPGTRANS,RPOWER,RPPINFRA,RSWM,RUCHISOYA,SAIL,SALORA,SAMTEL,SANGHI,SANOFI,SAREGAMA,SBIN,SCHAEFFLER,SCHENECT,SCI,SCILAL,SESASTERL,SESHAPAPER,SHANTHIGEAR,SHAWWALLA,SHOPERSTOP,SHREECEM,SHRENUJ,SHRIRAMFIN,SHYAMTEL,SIEMENS,SIL,SIMPLEXINF,SKFINDIA,SKSMICRO,SMLISUZU,SONACOMS,SONATSOFTW,SOUTHBANK,SPARC,SPLPETRO,SRF,STAR,STATE,STERLINBIO,STERLITE,STYROLUT,SUJANA,SUNCLAY,SUNDARMFIN,SUNDRMFAST,SUNPHARMA,SUPREMEIND,SUVEN,TAMIL,TATACHEM,TATACOMM,TATACONSUM,TATAELXSI,TATAINVEST,TATAMETAL,TATAMOTORS,TATAPOWER,TATASPONGE,TATASTEEL,TCS,TECH,THERMAX,THIRU,THOMASCOOK,TIINDIA,TIMEX,TIMKEN,TINPLATE,TITAN,TODAYS,TORNTPHARM,TORNTPOWER,TRANSPEK,TRENT,TRIDENT,TTKPRESTIG,TVTODAY,UBL,UCALFUEL,UFLEX,ULTRACEMCO,UNICHEMLAB,UNIONBANK,USHAFIN,USHAMART,UTTAM,VARUN,VESUVIUS,VHL,VINDHYATEL,VIRAL,VISHAL,VOLTAS,VTL,WELENT,WIDIA,WIMCO,WINDMACH,WINSOME,WIPRO,WSI,WSTCSTPAPR,WYETH,ZANDU,ZENSARTECH,ZUARI"
2011-11-04,Nifty500,COALINDIA,ALEMBICLTD,"3MINDIA,63MOONS,AARTIIND,ABANOFFSH,ABB,ABBOTINDIA,ABREL,ACC,ADANIENT,AGCNETWO,AIAENG,AKZOINDIA,ALFALAVAL,ALLCARGO,ALSTOMT&D,ALTOS,AMBALAL,AMBUJACEM,AMTEK,ANDHRAVALY,APARINDS,APOLLOHOSP,APOLLOTYRE,APPAPER,APPLE,APTECHT,ARVIND,ASAHIINDIA,ASHOKLEY,ASIANHOTNR,ASIANPAINT,ASTRAZENCA,ATUL,ATULAUTO,AUTOAXLES,AVERY,AXISBANK,BAJAJ,BAJAJ-AUTO,BAJAJHIND,BAJAJHLDNG,BAJFINANCE,BALAJI,BALMLAWRIE,BALRAMCHIN,BANCOINDIA,BANKBARODA,BANKINDIA,BASF,BATAINDIA,BBTC,BEL,BEML,BERGEPAINT,BFUTILITIE,BHARATFORG,BHARTIARTL,BHEL,BHUSHANSTL,BI,BINANI,BIOCON,BIRLAMONEY,BLOWPLAST,BLUEDART,BOMDYEING,BOSCH-HCIL,BOSCHLTD,BPCL,BRABOURNE,BRFL,BRIGADE,BRITANNIA,BSOFT,CABLE,CADBURY,CAIRN,CANBK,CANFINHOME,CAPRIHANS,CASTROLIND,CCL,CEATLTD,CENTENKA,CENTRALBK,CENTURYTEX,CESC,CGPOWER,CHAMBLFERT,CHEMINOR,CHEMPLASTS,CHENNPETRO,CHETTINAD,CHOLAFIN,CHOLAHLDNG,CIPLA,CMC,COALINDIA,COFORGE,COLPAL,CONCOR,COROMANDEL,CRISIL,CUB,CUMMINSIND,CYBERTECH,DABUR,DAEWOO,DCAL,DCLPOLYE,DCW,DEEPAKFERT,DHAMPURSUG,DHANBANK,DHANLAXMI,DHFL,DICIND,DIGJAMLMTD,DLF,DRREDDY,DSQSOFTW,ECLERX,EIDPARRY,EIHOTEL,ELCIDIN,ELECON,ELECTCAST,ELECTREX,ELGIEQUIP,ELGIRUBCO,ENGINERSIN,ESABINDIA,ESCORTS,ESSAR,ESSEL,EXCELINDUS,EXIDEIND,FACT,FAGBEARI,FDC,FEDERALBNK,FINCABLES,FLUOROCHEM,FMGOETZE,FORBES,FORTIS,FOSECOIND,FULFORD,GAEL,GAIL,GANESHBE,GARDEN,GEOJITFSL,GHCL,GILLETTE,GKNDRIVE,GLAXO,GLENMARK,GLFL,GMDCLTD,GNFC,GODFRYPHLP,GODREJCP,GODREJIND,GOKEX,GOLDENTOBC,GOODRICKE,GOODYEAR,GPPL,GRAPHITE,GRASIM,GREAVESCOT,GRINDWELL,GRINFRA,GSFC,GSKCONS,GSPL,GTL,GUJALKALI,GUJGASLTD,GUJNRECOKE,GVT&D,HARRMALAYA,HAVELLS,HCC,HCL-INSYS,HCLTECH,HDFC,HDFCBANK,HEALTHCARE,HEG,HEIDELBERG,HERBERTS,HEROMOTOCO,HEXT,HIMACHAL,HIMATSEIDE,HINDALCO,HINDOILEXP,HINDPETRO,HINDSYNTEX,HINDUJA,HINDUNILVR,HINDUSTAN,HINDZINC,HITECHCORP,HMT,HOGANAS,HONAUT,HOTEL,HTMEDIA,HUBTOWN,IBULLSLTD,ICICIBANK,IDBI,IDFCFIRSTB,IFBIND,IFCI,IGL,IGPL,INDHOTEL,INDIACEM,INDIAGLYCO,INDIANB,INDORAMA,INDUSINDBK,INFY,INGERRAND,INSILCO,INTERNAT,IOB,IOC,IONEXCHANG,IPCALAB,IPRINGS,ISMT,ISPAT,ITC,ITI,ITWSIGNO,J&KBANK,JAGRAN,JAICORPLTD,JBCHEPHARM,JBMA,JETAIRWAYS,JINDALPHOT,JINDALPOLY,JINDALSAW,JINDALSTEL,JISLJALEQS,JKCEMENT,JKTYRE,JPASSOCIAT,JPPOWER,JSL,JSWHL,JUBLFOOD,JUBLINGRY,JYOTISTRUC,KAJARIACER,KANSAINER,KARURVYSYA,KARUTURI,KCP,KINETIC,KMSUGAR,KOHINOOR,KOTAKBANK,KPEL,KRISHNA,KRL,KSB,KTKBANK,KUMARS,LAKSHMI,LGBBROSLTD,LICHSGFIN,LINDEINDIA,LITL,LT,LUPIN,M& M,M&M,MADURA,MAFATIND,MAHABANK,MAHSCOOTER,MAHSEAMLES,MALWA,MARICO,MARUTI,MASTEK,MATRIX,MAXIND,MCDOWELL,MCLEODRUSS,MERCATOR,MERCK,MERIND,MFSL,MIRZAINT,MODIXEROX,MOREPENLAB,MOTHERSON,MOTHERSUMI,MPHASIS,MRF,MRPL,MTNL,MUNJALSHOW,NAGARFERT,NAHAR,NAHARPOLY,NAHARSPING,NATCOPHARM,NATIONAL,NATIONALUM,NAVA,NAVNETED,NCC,NDTV,NESTLEIND,NETWORK18,NH,NILKAMAL,NIRMA,NITCO,NLCINDIA,NMDC,NOIDATOLL,NTPC,OBC,OFSS,OIL,OILCOUNTUB,OLECTRA,OMAXAUTO,OMAXE,ONGC,ONIDA,ORIENTHOT,ORIENTPPR,OSWALAGRO,PATANJALI,PATNI,PATSPIN,PCBL,PDMJEPAPER,PEL,PENTAFOUR,PENTAMEDIA,PERSISTENT,PETRONET,PFIZER,PGHL,PHIL,PHILIPS,PHOENIX,PIDILITIND,PNB,POONAWALLA,PRAJIND,PRAKASH,PREMIERENE,PRESTIGE,PSIDATA,PTC,PUNJABCHEM,PUNJLLOYD,PUNJTRACT,RAASI,RAIN,RAJESHEXPO,RALLIS,RAMCOCEM,RAMCOIND,RANBAXY,RAYMOND,RCF,RCOM,RECKITT,RECLTD,RECRON,REIAGRO,RELCAPITAL,RELIANCE,RELIGARE,RELINFRA,RELMEDIA,RIIL,RKFORGE,ROYAL,RPGTRANS,RPOWER,RPPINFRA,RSWM,RUCHISOYA,SAIL,SALORA,SAMTEL,SANGHI,SANOFI,SAREGAMA,SBIN,SCHAEFFLER,SCHENECT,SCI,SCILAL,SESASTERL,SESHAPAPER,SHANTHIGEAR,SHAWWALLA,SHOPERSTOP,SHREECEM,SHRENUJ,SHRIRAMFIN,SHYAMTEL,SIEMENS,SIL,SIMPLEXINF,SKFINDIA,SKSMICRO,SMLISUZU,SONACOMS,SONATSOFTW,SOUTHBANK,SPARC,SPLPETRO,SRF,STAR,STATE,STERLINBIO,STERLITE,STYROLUT,SUJANA,SUNCLAY,SUNDARMFIN,SUNDRMFAST,SUNPHARMA,SUPREMEIND,SUVEN,TAMIL,TATACHEM,TATACOMM,TATACONSUM,TATAELXSI,TATAINVEST,TATAMETAL,TATAMOTORS,TATAPOWER,TATASPONGE,TATASTEEL,TCS,TECH,THERMAX,THIRU,THOMASCOOK,TIINDIA,TIMEX,TIMKEN,TINPLATE,TITAN,TODAYS,TORNTPHARM,TORNTPOWER,TRANSPEK,TRENT,TRIDENT,TTKPRESTIG,TVTODAY,UBL,UCALFUEL,UFLEX,ULTRACEMCO,UNICHEMLAB,UNIONBANK,USHAFIN,USHAMART,UTTAM,VARUN,VESUVIUS,VHL,VINDHYATEL,VIRAL,VISHAL,VOLTAS,VTL,WELENT,WIDIA,WIMCO,WINDMACH,WINSOME,WIPRO,WSI,WSTCSTPAPR,WYETH,ZANDU,ZENSARTECH,ZUARI"
2012-07-03,Nifty500,JINDALSAW,PROVOGUE,"3MINDIA,63MOONS,AARTIIND,ABANOFFSH,ABB,ABBOTINDIA,ABREL,ACC,ADANIENT,AGCNETWO,AIAENG,AKZOINDIA,ALFALAVAL,ALLCARGO,ALSTOMT&D,ALTOS,AMBALAL,AMBUJACEM,AMTEK,ANDHRAVALY,APARINDS,APOLLOHOSP,APOLLOTYRE,APPAPER,APPLE,APTECHT,ARVIND,ASAHIINDIA,ASHOKLEY,ASIANHOTNR,ASIANPAINT,ASTRAZENCA,ATUL,ATULAUTO,AUTOAXLES,AVERY,AXISBANK,BAJAJ,BAJAJ-AUTO,BAJAJHIND,BAJAJHLDNG,BAJFINANCE,BALAJI,BALMLAWRIE,BALRAMCHIN,BANCOINDIA,BANKBARODA,BANKINDIA,BASF,BATAINDIA,BBTC,BEL,BEML,BERGEPAINT,BFUTILITIE,BHARATFORG,BHARTIARTL,BHEL,BHUSHANSTL,BI,BINANI,BIOCON,BIRLAMONEY,BLOWPLAST,BLUEDART,BOMDYEING,BOSCH-HCIL,BOSCHLTD,BPCL,BRABOURNE,BRFL,BRIGADE,BRITANNIA,BSOFT,CABLE,CADBURY,CAIRN,CANBK,CANFINHOME,CAPRIHANS,CASTROLIND,CCL,CEATLTD,CENTENKA,CENTRALBK,CENTURYTEX,CESC,CGPOWER,CHAMBLFERT,CHEMINOR,CHEMPLASTS,CHENNPETRO,CHETTINAD,CHOLAFIN,CHOLAHLDNG,CIPLA,CMC,COALINDIA,COFORGE,COLPAL,CONCOR,COROMANDEL,CRISIL,CUB,CUMMINSIND,CYBERTECH,DABUR,DAEWOO,DCAL,DCLPOLYE,DCW,DEEPAKFERT,DHAMPURSUG,DHANBANK,DHANLAXMI,DHFL,DICIND,DIGJAMLMTD,DLF,DRREDDY,DSQSOFTW,ECLERX,EIDPARRY,EIHOTEL,ELCIDIN,ELECON,ELECTCAST,ELECTREX,ELGIEQUIP,ELGIRUBCO,ENGINERSIN,ESABINDIA,ESCORTS,ESSAR,ESSEL,EXCELINDUS,EXIDEIND,FACT,FAGBEARI,FDC,FEDERALBNK,FINCABLES,FLUOROCHEM,FMGOETZE,FORBES,FORTIS,FOSECOIND,FULFORD,GAEL,GAIL,GANESHBE,GARDEN,GEOJITFSL,GHCL,GILLETTE,GKNDRIVE,GLAXO,GLENMARK,GLFL,GMDCLTD,GNFC,GODFRYPHLP,GODREJCP,GODREJIND,GOKEX,GOLDENTOBC,GOODRICKE,GOODYEAR,GPPL,GRAPHITE,GRASIM,GREAVESCOT,GRINDWELL,GRINFRA,GSFC,GSKCONS,GSPL,GTL,GUJALKALI,GUJGASLTD,GUJNRECOKE,GVT&D,HARRMALAYA,HAVELLS,HCC,HCL-INSYS,HCLTECH,HDFC,HDFCBANK,HEALTHCARE,HEG,HEIDELBERG,HERBERTS,HEROMOTOCO,HEXT,HIMACHAL,HIMATSEIDE,HINDALCO,HINDOILEXP,HINDPETRO,HINDSYNTEX,HINDUJA,HINDUNILVR,HINDUSTAN,HINDZINC,HITECHCORP,HMT,HOGANAS,HONAUT,HOTEL,HTMEDIA,HUBTOWN,IBULLSLTD,ICICIBANK,IDBI,IDFCFIRSTB,IFBIND,IFCI,IGL,IGPL,INDHOTEL,INDIACEM,INDIAGLYCO,INDIANB,INDORAMA,INDUSINDBK,INFY,INGERRAND,INSILCO,INTERNAT,IOB,IOC,IONEXCHANG,IPCALAB,IPRINGS,ISMT,ISPAT,ITC,ITI,ITWSIGNO,J&KBANK,JAGRAN,JAICORPLTD,JBCHEPHARM,JBMA,JETAIRWAYS,JINDALPHOT,JINDALPOLY,JINDALSAW,JINDALSTEL,JISLJALEQS,JKCEMENT,JKTYRE,JPASSOCIAT,JPPOWER,JSL,JSWHL,JUBLFOOD,JUBLINGRY,JYOTISTRUC,KAJARIACER,KANSAINER,KARURVYSYA,KARUTURI,KCP,KINETIC,KMSUGAR,KOHINOOR,KOTAKBANK,KPEL,KRISHNA,KRL,KSB,KTKBANK,KUMARS,LAKSHMI,LGBBROSLTD,LICHSGFIN,LINDEINDIA,LITL,LT,LUPIN,M& M,M&M,MADURA,MAFATIND,MAHABANK,MAHSCOOTER,MAHSEAMLES,MALWA,MARICO,MARUTI,MASTEK,MATRIX,MAXIND,MCDOWELL,MCLEODRUSS,MERCATOR,MERCK,MERIND,MFSL,MIRZAINT,MODIXEROX,MOREPENLAB,MOTHERSON,MOTHERSUMI,MPHASIS,MRF,MRPL,MTNL,MUNJALSHOW,NAGARFERT,NAHAR,NAHARPOLY,NAHARSPING,NATCOPHARM,NATIONAL,NATIONALUM,NAVA,NAVNETED,NCC,NDTV,NESTLEIND,NETWORK18,NH,NILKAMAL,NIRMA,NITCO,NLCINDIA,NMDC,NOIDATOLL,NTPC,OBC,OFSS,OIL,OILCOUNTUB,OLECTRA,OMAXAUTO,OMAXE,ONGC,ONIDA,ORIENTHOT,ORIENTPPR,OSWALAGRO,PATANJALI,PATNI,PATSPIN,PCBL,PDMJEPAPER,PEL,PENTAFOUR,PENTAMEDIA,PERSISTENT,PETRONET,PFIZER,PGHL,PHIL,PHILIPS,PHOENIX,PIDILITIND,PNB,POONAWALLA,PRAJIND,PRAKASH,PREMIERENE,PRESTIGE,PSIDATA,PTC,PUNJABCHEM,PUNJLLOYD,PUNJTRACT,RAASI,RAIN,RAJESHEXPO,RALLIS,RAMCOCEM,RAMCOIND,RANBAXY,RAYMOND,RCF,RCOM,RECKITT,RECLTD,RECRON,REIAGRO,RELCAPITAL,RELIANCE,RELIGARE,RELINFRA,RELMEDIA,RIIL,RKFORGE,ROYAL,RPGTRANS,RPOWER,RPPINFRA,RSWM,RUCHISOYA,SAIL,SALORA,SAMTEL,SANGHI,SANOFI,SAREGAMA,SBIN,SCHAEFFLER,SCHENECT,SCI,SCILAL,SESASTERL,SESHAPAPER,SHANTHIGEAR,SHAWWALLA,SHOPERSTOP,SHREECEM,SHRENUJ,SHRIRAMFIN,SHYAMTEL,SIEMENS,SIL,SIMPLEXINF,SKFINDIA,SKSMICRO,SMLISUZU,SONACOMS,SONATSOFTW,SOUTHBANK,SPARC,SPLPETRO,SRF,STAR,STATE,STERLINBIO,STERLITE,STYROLUT,SUJANA,SUNCLAY,SUNDARMFIN,SUNDRMFAST,SUNPHARMA,SUPREMEIND,SUVEN,TAMIL,TATACHEM,TATACOMM,TATACONSUM,TATAELXSI,TATAINVEST,TATAMETAL,TATAMOTORS,TATAPOWER,TATASPONGE,TATASTEEL,TCS,TECH,THERMAX,THIRU,THOMASCOOK,TIINDIA,TIMEX,TIMKEN,TINPLATE,TITAN,TODAYS,TORNTPHARM,TORNTPOWER,TRANSPEK,TRENT,TRIDENT,TTKPRESTIG,TVTODAY,UBL,UCALFUEL,UFLEX,ULTRACEMCO,UNICHEMLAB,UNIONBANK,USHAFIN,USHAMART,UTTAM,VARUN,VESUVIUS,VHL,VINDHYATEL,VIRAL,VISHAL,VOLTAS,VTL,WELENT,WIDIA,WIMCO,WINDMACH,WINSOME,WIPRO,WSI,WSTCSTPAPR,WYETH,ZANDU,ZENSARTECH,ZUARI"
2012-09-03,Nifty500,"IBREALEST,CONSOFINVT","CAROL,UTV","3MINDIA,63MOONS,AARTIIND,ABANOFFSH,ABB,ABBOTINDIA,ABREL,ACC,ADANIENT,AGCNETWO,AIAENG,AKZOINDIA,ALFALAVAL,ALLCARGO,ALSTOMT&D,ALTOS,AMBALAL,AMBUJACEM,AMTEK,ANDHRAVALY,APARINDS,APOLLOHOSP,APOLLOTYRE,APPAPER,APPLE,APTECHT,ARVIND,ASAHIINDIA,ASHOKLEY,ASIANHOTNR,ASIANPAINT,ASTRAZENCA,ATUL,ATULAUTO,AVERY,AXISBANK,BAJAJ,BAJAJ-AUTO,BAJAJHIND,BAJAJHLDNG,BAJFINANCE,BALAJI,BALMLAWRIE,BALRAMCHIN,BANCOINDIA,BANKBARODA,BANKINDIA,BASF,BATAINDIA,BBTC,BEL,BEML,BERGEPAINT,BFUTILITIE,BHARATFORG,BHARTIARTL,BHEL,BHUSHANSTL,BI,BINANI,BIOCON,BIRLAMONEY,BLOWPLAST,BLUEDART,BOMDYEING,BOSCH-HCIL,BOSCHLTD,BPCL,BRABOURNE,BRFL,BRIGADE,BRITANNIA,BSOFT,CABLE,CADBURY,CAIRN,CANBK,CANFINHOME,CAPRIHANS,CASTROLIND,CCL,CEATLTD,CENTENKA,CENTRALBK,CENTURYTEX,CESC,CGPOWER,CHAMBLFERT,CHEMINOR,CHEMPLASTS,CHENNPETRO,CHETTINAD,CHOLAFIN,CHOLAHLDNG,CIPLA,CMC,COALINDIA,COFORGE,COLPAL,CONCOR,CONSOFINVT,COROMANDEL,CRISIL,CUB,CUMMINSIND,CYBERTECH,DABUR,DAEWOO,DCAL,DCLPOLYE,DCW,DEEPAKFERT,DHAMPURSUG,DHANBANK,DHANLAXMI,DHFL,DICIND,DIGJAMLMTD,DLF,DRREDDY,DSQSOFTW,ECLERX,EIDPARRY,EIHOTEL,ELCIDIN,ELECON,ELECTCAST,ELECTREX,ELGIEQUIP,ELGIRUBCO,ENGINERSIN,ESABINDIA,ESCORTS,ESSAR,ESSEL,EXCELINDUS,EXIDEIND,FACT,FAGBEARI,FDC,FEDERALBNK,FINCABLES,FLUOROCHEM,FMGOETZE,FORBES,FORTIS,FOSECOIND,FULFORD,GAEL,GAIL,GANESHBE,GARDEN,GEOJITFSL,GHCL,GILLETTE,GKNDRIVE,GLAXO,GLENMARK,GLFL,GMDCLTD,GNFC,GODFRYPHLP,GODREJCP,GODREJIND,GOKEX,GOLDENTOBC,GOODRICKE,GOODYEAR,GPPL,GRAPHITE,GRASIM,GREAVESCOT,GRINDWELL,GRINFRA,GSFC,GSKCONS,GSPL,GTL,GUJALKALI,GUJGASLTD,GUJNRECOKE,GVT&D,HARRMALAYA,HAVELLS,HCC,HCL-INSYS,HCLTECH,HDFC,HDFCBANK,HEALTHCARE,HEG,HEIDELBERG,HERBERTS,HEROMOTOCO,HEXT,HIMACHAL,HIMATSEIDE,HINDALCO,HINDOILEXP,HINDPETRO,HINDSYNTEX,HINDUJA,HINDUNILVR,HINDUSTAN,HINDZINC,HITECHCORP,HMT,HOGANAS,HONAUT,HOTEL,HTMEDIA,HUBTOWN,IBREALEST,IBULLSLTD,ICICIBANK,IDBI,IDFCFIRSTB,IFBIND,IFCI,IGL,IGPL,INDHOTEL,INDIACEM,INDIAGLYCO,INDIANB,INDORAMA,INDUSINDBK,INFY,INGERRAND,INSILCO,INTERNAT,IOB,IOC,IONEXCHANG,IPCALAB,IPRINGS,ISMT,ISPAT,ITC,ITI,ITWSIGNO,J&KBANK,JAGRAN,JAICORPLTD,JBCHEPHARM,JBMA,JETAIRWAYS,JINDALPHOT,JINDALPOLY,JINDALSAW,JINDALSTEL,JISLJALEQS,JKCEMENT,JKTYRE,JPASSOCIAT,JPPOWER,JSL,JSWHL,JUBLFOOD,JUBLINGRY,JYOTISTRUC,KAJARIACER,KANSAINER,KARURVYSYA,KARUTURI,KCP,KINETIC,KMSUGAR,KOHINOOR,KOTAKBANK,KPEL,KRISHNA,KRL,KSB,KTKBANK,KUMARS,LAKSHMI,LGBBROSLTD,LICHSGFIN,LINDEINDIA,LITL,LT,LUPIN,M& M,M&M,MADURA,MAFATIND,MAHABANK,MAHSCOOTER,MAHSEAMLES,MALWA,MARICO,MARUTI,MASTEK,MATRIX,MAXIND,MCDOWELL,MCLEODRUSS,MERCATOR,MERCK,MERIND,MFSL,MIRZAINT,MODIXEROX,MOREPENLAB,MOTHERSON,MOTHERSUMI,MPHASIS,MRF,MRPL,MTNL,MUNJALSHOW,NAGARFERT,NAHAR,NAHARPOLY,NAHARSPING,NATCOPHARM,NATIONAL,NATIONALUM,NAVA,NAVNETED,NCC,NDTV,NESTLEIND,NETWORK18,NH,NILKAMAL,NIRMA,NITCO,NLCINDIA,NMDC,NOIDATOLL,NTPC,OBC,OFSS,OIL,OILCOUNTUB,OLECTRA,OMAXAUTO,OMAXE,ONGC,ONIDA,ORIENTHOT,ORIENTPPR,OSWALAGRO,PATANJALI,PATNI,PATSPIN,PCBL,PDMJEPAPER,PEL,PENTAFOUR,PENTAMEDIA,PERSISTENT,PETRONET,PFIZER,PGHL,PHIL,PHILIPS,PHOENIX,PIDILITIND,PNB,POONAWALLA,PRAJIND,PRAKASH,PREMIERENE,PRESTIGE,PSIDATA,PTC,PUNJABCHEM,PUNJLLOYD,PUNJTRACT,RAASI,RAIN,RAJESHEXPO,RALLIS,RAMCOCEM,RAMCOIND,RANBAXY,RAYMOND,RCF,RCOM,RECKITT,RECLTD,RECRON,REIAGRO,RELCAPITAL,RELIANCE,RELIGARE,RELINFRA,RELMEDIA,RIIL,RKFORGE,ROYAL,RPGTRANS,RPOWER,RPPINFRA,RSWM,RUCHISOYA,SAIL,SALORA,SAMTEL,SANGHI,SANOFI,SAREGAMA,SBIN,SCHAEFFLER,SCHENECT,SCI,SCILAL,SESASTERL,SESHAPAPER,SHANTHIGEAR,SHAWWALLA,SHOPERSTOP,SHREECEM,SHRENUJ,SHRIRAMFIN,SHYAMTEL,SIEMENS,SIL,SIMPLEXINF,SKFINDIA,SKSMICRO,SMLISUZU,SONACOMS,SONATSOFTW,SOUTHBANK,SPARC,SPLPETRO,SRF,STAR,STATE,STERLITE,STYROLUT,SUJANA,SUNCLAY,SUNDARMFIN,SUNDRMFAST,SUNPHARMA,SUPREMEIND,SUVEN,TAMIL,TATACHEM,TATACOMM,TATACONSUM,TATAELXSI,TATAINVEST,TATAMETAL,TATAMOTORS,TATAPOWER,TATASPONGE,TATASTEEL,TCS,TECH,THERMAX,THIRU,THOMASCOOK,TIINDIA,TIMEX,TIMKEN,TINPLATE,TITAN,TODAYS,TORNTPHARM,TORNTPOWER,TRANSPEK,TRENT,TRIDENT,TTKPRESTIG,TVTODAY,UBL,UCALFUEL,UFLEX,ULTRACEMCO,UNICHEMLAB,UNIONBANK,USHAFIN,USHAMART,UTTAM,VARUN,VESUVIUS,VHL,VINDHYATEL,VIRAL,VISHAL,VOLTAS,VTL,WELENT,WIDIA,WIMCO,WINDMACH,WINSOME,WIPRO,WSI,WSTCSTPAPR,WYETH,ZANDU,ZENSARTECH,ZUARI"
2012-09-04,Nifty500,UBL,ZUARI,"3MINDIA,63MOONS,AARTIIND,ABANOFFSH,ABB,ABBOTINDIA,ABREL,ACC,ADANIENT,AGCNETWO,AIAENG,AKZOINDIA,ALFALAVAL,ALLCARGO,ALSTOMT&D,ALTOS,AMBALAL,AMBUJACEM,AMTEK,ANDHRAVALY,APARINDS,APOLLOHOSP,APOLLOTYRE,APPAPER,APPLE,APTECHT,ARVIND,ASAHIINDIA,ASHOKLEY,ASIANHOTNR,ASIANPAINT,ASTRAZENCA,ATUL,ATULAUTO,AVERY,AXISBANK,BAJAJ,BAJAJ-AUTO,BAJAJHIND,BAJAJHLDNG,BAJFINANCE,BALAJI,BALMLAWRIE,BALRAMCHIN,BANCOINDIA,BANKBARODA,BANKINDIA,BASF,BATAINDIA,BBTC,BEL,BEML,BERGEPAINT,BFUTILITIE,BHARATFORG,BHARTIARTL,BHEL,BHUSHANSTL,BI,BINANI,BIOCON,BIRLACORPN,BIRLAMONEY,BLOWPLAST,BLUEDART,BOMDYEING,BOSCH-HCIL,BOSCHLTD,BPCL,BRABOURNE,BRFL,BRIGADE,BRITANNIA,BSOFT,CABLE,CADBURY,CAIRN,CANBK,CANFINHOME,CAPRIHANS,CASTROLIND,CCL,CEATLTD,CENTENKA,CENTRALBK,CENTURYTEX,CESC,CGPOWER,CHAMBLFERT,CHEMINOR,CHEMPLASTS,CHENNPETRO,CHETTINAD,CHOLAFIN,CHOLAHLDNG,CIPLA,CMC,COALINDIA,COFORGE,COLPAL,CONCOR,CONSOFINVT,COROMANDEL,CRISIL,CUB,CUMMINSIND,CYBERTECH,DABUR,DAEWOO,DCAL,DCLPOLYE,DCW,DEEPAKFERT,DHAMPURSUG,DHANBANK,DHANLAXMI,DHFL,DICIND,DIGJAMLMTD,DLF,DRREDDY,DSQSOFTW,ECLERX,EIDPARRY,EIHOTEL,ELCIDIN,ELECON,ELECTCAST,ELECTREX,ELGIEQUIP,ELGIRUBCO,ENGINERSIN,ESABINDIA,ESCORTS,ESSAR,ESSEL,EXCELINDUS,EXIDEIND,FACT,FAGBEARI,FDC,FEDERALBNK,FINCABLES,FLUOROCHEM,FMGOETZE,FORBES,FORTIS,FOSECOIND,FULFORD,GAEL,GAIL,GANESHBE,GARDEN,GEOJITFSL,GHCL,GILLETTE,GKNDRIVE,GLAXO,GLENMARK,GLFL,GMDCLTD,GNFC,GODFRYPHLP,GODREJCP,GODREJIND,GOKEX,GOLDENTOBC,GOODRICKE,GOODYEAR,GPPL,GRAPHITE,GRASIM,GREAVESCOT,GRINDWELL,GRINFRA,GSFC,GSKCONS,GSPL,GTL,GUJALKALI,GUJGASLTD,GUJNRECOKE,GVT&D,HARRMALAYA,HAVELLS,HCC,HCL-INSYS,HCLTECH,HDFC,HDFCBANK,HEALTHCARE,HEG,HEIDELBERG,HERBERTS,HEROMOTOCO,HEXT,HIMACHAL,HIMATSEIDE,HINDALCO,HINDOILEXP,HINDPETRO,HINDSYNTEX,HINDUJA,HINDUNILVR,HINDUSTAN,HINDZINC,HITECHCORP,HMT,HOGANAS,HONAUT,HOTEL,HTMEDIA,HUBTOWN,IBREALEST,IBULLSLTD,ICICIBANK,IDBI,IDFCFIRSTB,IFBIND,IFCI,IGL,IGPL,INDHOTEL,INDIACEM,INDIAGLYCO,INDIANB,INDORAMA,INDUSINDBK,INFY,INGERRAND,INSILCO,INTERNAT,IOB,IOC,IONEXCHANG,IPCALAB,IPRINGS,ISMT,ISPAT,ITC,ITI,ITWSIGNO,J&KBANK,JAGRAN,JAICORPLTD,JBCHEPHARM,JBMA,JETAIRWAYS,JINDALPHOT,JINDALPOLY,JINDALSAW,JINDALSTEL,JISLJALEQS,JKCEMENT,JKTYRE,JPASSOCIAT,JPPOWER,JSL,JSWHL,JUBLFOOD,JUBLINGRY,JYOTISTRUC,KAJARIACER,KANSAINER,KARURVYSYA,KARUTURI,KCP,KINETIC,KMSUGAR,KOHINOOR,KOTAKBANK,KPEL,KRISHNA,KRL,KSB,KTKBANK,KUMARS,LAKSHMI,LGBBROSLTD,LICHSGFIN,LINDEINDIA,LITL,LT,LUPIN,M& M,M&M,MADURA,MAFATIND,MAHABANK,MAHSCOOTER,MAHSEAMLES,MALWA,MARICO,MARUTI,MASTEK,MATRIX,MAXIND,MCDOWELL,MCLEODRUSS,MERCATOR,MERCK,MERIND,MFSL,MIRZAINT,MODIXEROX,MOREPENLAB,MOTHERSON,MOTHERSUMI,MPHASIS,MRF,MRPL,MTNL,MUNJALSHOW,NAGARFERT,NAHAR,NAHARPOLY,NAHARSPING,NATCOPHARM,NATIONAL,NATIONALUM,NAVA,NAVNETED,NCC,NDTV,NESTLEIND,NETWORK18,NH,NILKAMAL,NIRMA,NITCO,NLCINDIA,NMDC,NOIDATOLL,NTPC,OBC,OFSS,OIL,OILCOUNTUB,OLECTRA,OMAXAUTO,OMAXE,ONGC,ONIDA,ORIENTHOT,ORIENTPPR,OSWALAGRO,PATANJALI,PATNI,PATSPIN,PCBL,PDMJEPAPER,PEL,PENTAFOUR,PENTAMEDIA,PERSISTENT,PETRONET,PFIZER,PGHL,PHIL,PHILIPS,PHOENIX,PIDILITIND,PNB,POONAWALLA,PRAJIND,PRAKASH,PREMIERENE,PRESTIGE,PSIDATA,PTC,PUNJABCHEM,PUNJLLOYD,PUNJTRACT,RAASI,RAIN,RAJESHEXPO,RALLIS,RAMCOCEM,RAMCOIND,RANBAXY,RAYMOND,RCF,RCOM,RECKITT,RECLTD,RECRON,REIAGRO,RELCAPITAL,RELIANCE,RELIGARE,RELINFRA,RELMEDIA,RIIL,RKFORGE,ROYAL,RPGTRANS,RPOWER,RPPINFRA,RSWM,RUCHISOYA,SAIL,SALORA,SAMTEL,SANGHI,SANOFI,SAREGAMA,SBIN,SCHAEFFLER,SCHENECT,SCI,SCILAL,SESASTERL,SESHAPAPER,SHANTHIGEAR,SHAWWALLA,SHOPERSTOP,SHREECEM,SHRENUJ,SHRIRAMFIN,SHYAMTEL,SIEMENS,SIL,SIMPLEXINF,SKFINDIA,SKSMICRO,SMLISUZU,SONACOMS,SONATSOFTW,SOUTHBANK,SPARC,SPLPETRO,SRF,STAR,STATE,STERLITE,STYROLUT,SUJANA,SUNCLAY,SUNDARMFIN,SUNDRMFAST,SUNPHARMA,SUPREMEIND,SUVEN,TAMIL,TATACHEM,TATACOMM,TATACONSUM,TATAELXSI,TATAINVEST,TATAMETAL,TATAMOTORS,TATAPOWER,TATASPONGE,TATASTEEL,TCS,TECH,THERMAX,THIRU,THOMASCOOK,TIINDIA,TIMEX,TIMKEN,TINPLATE,TITAN,TODAYS,TORNTPHARM,TORNTPOWER,TRANSPEK,TRENT,TRIDENT,TTKPRESTIG,TVTODAY,UBL,UCALFUEL,UFLEX,ULTRACEMCO,UNICHEMLAB,UNIONBANK,USHAFIN,USHAMART,UTTAM,VARUN,VESUVIUS,VHL,VINDHYATEL,VIRAL,VISHAL,VOLTAS,VTL,WELENT,WIDIA,WIMCO,WINDMACH,WINSOME,WIPRO,WSI,WSTCSTPAPR,WYETH,ZANDU,ZENSARTECH"
2012-12-04,Nifty500,GRINFRA,ALFALAVAL,"3MINDIA,63MOONS,AARTIIND,ABANOFFSH,ABB,ABBOTINDIA,ABREL,ACC,ADANIENT,AGCNETWO,AIAENG,AKZOINDIA,ALLCARGO,ALSTOMT&D,ALTOS,AMBALAL,AMBUJACEM,AMTEK,ANDHRAVALY,APARINDS,APOLLOHOSP,APOLLOTYRE,APPAPER,APPLE,APTECHT,ARVIND,ASAHIINDIA,ASHOKLEY,ASIANHOTNR,ASIANPAINT,ASTRAZENCA,ATUL,ATULAUTO,AVERY,AXISBANK,BAJAJ,BAJAJ-AUTO,BAJAJHIND,BAJAJHLDNG,BAJFINANCE,BALAJI,BALMLAWRIE,BALRAMCHIN,BANCOINDIA,BANKBARODA,BANKINDIA,BASF,BATAINDIA,BBTC,BEL,BEML,BERGEPAINT,BFUTILITIE,BHARATFORG,BHARTIARTL,BHEL,BHUSHANSTL,BI,BINANI,BIOCON,BIRLACORPN,BIRLAMONEY,BLOWPLAST,BLUEDART,BLUESTARCO,BOMDYEING,BOSCH-HCIL,BOSCHLTD,BPCL,BRABOURNE,BRFL,BRIGADE,BRITANNIA,BSOFT,CABLE,CADBURY,CAIRN,CANBK,CANFINHOME,CAPRIHANS,CASTROLIND,CCL,CEATLTD,CENTENKA,CENTRALBK,CENTURYTEX,CESC,CGPOWER,CHAMBLFERT,CHEMINOR,CHEMPLASTS,CHENNPETRO,CHETTINAD,CHOLAFIN,CHOLAHLDNG,CIPLA,CMC,COALINDIA,COFORGE,COLPAL,CONCOR,CONSOFINVT,COROMANDEL,CRISIL,CUB,CUMMINSIND,CYBERTECH,DABUR,DAEWOO,DCAL,DCLPOLYE,DCW,DEEPAKFERT,DHAMPURSUG,DHANBANK,DHANLAXMI,DHFL,DICIND,DIGJAMLMTD,DLF,DRREDDY,DSQSOFTW,ECLERX,EIDPARRY,EIHOTEL,ELCIDIN,ELECON,ELECTCAST,ELECTREX,ELGIEQUIP,ELGIRUBCO,ENGINERSIN,ESABINDIA,ESCORTS,ESSAR,ESSEL,EXCELINDUS,EXIDEIND,FACT,FAGBEARI,FDC,FEDERALBNK,FINCABLES,FLUOROCHEM,FMGOETZE,FORBES,FORTIS,FOSECOIND,FULFORD,GAEL,GAIL,GANESHBE,GARDEN,GEOJITFSL,GHCL,GILLETTE,GKNDRIVE,GLAXO,GLENMARK,GLFL,GMDCLTD,GNFC,GODFRYPHLP,GODREJCP,GODREJIND,GOKEX,GOLDENTOBC,GOODRICKE,GOODYEAR,GPPL,GRAPHITE,GRASIM,GREAVESCOT,GRINDWELL,GRINFRA,GSFC,GSKCONS,GSPL,GTL,GUJALKALI,GUJGASLTD,GUJNRECOKE,GVT&D,HARRMALAYA,HAVELLS,HCC,HCL-INSYS,HCLTECH,HDFC,HDFCBANK,HEALTHCARE,HEG,HEIDELBERG,HERBERTS,HEROMOTOCO,HEXT,HIMACHAL,HIMATSEIDE,HINDALCO,HINDOILEXP,HINDPETRO,HINDSYNTEX,HINDUJA,HINDUNILVR,HINDUSTAN,HINDZINC,HITECHCORP,HMT,HOGANAS,HONAUT,HOTEL,HTMEDIA,HUBTOWN,IBREALEST,IBULLSLTD,ICICIBANK,IDBI,IDFCFIRSTB,IFBIND,IFCI,IGL,IGPL,INDHOTEL,INDIACEM,INDIAGLYCO,INDIANB,INDORAMA,INDUSINDBK,INFY,INGERRAND,INSILCO,INTERNAT,IOB,IOC,IONEXCHANG,IPCALAB,IPRINGS,ISMT,ISPAT,ITC,ITI,ITWSIGNO,J&KBANK,JAGRAN,JAICORPLTD,JBCHEPHARM,JBMA,JETAIRWAYS,JINDALPHOT,JINDALPOLY,JINDALSAW,JINDALSTEL,JISLJALEQS,JKCEMENT,JKTYRE,JPASSOCIAT,JPPOWER,JSL,JSWHL,JUBLFOOD,JUBLINGRY,JYOTISTRUC,KAJARIACER,KANSAINER,KARURVYSYA,KARUTURI,KCP,KINETIC,KMSUGAR,KOHINOOR,KOTAKBANK,KPEL,KRISHNA,KRL,KSB,KTKBANK,KUMARS,LAKSHMI,LGBBROSLTD,LICHSGFIN,LINDEINDIA,LITL,LT,LUPIN,M& M,M&M,MADURA,MAFATIND,MAHABANK,MAHSCOOTER,MAHSEAMLES,MALWA,MARICO,MARUTI,MASTEK,MATRIX,MAXIND,MCDOWELL,MCLEODRUSS,MERCATOR,MERCK,MERIND,MFSL,MIRZAINT,MODIXEROX,MOREPENLAB,MOTHERSON,MOTHERSUMI,MPHASIS,MRF,MRPL,MTNL,MUNJALSHOW,NAGARFERT,NAHAR,NAHARPOLY,NAHARSPING,NATCOPHARM,NATIONAL,NATIONALUM,NAVA,NAVNETED,NCC,NDTV,NESTLEIND,NETWORK18,NH,NILKAMAL,NIRMA,NITCO,NLCINDIA,NMDC,NOIDATOLL,NTPC,OBC,OFSS,OIL,OILCOUNTUB,OLECTRA,OMAXAUTO,OMAXE,ONGC,ONIDA,ORIENTHOT,ORIENTPPR,OSWALAGRO,PATANJALI,PATNI,PATSPIN,PCBL,PDMJEPAPER,PEL,PENTAFOUR,PENTAMEDIA,PERSISTENT,PETRONET,PFIZER,PGHL,PHIL,PHILIPS,PHOENIX,PIDILITIND,PNB,POONAWALLA,PRAJIND,PRAKASH,PREMIERENE,PRESTIGE,PSIDATA,PTC,PUNJABCHEM,PUNJLLOYD,PUNJTRACT,RAASI,RAIN,RAJESHEXPO,RALLIS,RAMCOCEM,RAMCOIND,RANBAXY,RAYMOND,RCF,RCOM,RECKITT,RECLTD,RECRON,REIAGRO,RELCAPITAL,RELIANCE,RELIGARE,RELINFRA,RELMEDIA,RIIL,RKFORGE,ROYAL,RPGTRANS,RPOWER,RPPINFRA,RSWM,RUCHISOYA,SAIL,SALORA,SAMTEL,SANGHI,SANOFI,SAREGAMA,SBIN,SCHAEFFLER,SCHENECT,SCI,SCILAL,SESASTERL,SESHAPAPER,SHANTHIGEAR,SHAWWALLA,SHOPERSTOP,SHREECEM,SHRENUJ,SHRIRAMFIN,SHYAMTEL,SIEMENS,SIL,SIMPLEXINF,SKFINDIA,SKSMICRO,SMLISUZU,SONACOMS,SONATSOFTW,SOUTHBANK,SPARC,SPLPETRO,SRF,STAR,STATE,STERLITE,STYROLUT,SUJANA,SUNCLAY,SUNDARMFIN,SUNDRMFAST,SUNPHARMA,SUPREMEIND,SUVEN,TAMIL,TATACHEM,TATACOMM,TATACONSUM,TATAELXSI,TATAINVEST,TATAMETAL,TATAMOTORS,TATAPOWER,TATASPONGE,TATASTEEL,TCS,TECH,THERMAX,THIRU,THOMASCOOK,TIINDIA,TIMEX,TIMKEN,TINPLATE,TITAN,TODAYS,TORNTPHARM,TORNTPOWER,TRANSPEK,TRENT,TRIDENT,TTKPRESTIG,TVTODAY,UBL,UCALFUEL,UFLEX,ULTRACEMCO,UNICHEMLAB,UNIONBANK,USHAFIN,USHAMART,UTTAM,VARUN,VESUVIUS,VHL,VINDHYATEL,VIRAL,VISHAL,VOLTAS,VTL,WELENT,WIDIA,WIMCO,WINDMACH,WINSOME,WIPRO,WSI,WSTCSTPAPR,WYETH,ZANDU,ZENSARTECH"
2013-01-04,Nifty500,"COFORGE,ONELIFECAP,ENERGY,TBZ,WELENT,WOCKPHARMA,IMFA,DEN,DRDATSO,GTL,GRUH,HERITGFOOD,HINDCOPPER,IL&FSTRANS,GABRIEL","18MVL27,ORIENTHOT,SHRILAKSH,SONACOMS,GRINFRA,KPL,WIPRO,STERLINBIO,WSI,NILKAMAL,INDORAMA,BANCOINDIA,BEPL,GTL,INDSWFTLAB","3MINDIA,63MOONS,AARTIIND,ABANOFFSH,ABB,ABBOTINDIA,ABREL,ACC,ADANIENT,AGCNETWO,AIAENG,AKZOINDIA,ALLCARGO,ALSTOMT&D,ALTOS,AMBALAL,AMBUJACEM,AMTEK,ANDHRAVALY,APARINDS,APOLLOHOSP,APOLLOTYRE,APPAPER,APPLE,APTECHT,ARVIND,ASAHIINDIA,ASHOKLEY,ASIANHOTNR,ASIANPAINT,ASTRAZENCA,ATUL,ATULAUTO,AVERY,AXISBANK,BAJAJ,BAJAJ-AUTO,BAJAJHIND,BAJAJHLDNG,BAJFINANCE,BALAJI,BALMLAWRIE,BALRAMCHIN,BANKBARODA,BANKINDIA,BASF,BATAINDIA,BBTC,BEL,BEML,BERGEPAINT,BFUTILITIE,BHARATFORG,BHARTIARTL,BHEL,BHUSHANSTL,BI,BINANI,BIOCON,BIRLACORPN,BIRLAMONEY,BLOWPLAST,BLUEDART,BLUESTARCO,BOMDYEING,BOSCH-HCIL,BOSCHLTD,BPCL,BRABOURNE,BRFL,BRIGADE,BRITANNIA,BSOFT,CABLE,CADBURY,CAIRN,CANBK,CANFINHOME,CAPRIHANS,CASTROLIND,CCL,CEATLTD,CENTENKA,CENTRALBK,CENTURYTEX,CESC,CGPOWER,CHAMBLFERT,CHEMINOR,CHEMPLASTS,CHENNPETRO,CHETTINAD,CHOLAFIN,CHOLAHLDNG,CIPLA,CMC,COALINDIA,COFORGE,COLPAL,CONCOR,CONSOFINVT,COROMANDEL,CRISIL,CUB,CUMMINSIND,CYBERTECH,DABUR,DAEWOO,DCAL,DCLPOLYE,DCW,DEEPAKFERT,DEN,DHAMPURSUG,DHANBANK,DHANLAXMI,DHFL,DICIND,DIGJAMLMTD,DLF,DRREDDY,DSQSOFTW,ECLERX,EIDPARRY,EIHOTEL,ELCIDIN,ELECON,ELECTCAST,ELECTREX,ELGIEQUIP,ELGIRUBCO,ENERGY,ENGINERSIN,ESABINDIA,ESCORTS,ESSAR,ESSEL,EXCELINDUS,EXIDEIND,FACT,FAGBEARI,FDC,FEDERALBNK,FINCABLES,FLUOROCHEM,FMGOETZE,FORBES,FORTIS,FOSECOIND,FULFORD,GABRIEL,GAEL,GAIL,GANESHBE,GARDEN,GEOJITFSL,GHCL,GILLETTE,GKNDRIVE,GLAXO,GLENMARK,GLFL,GMDCLTD,GNFC,GODFRYPHLP,GODREJCP,GODREJIND,GOKEX,GOLDENTOBC,GOODRICKE,GOODYEAR,GPPL,GRAPHITE,GRASIM,GREAVESCOT,GRINDWELL,GRUH,GSFC,GSKCONS,GSPL,GTL,GUJALKALI,GUJGASLTD,GUJNRECOKE,GVT&D,HARRMALAYA,HAVELLS,HCC,HCL-INSYS,HCLTECH,HDFC,HDFCBANK,HEALTHCARE,HEG,HEIDELBERG,HERBERTS,HERITGFOOD,HEROMOTOCO,HEXT,HIMACHAL,HIMATSEIDE,HINDALCO,HINDCOPPER,HINDOILEXP,HINDPETRO,HINDSYNTEX,HINDUJA,HINDUNILVR,HINDUSTAN,HINDZINC,HMT,HOGANAS,HONAUT,HOTEL,HTMEDIA,HUBTOWN,IBREALEST,IBULLSLTD,ICICIBANK,IDBI,IDFCFIRSTB,IFBIND,IFCI,IGL,IL&FSTRANS,IMFA,INDHOTEL,INDIACEM,INDIAGLYCO,INDIANB,INDUSINDBK,INFY,INGERRAND,INSILCO,INTERNAT,IOB,IOC,IONEXCHANG,IPCALAB,IPRINGS,ISMT,ISPAT,ITC,ITI,ITWSIGNO,J&KBANK,JAGRAN,JAICORPLTD,JBCHEPHARM,JBMA,JETAIRWAYS,JINDALPHOT,JINDALPOLY,JINDALSAW,JINDALSTEL,JISLJALEQS,JKCEMENT,JKTYRE,JPASSOCIAT,JPPOWER,JSL,JSWHL,JUBLFOOD,JUBLINGRY,JYOTISTRUC,KAJARIACER,KANSAINER,KARURVYSYA,KARUTURI,KCP,KINETIC,KMSUGAR,KOHINOOR,KOTAKBANK,KPEL,KRISHNA,KRL,KSB,KTKBANK,KUMARS,LAKSHMI,LGBBROSLTD,LICHSGFIN,LINDEINDIA,LITL,LT,LUPIN,M& M,M&M,MADURA,MAFATIND,MAHABANK,MAHSCOOTER,MAHSEAMLES,MALWA,MARICO,MARUTI,MASTEK,MATRIX,MAXIND,MCDOWELL,MCLEODRUSS,MERCATOR,MERCK,MERIND,MFSL,MIRZAINT,MODIXEROX,MOREPENLAB,MOTHERSON,MOTHERSUMI,MPHASIS,MRF,MRPL,MTNL,MUNJALSHOW,NAGARFERT,NAHAR,NAHARPOLY,NAHARSPING,NATCOPHARM,NATIONAL,NATIONALUM,NAVA,NAVNETED,NCC,NDTV,NESTLEIND,NETWORK18,NH,NIRMA,NITCO,NLCINDIA,NMDC,NOIDATOLL,NTPC,OBC,OFSS,OIL,OILCOUNTUB,OLECTRA,OMAXAUTO,OMAXE,ONELIFECAP,ONGC,ONIDA,ORIENTPPR,OSWALAGRO,PATANJALI,PATNI,PATSPIN,PCBL,PDMJEPAPER,PEL,PENTAFOUR,PENTAMEDIA,PERSISTENT,PETRONET,PFIZER,PGHL,PHIL,PHILIPS,PHOENIX,PIDILITIND,PNB,POONAWALLA,PRAJIND,PRAKASH,PREMIERENE,PRESTIGE,PSIDATA,PTC,PUNJABCHEM,PUNJLLOYD,PUNJTRACT,RAASI,RAIN,RAJESHEXPO,RALLIS,RAMCOCEM,RANBAXY,RAYMOND,RCF,RCOM,RECKITT,RECLTD,RECRON,REIAGRO,RELCAPITAL,RELIANCE,RELIGARE,RELINFRA,RELMEDIA,RIIL,RKFORGE,ROYAL,RPGTRANS,RPOWER,RPPINFRA,RSWM,RUCHISOYA,SAIL,SALORA,SAMTEL,SANGHI,SANOFI,SAREGAMA,SBIN,SCHAEFFLER,SCHENECT,SCI,SCILAL,SESASTERL,SESHAPAPER,SHANTHIGEAR,SHAWWALLA,SHOPERSTOP,SHREECEM,SHRENUJ,SHRIRAMFIN,SHYAMTEL,SIEMENS,SIL,SIMPLEXINF,SKFINDIA,SKSMICRO,SMLISUZU,SONATSOFTW,SOUTHBANK,SPARC,SPLPETRO,SRF,STAR,STATE,STERLITE,STYROLUT,SUJANA,SUNCLAY,SUNDARMFIN,SUNDRMFAST,SUNPHARMA,SUPREMEIND,SUVEN,TAMIL,TATACHEM,TATACOMM,TATACONSUM,TATAELXSI,TATAINVEST,TATAMETAL,TATAMOTORS,TATAPOWER,TATASPONGE,TATASTEEL,TBZ,TCS,TECH,THERMAX,THIRU,THOMASCOOK,TIINDIA,TIMEX,TIMKEN,TINPLATE,TITAN,TODAYS,TORNTPHARM,TORNTPOWER,TRANSPEK,TRENT,TRIDENT,TTKPRESTIG,TVTODAY,UBL,UCALFUEL,UFLEX,ULTRACEMCO,UNICHEMLAB,UNIONBANK,USHAFIN,USHAMART,UTTAM,VARUN,VESUVIUS,VHL,VINDHYATEL,VIRAL,VISHAL,VOLTAS,VTL,WELENT,WIDIA,WIMCO,WINDMACH,WINSOME,WOCKPHARMA,WSTCSTPAPR,WYETH,ZANDU,ZENSARTECH"
2013-01-11,Nifty500,NDTV,MARICO,"3MINDIA,63MOONS,AARTIIND,ABANOFFSH,ABB,ABBOTINDIA,ABREL,ACC,ADANIENT,AGCNETWO,AIAENG,AKZOINDIA,ALLCARGO,ALSTOMT&D,ALTOS,AMBALAL,AMBUJACEM,AMTEK,ANDHRAVALY,APARINDS,APOLLOHOSP,APOLLOTYRE,APPAPER,APPLE,APTECHT,ARVIND,ASAHIINDIA,ASHOKLEY,ASIANHOTNR,ASIANPAINT,ASTRAZENCA,ATUL,ATULAUTO,AVERY,AXISBANK,BAJAJ,BAJAJ-AUTO,BAJAJHIND,BAJAJHLDNG,BAJFINANCE,BALAJI,BALMLAWRIE,BALRAMCHIN,BANKBARODA,BANKINDIA,BASF,BATAINDIA,BBTC,BEL,BEML,BERGEPAINT,BFUTILITIE,BHARATFORG,BHARTIARTL,BHEL,BHUSHANSTL,BI,BINANI,BIOCON,BIRLACORPN,BIRLAMONEY,BLOWPLAST,BLUEDART,BLUESTARCO,BOMDYEING,BOSCH-HCIL,BOSCHLTD,BPCL,BRABOURNE,BRFL,BRIGADE,BRITANNIA,BSOFT,CABLE,CADBURY,CAIRN,CANBK,CANFINHOME,CAPRIHANS,CASTROLIND,CCL,CEATLTD,CENTENKA,CENTRALBK,CENTURYTEX,CESC,CGPOWER,CHAMBLFERT,CHEMINOR,CHEMPLASTS,CHENNPETRO,CHETTINAD,CHOLAFIN,CHOLAHLDNG,CIPLA,CMC,COALINDIA,COFORGE,COLPAL,CONCOR,CONSOFINVT,COROMANDEL,CRISIL,CUB,CUMMINSIND,CYBERTECH,DABUR,DAEWOO,DCAL,DCLPOLYE,DCW,DEEPAKFERT,DEN,DHAMPURSUG,DHANBANK,DHANLAXMI,DHFL,DICIND,DIGJAMLMTD,DLF,DRREDDY,DSQSOFTW,ECLERX,EICHERMOT,EIDPARRY,EIHOTEL,ELCIDIN,ELECON,ELECTCAST,ELECTREX,ELGIEQUIP,ELGIRUBCO,ENERGY,ENGINERSIN,ESABINDIA,ESCORTS,ESSAR,ESSEL,EXCELINDUS,EXIDEIND,FACT,FAGBEARI,FDC,FEDERALBNK,FINCABLES,FLUOROCHEM,FMGOETZE,FORBES,FORTIS,FOSECOIND,FULFORD,GABRIEL,GAEL,GAIL,GANESHBE,GARDEN,GEOJITFSL,GHCL,GILLETTE,GKNDRIVE,GLAXO,GLENMARK,GLFL,GMDCLTD,GNFC,GODFRYPHLP,GODREJCP,GODREJIND,GOKEX,GOLDENTOBC,GOODRICKE,GOODYEAR,GPPL,GRAPHITE,GRASIM,GREAVESCOT,GRINDWELL,GRUH,GSFC,GSKCONS,GSPL,GTL,GUJALKALI,GUJGASLTD,GUJNRECOKE,GVT&D,HARRMALAYA,HAVELLS,HCC,HCL-INSYS,HCLTECH,HDFC,HDFCBANK,HEALTHCARE,HEG,HEIDELBERG,HERBERTS,HERITGFOOD,HEROMOTOCO,HEXT,HIMACHAL,HIMATSEIDE,HINDALCO,HINDCOPPER,HINDOILEXP,HINDPETRO,HINDSYNTEX,HINDUJA,HINDUNILVR,HINDUSTAN,HINDZINC,HMT,HOGANAS,HONAUT,HOTEL,HTMEDIA,HUBTOWN,IBREALEST,IBULLSLTD,ICICIBANK,IDBI,IDFCFIRSTB,IFBIND,IFCI,IGL,IL&FSTRANS,IMFA,INDHOTEL,INDIACEM,INDIAGLYCO,INDIANB,INDUSINDBK,INFY,INGERRAND,INSILCO,INTERNAT,IOB,IOC,IONEXCHANG,IPCALAB,IPRINGS,ISMT,ISPAT,ITC,ITI,ITWSIGNO,J&KBANK,JAGRAN,JAICORPLTD,JBCHEPHARM,JBMA,JETAIRWAYS,JINDALPHOT,JINDALPOLY,JINDALSAW,JINDALSTEL,JISLJALEQS,JKCEMENT,JKTYRE,JPASSOCIAT,JPPOWER,JSL,JSWHL,JUBLFOOD,JUBLINGRY,JYOTISTRUC,KAJARIACER,KANSAINER,KARURVYSYA,KARUTURI,KCP,KINETIC,KMSUGAR,KOHINOOR,KOTAKBANK,KPEL,KRISHNA,KRL,KSB,KTKBANK,KUMARS,LAKSHMI,LGBBROSLTD,LICHSGFIN,LINDEINDIA,LITL,LT,LUPIN,M& M,M&M,MADURA,MAFATIND,MAHABANK,MAHSCOOTER,MAHSEAMLES,MALWA,MARUTI,MASTEK,MATRIX,MAXIND,MCDOWELL,MCLEODRUSS,MERCATOR,MERCK,MERIND,MFSL,MIRZAINT,MODIXEROX,MOREPENLAB,MOTHERSON,MOTHERSUMI,MPHASIS,MRF,MRPL,MTNL,MUNJALSHOW,NAGARFERT,NAHAR,NAHARPOLY,NAHARSPING,NATCOPHARM,NATIONAL,NATIONALUM,NAVA,NAVNETED,NCC,NDTV,NESTLEIND,NETWORK18,NH,NIRMA,NITCO,NLCINDIA,NMDC,NOIDATOLL,NTPC,OBC,OFSS,OIL,OILCOUNTUB,OLECTRA,OMAXAUTO,OMAXE,ONELIFECAP,ONGC,ONIDA,ORIENTPPR,OSWALAGRO,PATANJALI,PATNI,PATSPIN,PCBL,PDMJEPAPER,PEL,PENTAFOUR,PENTAMEDIA,PERSISTENT,PETRONET,PFIZER,PGHL,PHIL,PHILIPS,PHOENIX,PIDILITIND,PNB,POONAWALLA,PRAJIND,PRAKASH,PREMIERENE,PRESTIGE,PSIDATA,PTC,PUNJABCHEM,PUNJLLOYD,PUNJTRACT,RAASI,RAIN,RAJESHEXPO,RALLIS,RAMCOCEM,RANBAXY,RAYMOND,RCF,RCOM,RECKITT,RECLTD,RECRON,REIAGRO,RELCAPITAL,RELIANCE,RELIGARE,RELINFRA,RELMEDIA,RIIL,RKFORGE,ROYAL,RPGTRANS,RPOWER,RPPINFRA,RSWM,RUCHISOYA,SAIL,SALORA,SAMTEL,SANGHI,SANOFI,SAREGAMA,SBIN,SCHAEFFLER,SCHENECT,SCI,SCILAL,SESASTERL,SESHAPAPER,SHANTHIGEAR,SHAWWALLA,SHOPERSTOP,SHREECEM,SHRENUJ,SHRIRAMFIN,SHYAMTEL,SIEMENS,SIL,SIMPLEXINF,SKFINDIA,SKSMICRO,SMLISUZU,SONATSOFTW,SOUTHBANK,SPARC,SPLPETRO,SRF,STAR,STATE,STERLITE,STYROLUT,SUJANA,SUNCLAY,SUNDARMFIN,SUNDRMFAST,SUNPHARMA,SUPREMEIND,SUVEN,TAMIL,TATACHEM,TATACOMM,TATACONSUM,TATAELXSI,TATAINVEST,TATAMETAL,TATAMOTORS,TATAPOWER,TATASPONGE,TATASTEEL,TBZ,TCS,TECH,THERMAX,THIRU,THOMASCOOK,TIINDIA,TIMEX,TIMKEN,TINPLATE,TITAN,TODAYS,TORNTPHARM,TORNTPOWER,TRANSPEK,TRENT,TRIDENT,TTKPRESTIG,TVTODAY,UBL,UCALFUEL,UFLEX,ULTRACEMCO,UNICHEMLAB,UNIONBANK,USHAFIN,USHAMART,UTTAM,VARUN,VESUVIUS,VHL,VINDHYATEL,VIRAL,VISHAL,VOLTAS,VTL,WELENT,WIDIA,WIMCO,WINDMACH,WINSOME,WOCKPHARMA,WSTCSTPAPR,WYETH,ZANDU,ZENSARTECH"
2013-07-03,Nifty500,SPARC,ORIENTPPR,"3MINDIA,63MOONS,AARTIIND,ABANOFFSH,ABB,ABBOTINDIA,ABREL,ACC,ADANIENT,AGCNETWO,AIAENG,AKZOINDIA,ALLCARGO,ALSTOMT&D,ALTOS,AMBALAL,AMBUJACEM,AMTEK,ANDHRAVALY,APARINDS,APOLLOHOSP,APOLLOTYRE,APPAPER,APPLE,APTECHT,ARVIND,ASAHIINDIA,ASHOKLEY,ASIANHOTNR,ASIANPAINT,ASTRAZENCA,ATUL,ATULAUTO,AVERY,AXISBANK,BAJAJ,BAJAJ-AUTO,BAJAJHIND,BAJAJHLDNG,BAJFINANCE,BALAJI,BALMLAWRIE,BALRAMCHIN,BANKBARODA,BANKINDIA,BASF,BATAINDIA,BBTC,BEL,BEML,BERGEPAINT,BFUTILITIE,BHARATFORG,BHARTIARTL,BHEL,BHUSHANSTL,BI,BINANI,BIOCON,BIRLACORPN,BIRLAMONEY,BLOWPLAST,BLUEDART,BLUESTARCO,BOMDYEING,BOSCH-HCIL,BOSCHLTD,BPCL,BRABOURNE,BRFL,BRIGADE,BRITANNIA,BSOFT,CABLE,CADBURY,CAIRN,CANBK,CANFINHOME,CAPRIHANS,CASTROLIND,CCL,CEATLTD,CENTENKA,CENTRALBK,CENTURYTEX,CESC,CGPOWER,CHAMBLFERT,CHEMINOR,CHEMPLASTS,CHENNPETRO,CHETTINAD,CHOLAFIN,CHOLAHLDNG,CIPLA,CMC,COALINDIA,COFORGE,COLPAL,CONCOR,CONSOFINVT,COROMANDEL,CRISIL,CUB,CUMMINSIND,CYBERTECH,DABUR,DAEWOO,DCAL,DCLPOLYE,DCW,DEEPAKFERT,DEN,DHAMPURSUG,DHANBANK,DHANLAXMI,DHFL,DICIND,DIGJAMLMTD,DLF,DRREDDY,DSQSOFTW,ECLERX,EICHERMOT,EIDPARRY,EIHOTEL,ELCIDIN,ELECON,ELECTCAST,ELECTREX,ELGIEQUIP,ELGIRUBCO,ENERGY,ENGINERSIN,ESABINDIA,ESCORTS,ESSAR,ESSEL,EXCELINDUS,EXIDEIND,FACT,FAGBEARI,FDC,FEDERALBNK,FINCABLES,FLUOROCHEM,FMGOETZE,FORBES,FORTIS,FOSECOIND,FULFORD,GABRIEL,GAEL,GAIL,GANESHBE,GARDEN,GEOJITFSL,GESHIP,GHCL,GILLETTE,GKNDRIVE,GLAXO,GLENMARK,GLFL,GMDCLTD,GNFC,GODFRYPHLP,GODREJCP,GODREJIND,GOKEX,GOLDENTOBC,GOODRICKE,GOODYEAR,GPPL,GRAPHITE,GRASIM,GREAVESCOT,GRINDWELL,GRUH,GSFC,GSKCONS,GSPL,GTL,GUJALKALI,GUJGASLTD,GUJNRECOKE,GVT&D,HARRMALAYA,HAVELLS,HCC,HCL-INSYS,HCLTECH,HDFC,HDFCBANK,HEALTHCARE,HEG,HEIDELBERG,HERBERTS,HERITGFOOD,HEROMOTOCO,HEXT,HIMACHAL,HIMATSEIDE,HINDALCO,HINDCOPPER,HINDOILEXP,HINDPETRO,HINDSYNTEX,HINDUJA,HINDUNILVR,HINDUSTAN,HINDZINC,HMT,HOGANAS,HONAUT,HOTEL,HTMEDIA,HUBTOWN,IBREALEST,IBULLSLTD,ICICIBANK,IDBI,IDFCFIRSTB,IFBIND,IFCI,IGL,IL&FSTRANS,IMFA,INDHOTEL,INDIACEM,INDIAGLYCO,INDIANB,INDUSINDBK,INFY,INGERRAND,INSILCO,INTERNAT,IOB,IOC,IONEXCHANG,IPCALAB,IPRINGS,ISMT,ISPAT,ITC,ITI,ITWSIGNO,J&KBANK,JAGRAN,JAICORPLTD,JBCHEPHARM,JBMA,JETAIRWAYS,JINDALPHOT,JINDALPOLY,JINDALSAW,JINDALSTEL,JISLJALEQS,JKCEMENT,JKTYRE,JPASSOCIAT,JPPOWER,JSL,JSWHL,JUBLFOOD,JUBLINGRY,JYOTISTRUC,KAJARIACER,KANSAINER,KARURVYSYA,KARUTURI,KCP,KINETIC,KMSUGAR,KOHINOOR,KOTAKBANK,KPEL,KRISHNA,KRL,KSB,KTKBANK,KUMARS,LAKSHMI,LGBBROSLTD,LICHSGFIN,LINDEINDIA,LITL,LT,LUPIN,M& M,M&M,MADURA,MAFATIND,MAHABANK,MAHSCOOTER,MAHSEAMLES,MALWA,MARUTI,MASTEK,MATRIX,MAXIND,MCDOWELL,MCLEODRUSS,MERCATOR,MERCK,MERIND,MFSL,MIRZAINT,MODIXEROX,MOREPENLAB,MOTHERSON,MOTHERSUMI,MPHASIS,MRF,MRPL,MTNL,MUNJALSHOW,NAGARFERT,NAHAR,NAHARPOLY,NAHARSPING,NATCOPHARM,NATIONAL,NATIONALUM,NAVA,NAVNETED,NCC,NDTV,NESTLEIND,NETWORK18,NH,NIRMA,NITCO,NLCINDIA,NMDC,NOIDATOLL,NTPC,OBC,OFSS,OIL,OILCOUNTUB,OLECTRA,OMAXAUTO,OMAXE,ONELIFECAP,ONGC,ONIDA,OSWALAGRO,PATANJALI,PATNI,PATSPIN,PCBL,PDMJEPAPER,PEL,PENTAFOUR,PENTAMEDIA,PERSISTENT,PETRONET,PFIZER,PGHL,PHIL,PHILIPS,PHOENIX,PIDILITIND,PNB,POONAWALLA,PRAJIND,PRAKASH,PREMIERENE,PRESTIGE,PSIDATA,PTC,PUNJABCHEM,PUNJLLOYD,PUNJTRACT,RAASI,RAIN,RAJESHEXPO,RALLIS,RAMCOCEM,RANBAXY,RAYMOND,RCF,RCOM,RECKITT,RECLTD,RECRON,REIAGRO,RELCAPITAL,RELIANCE,RELIGARE,RELINFRA,RELMEDIA,RIIL,RKFORGE,ROYAL,RPGTRANS,RPOWER,RPPINFRA,RSWM,RUCHISOYA,SAIL,SALORA,SAMTEL,SANGHI,SANOFI,SAREGAMA,SBIN,SCHAEFFLER,SCHENECT,SCI,SCILAL,SESASTERL,SESHAPAPER,SHANTHIGEAR,SHAWWALLA,SHOPERSTOP,SHREECEM,SHRENUJ,SHRIRAMFIN,SHYAMTEL,SIEMENS,SIL,SIMPLEXINF,SKFINDIA,SKSMICRO,SMLISUZU,SONATSOFTW,SOUTHBANK,SPARC,SPLPETRO,SRF,STAR,STATE,STERLITE,STYROLUT,SUJANA,SUNCLAY,SUNDARMFIN,SUNDRMFAST,SUNPHARMA,SUPREMEIND,SUVEN,TAMIL,TATACHEM,TATACOMM,TATACONSUM,TATAELXSI,TATAINVEST,TATAMETAL,TATAMOTORS,TATAPOWER,TATASPONGE,TATASTEEL,TBZ,TCS,TECH,THERMAX,THIRU,THOMASCOOK,TIINDIA,TIMEX,TIMKEN,TINPLATE,TITAN,TODAYS,TORNTPHARM,TORNTPOWER,TRANSPEK,TRENT,TRIDENT,TTKPRESTIG,TVTODAY,UBL,UCALFUEL,UFLEX,ULTRACEMCO,UNICHEMLAB,UNIONBANK,USHAFIN,USHAMART,UTTAM,VARUN,VESUVIUS,VHL,VINDHYATEL,VIRAL,VISHAL,VOLTAS,VTL,WELENT,WIDIA,WIMCO,WINDMACH,WINSOME,WOCKPHARMA,WSTCSTPAPR,WYETH,ZANDU,ZENSARTECH"
2013-07-08,Nifty500,WIPRO,SUJANA,"3MINDIA,63MOONS,AARTIIND,ABANOFFSH,ABB,ABBOTINDIA,ABREL,ACC,ADANIENT,AGCNETWO,AIAENG,AKZOINDIA,ALLCARGO,ALSTOMT&D,ALTOS,AMBALAL,AMBUJACEM,AMTEK,ANDHRAVALY,APARINDS,APOLLOHOSP,APOLLOTYRE,APPAPER,APPLE,APTECHT,ARVIND,ASAHIINDIA,ASHOKLEY,ASIANHOTNR,ASIANPAINT,ASTRAZENCA,ATUL,ATULAUTO,AVERY,AXISBANK,BAJAJ,BAJAJ-AUTO,BAJAJHIND,BAJAJHLDNG,BAJFINANCE,BALAJI,BALMLAWRIE,BALRAMCHIN,BANKBARODA,BANKINDIA,BASF,BATAINDIA,BBTC,BEL,BEML,BERGEPAINT,BFUTILITIE,BHARATFORG,BHARTIARTL,BHEL,BHUSHANSTL,BI,BINANI,BIOCON,BIRLACORPN,BIRLAMONEY,BLOWPLAST,BLUEDART,BLUESTARCO,BOMDYEING,BOSCH-HCIL,BOSCHLTD,BPCL,BRABOURNE,BRFL,BRIGADE,BRITANNIA,BSOFT,CABLE,CADBURY,CAIRN,CANBK,CANFINHOME,CAPRIHANS,CASTROLIND,CCL,CEATLTD,CENTENKA,CENTRALBK,CENTURYTEX,CESC,CGPOWER,CHAMBLFERT,CHEMINOR,CHEMPLASTS,CHENNPETRO,CHETTINAD,CHOLAFIN,CHOLAHLDNG,CIPLA,CMC,COALINDIA,COFORGE,COLPAL,CONCOR,CONSOFINVT,COROMANDEL,CRISIL,CUB,CUMMINSIND,CYBERTECH,DABUR,DAEWOO,DCAL,DCLPOLYE,DCW,DEEPAKFERT,DEN,DHAMPURSUG,DHANBANK,DHANLAXMI,DHFL,DICIND,DIGJAMLMTD,DLF,DRREDDY,DSQSOFTW,ECLERX,EICHERMOT,EIDPARRY,EIHOTEL,ELCIDIN,ELECON,ELECTCAST,ELECTREX,ELGIEQUIP,ELGIRUBCO,ENERGY,ENGINERSIN,ESABINDIA,ESCORTS,ESSAR,ESSEL,EXCELINDUS,EXIDEIND,FACT,FAGBEARI,FDC,FEDERALBNK,FINCABLES,FLUOROCHEM,FMGOETZE,FORBES,FORTIS,FOSECOIND,FULFORD,GABRIEL,GAEL,GAIL,GANESHBE,GARDEN,GEOJITFSL,GESHIP,GHCL,GILLETTE,GKNDRIVE,GLAXO,GLENMARK,GLFL,GMDCLTD,GNFC,GODFRYPHLP,GODREJCP,GODREJIND,GOKEX,GOLDENTOBC,GOODRICKE,GOODYEAR,GPPL,GRAPHITE,GRASIM,GREAVESCOT,GRINDWELL,GRUH,GSFC,GSKCONS,GSPL,GTL,GUJALKALI,GUJGASLTD,GUJNRECOKE,GVT&D,HARRMALAYA,HAVELLS,HCC,HCL-INSYS,HCLTECH,HDFC,HDFCBANK,HEALTHCARE,HEG,HEIDELBERG,HERBERTS,HERITGFOOD,HEROMOTOCO,HEXT,HIMACHAL,HIMATSEIDE,HINDALCO,HINDCOPPER,HINDOILEXP,HINDPETRO,HINDSYNTEX,HINDUJA,HINDUNILVR,HINDUSTAN,HINDZINC,HMT,HOGANAS,HONAUT,HOTEL,HTMEDIA,HUBTOWN,IBREALEST,IBULLSLTD,ICICIBANK,IDBI,IDFCFIRSTB,IFBIND,IFCI,IGL,IL&FSTRANS,IMFA,INDHOTEL,INDIACEM,INDIAGLYCO,INDIANB,INDUSINDBK,INFY,INGERRAND,INSILCO,INTERNAT,IOB,IOC,IONEXCHANG,IPCALAB,IPRINGS,ISMT,ISPAT,ITC,ITI,ITWSIGNO,J&KBANK,JAGRAN,JAICORPLTD,JBCHEPHARM,JBMA,JETAIRWAYS,JINDALPHOT,JINDALPOLY,JINDALSAW,JINDALSTEL,JISLJALEQS,JKCEMENT,JKTYRE,JPASSOCIAT,JPPOWER,JSL,JSWHL,JUBLFOOD,JUBLINGRY,JYOTISTRUC,KAJARIACER,KANSAINER,KARURVYSYA,KARUTURI,KCP,KINETIC,KMSUGAR,KOHINOOR,KOTAKBANK,KPEL,KRISHNA,KRL,KSB,KTKBANK,KUMARS,LAKSHMI,LGBBROSLTD,LICHSGFIN,LINDEINDIA,LITL,LT,LUPIN,M& M,M&M,MADURA,MAFATIND,MAHABANK,MAHSCOOTER,MAHSEAMLES,MALWA,MARUTI,MASTEK,MATRIX,MAXIND,MCDOWELL,MCLEODRUSS,MERCATOR,MERCK,MERIND,MFSL,MIRZAINT,MODIXEROX,MOREPENLAB,MOTHERSON,MOTHERSUMI,MPHASIS,MRF,MRPL,MTNL,MUNJALSHOW,NAGARFERT,NAHAR,NAHARPOLY,NAHARSPING,NATCOPHARM,NATIONAL,NATIONALUM,NAVA,NAVNETED,NCC,NDTV,NESTLEIND,NETWORK18,NH,NIRMA,NITCO,NLCINDIA,NMDC,NOIDATOLL,NTPC,OBC,OFSS,OIL,OILCOUNTUB,OLECTRA,OMAXAUTO,OMAXE,ONELIFECAP,ONGC,ONIDA,OSWALAGRO,PATANJALI,PATNI,PATSPIN,PCBL,PDMJEPAPER,PEL,PENTAFOUR,PENTAMEDIA,PERSISTENT,PETRONET,PFIZER,PGHL,PHIL,PHILIPS,PHOENIX,PIDILITIND,PNB,POONAWALLA,PRAJIND,PRAKASH,PREMIERENE,PRESTIGE,PSIDATA,PTC,PUNJABCHEM,PUNJLLOYD,PUNJTRACT,RAASI,RAIN,RAJESHEXPO,RALLIS,RAMCOCEM,RANBAXY,RAYMOND,RCF,RCOM,RECKITT,RECLTD,RECRON,REIAGRO,RELCAPITAL,RELIANCE,RELIGARE,RELINFRA,RELMEDIA,RIIL,RKFORGE,ROYAL,RPGTRANS,RPOWER,RPPINFRA,RSWM,RUCHISOYA,SAIL,SALORA,SAMTEL,SANGHI,SANOFI,SAREGAMA,SBIN,SCHAEFFLER,SCHENECT,SCI,SCILAL,SESASTERL,SESHAPAPER,SHANTHIGEAR,SHAWWALLA,SHOPERSTOP,SHREECEM,SHRENUJ,SHRIRAMFIN,SHYAMTEL,SIEMENS,SIL,SIMPLEXINF,SKFINDIA,SKSMICRO,SMLISUZU,SONATSOFTW,SOUTHBANK,SPARC,SPLPETRO,SRF,STAR,STATE,STERLITE,STYROLUT,SUNCLAY,SUNDARMFIN,SUNDRMFAST,SUNPHARMA,SUPREMEIND,SUVEN,TAMIL,TATACHEM,TATACOMM,TATACONSUM,TATAELXSI,TATAINVEST,TATAMETAL,TATAMOTORS,TATAPOWER,TATASPONGE,TATASTEEL,TBZ,TCS,TECH,THERMAX,THIRU,THOMASCOOK,TIINDIA,TIMEX,TIMKEN,TINPLATE,TITAN,TODAYS,TORNTPHARM,TORNTPOWER,TRANSPEK,TRENT,TRIDENT,TTKPRESTIG,TVTODAY,UBL,UCALFUEL,UFLEX,ULTRACEMCO,UNICHEMLAB,UNIONBANK,USHAFIN,USHAMART,UTTAM,VARUN,VESUVIUS,VHL,VINDHYATEL,VIRAL,VISHAL,VOLTAS,VTL,WELENT,WIDIA,WIMCO,WINDMACH,WINSOME,WIPRO,WOCKPHARMA,WSTCSTPAPR,WYETH,ZANDU,ZENSARTECH"
2013-11-06,Nifty500,"INDUSTOWER,DBCORP","FEL,JSWSTEEL","3MINDIA,63MOONS,AARTIIND,ABANOFFSH,ABB,ABBOTINDIA,ABREL,ACC,ADANIENT,AGCNETWO,AIAENG,AKZOINDIA,ALLCARGO,ALSTOMT&D,ALTOS,AMBALAL,AMBUJACEM,AMTEK,ANDHRAVALY,APARINDS,APOLLOHOSP,APOLLOTYRE,APPAPER,APPLE,APTECHT,ARVIND,ASAHIINDIA,ASHOKLEY,ASIANHOTNR,ASIANPAINT,ASTRAZENCA,ATUL,ATULAUTO,AVERY,AXISBANK,BAJAJ,BAJAJ-AUTO,BAJAJHIND,BAJAJHLDNG,BAJFINANCE,BALAJI,BALMLAWRIE,BALRAMCHIN,BANKBARODA,BANKINDIA,BASF,BATAINDIA,BBTC,BEL,BEML,BERGEPAINT,BFUTILITIE,BHARATFORG,BHARTIARTL,BHEL,BHUSHANSTL,BI,BINANI,BIOCON,BIRLACORPN,BIRLAMONEY,BLOWPLAST,BLUEDART,BLUESTARCO,BOMDYEING,BOSCH-HCIL,BOSCHLTD,BPCL,BRABOURNE,BRFL,BRIGADE,BRITANNIA,BSOFT,CABLE,CADBURY,CAIRN,CANBK,CANFINHOME,CAPRIHANS,CASTROLIND,CCL,CEATLTD,CENTENKA,CENTRALBK,CENTURYTEX,CESC,CGPOWER,CHAMBLFERT,CHEMINOR,CHEMPLASTS,CHENNPETRO,CHETTINAD,CHOLAFIN,CHOLAHLDNG,CIPLA,CMC,COALINDIA,COFORGE,COLPAL,CONCOR,CONSOFINVT,COROMANDEL,CRISIL,CUB,CUMMINSIND,CYBERTECH,DABUR,DAEWOO,DBCORP,DCAL,DCLPOLYE,DCW,DEEPAKFERT,DEN,DHAMPURSUG,DHANBANK,DHANLAXMI,DHFL,DICIND,DIGJAMLMTD,DLF,DRREDDY,DSQSOFTW,ECLERX,EICHERMOT,EIDPARRY,EIHOTEL,ELCIDIN,ELECON,ELECTCAST,ELECTREX,ELGIEQUIP,ELGIRUBCO,ENERGY,ENGINERSIN,ESABINDIA,ESCORTS,ESSAR,ESSEL,EXCELINDUS,EXIDEIND,FACT,FAGBEARI,FDC,FEDERALBNK,FINCABLES,FLUOROCHEM,FMGOETZE,FORBES,FORTIS,FOSECOIND,FULFORD,GABRIEL,GAEL,GAIL,GANESHBE,GARDEN,GEOJITFSL,GESHIP,GHCL,GILLETTE,GKNDRIVE,GLAXO,GLENMARK,GLFL,GMDCLTD,GNFC,GODFRYPHLP,GODREJCP,GODREJIND,GOKEX,GOLDENTOBC,GOODRICKE,GOODYEAR,GPPL,GRAPHITE,GRASIM,GREAVESCOT,GRINDWELL,GRUH,GSFC,GSKCONS,GSPL,GTL,GUJALKALI,GUJGASLTD,GUJNRECOKE,GVT&D,HARRMALAYA,HAVELLS,HCC,HCL-INSYS,HCLTECH,HDFC,HDFCBANK,HEALTHCARE,HEG,HEIDELBERG,HERBERTS,HERITGFOOD,HEROMOTOCO,HEXT,HIMACHAL,HIMATSEIDE,HINDALCO,HINDCOPPER,HINDOILEXP,HINDPETRO,HINDSYNTEX,HINDUJA,HINDUNILVR,HINDUSTAN,HINDZINC,HMT,HOGANAS,HONAUT,HOTEL,HTMEDIA,HUBTOWN,IBREALEST,IBULLSLTD,ICICIBANK,IDBI,IDFCFIRSTB,IFBIND,IFCI,IGL,IL&FSTRANS,IMFA,INDHOTEL,INDIACEM,INDIAGLYCO,INDIANB,INDUSINDBK,INDUSTOWER,INFY,INGERRAND,INSILCO,INTERNAT,IOB,IOC,IONEXCHANG,IPCALAB,IPRINGS,ISMT,ISPAT,ITC,ITI,ITWSIGNO,J&KBANK,JAGRAN,JAICORPLTD,JBCHEPHARM,JBMA,JETAIRWAYS,JINDALPHOT,JINDALPOLY,JINDALSAW,JINDALSTEL,JISLJALEQS,JKCEMENT,JKTYRE,JPASSOCIAT,JPPOWER,JSL,JSWHL,JUBLFOOD,JUBLINGRY,JYOTISTRUC,KAJARIACER,KANSAINER,KARURVYSYA,KARUTURI,KCP,KINETIC,KMSUGAR,KOHINOOR,KOTAKBANK,KPEL,KRISHNA,KRL,KSB,KTKBANK,KUMARS,LAKSHMI,LGBBROSLTD,LICHSGFIN,LINDEINDIA,LITL,LT,LUPIN,M& M,M&M,MADURA,MAFATIND,MAHABANK,MAHSCOOTER,MAHSEAMLES,MALWA,MARUTI,MASTEK,MATRIX,MAXIND,MCDOWELL,MCLEODRUSS,MERCATOR,MERCK,MERIND,MFSL,MIRZAINT,MODIXEROX,MOREPENLAB,MOTHERSON,MOTHERSUMI,MPHASIS,MRF,MRPL,MTNL,MUNJALSHOW,NAGARFERT,NAHAR,NAHARPOLY,NAHARSPING,NATCOPHARM,NATIONAL,NATIONALUM,NAVA,NAVNETED,NCC,NDTV,NESTLEIND,NETWORK18,NH,NIRMA,NITCO,NLCINDIA,NMDC,NOIDATOLL,NTPC,OBC,OFSS,OIL,OILCOUNTUB,OLECTRA,OMAXAUTO,OMAXE,ONELIFECAP,ONGC,ONIDA,OSWALAGRO,PATANJALI,PATNI,PATSPIN,PCBL,PDMJEPAPER,PEL,PENTAFOUR,PENTAMEDIA,PERSISTENT,PETRONET,PFIZER,PGHL,PHIL,PHILIPS,PHOENIX,PIDILITIND,PNB,POONAWALLA,PRAJIND,PRAKASH,PREMIERENE,PRESTIGE,PSIDATA,PTC,PUNJABCHEM,PUNJLLOYD,PUNJTRACT,RAASI,RAIN,RAJESHEXPO,RALLIS,RAMCOCEM,RAYMOND,RCF,RCOM,RECKITT,RECLTD,RECRON,REIAGRO,RELCAPITAL,RELIANCE,RELIGARE,RELINFRA,RELMEDIA,RIIL,RKFORGE,ROYAL,RPGTRANS,RPOWER,RPPINFRA,RSWM,RUCHISOYA,SAIL,SALORA,SANGHI,SANOFI,SAREGAMA,SBIN,SCHAEFFLER,SCHENECT,SCI,SCILAL,SESASTERL,SESHAPAPER,SHANTHIGEAR,SHAWWALLA,SHOPERSTOP,SHREECEM,SHRENUJ,SHRIRAMFIN,SHYAMTEL,SIEMENS,SIL,SIMPLEXINF,SKFINDIA,SKSMICRO,SMLISUZU,SONATSOFTW,SOUTHBANK,SPARC,SPLPETRO,SRF,STAR,STATE,STERLITE,STYROLUT,SUNCLAY,SUNDARMFIN,SUNDRMFAST,SUNPHARMA,SUPREMEIND,SUVEN,TAMIL,TATACHEM,TATACOMM,TATACONSUM,TATAELXSI,TATAINVEST,TATAMETAL,TATAMOTORS,TATAPOWER,TATASPONGE,TATASTEEL,TBZ,TCS,TECH,THERMAX,THIRU,THOMASCOOK,TIINDIA,TIMEX,TIMKEN,TINPLATE,TITAN,TODAYS,TORNTPHARM,TORNTPOWER,TRANSPEK,TRENT,TRIDENT,TTKPRESTIG,TVTODAY,UBL,UCALFUEL,UFLEX,ULTRACEMCO,UNICHEMLAB,UNIONBANK,USHAFIN,USHAMART,UTTAM,VARUN,VESUVIUS,VHL,VINDHYATEL,VIRAL,VISHAL,VOLTAS,VTL,WELENT,WIDIA,WIMCO,WINDMACH,WINSOME,WIPRO,WOCKPHARMA,WSTCSTPAPR,WYETH,ZANDU,ZENSARTECH"
2014-12-05,Nifty500,MARICO,WYETH,"3MINDIA,63MOONS,AARTIIND,ABANOFFSH,ABB,ABBOTINDIA,ABREL,ACC,ADANIENT,AGCNETWO,AIAENG,AKZOINDIA,ALLCARGO,ALSTOMT&D,ALTOS,AMBALAL,AMBUJACEM,AMTEK,ANDHRAVALY,APARINDS,APOLLOHOSP,APOLLOTYRE,APPAPER,APPLE,APTECHT,ARVIND,ASAHIINDIA,ASHOKLEY,ASIANHOTNR,ASIANPAINT,ASTRAZENCA,ATUL,ATULAUTO,AVERY,AXISBANK,BAJAJ,BAJAJ-AUTO,BAJAJHIND,BAJAJHLDNG,BAJFINANCE,BALAJI,BALMLAWRIE,BALRAMCHIN,BANKBARODA,BANKINDIA,BASF,BATAINDIA,BBTC,BEL,BEML,BERGEPAINT,BFUTILITIE,BHARATFORG,BHARTIARTL,BHEL,BHUSHANSTL,BI,BINANI,BIOCON,BIRLACORPN,BIRLAMONEY,BLOWPLAST,BLUEDART,BLUESTARCO,BOMDYEING,BOSCH-HCIL,BOSCHLTD,BPCL,BRABOURNE,BRFL,BRIGADE,BRITANNIA,BSOFT,CABLE,CADBURY,CAIRN,CANBK,CANFINHOME,CAPRIHANS,CASTROLIND,CCL,CEATLTD,CENTENKA,CENTRALBK,CENTURYTEX,CESC,CGPOWER,CHAMBLFERT,CHEMINOR,CHEMPLASTS,CHENNPETRO,CHETTINAD,CHOLAFIN,CHOLAHLDNG,CIPLA,CMC,COALINDIA,COFORGE,COLPAL,CONCOR,CONSOFINVT,COROMANDEL,CRISIL,CUB,CUMMINSIND,CYBERTECH,DABUR,DAEWOO,DBCORP,DCAL,DCLPOLYE,DCW,DEEPAKFERT,DEN,DHAMPURSUG,DHANBANK,DHANLAXMI,DHFL,DICIND,DIGJAMLMTD,DLF,DRREDDY,DSQSOFTW,ECLERX,EICHERMOT,EIDPARRY,EIHOTEL,ELCIDIN,ELECON,ELECTCAST,ELECTREX,ELGIEQUIP,ELGIRUBCO,ENERGY,ENGINERSIN,ESABINDIA,ESCORTS,ESSAR,ESSEL,EXCELINDUS,EXIDEIND,FACT,FAGBEARI,FDC,FEDERALBNK,FINCABLES,FLUOROCHEM,FMGOETZE,FORBES,FORTIS,FOSECOIND,FULFORD,GABRIEL,GAEL,GAIL,GANESHBE,GARDEN,GEOJITFSL,GESHIP,GHCL,GILLETTE,GKNDRIVE,GLAXO,GLENMARK,GLFL,GMDCLTD,GNFC,GODFRYPHLP,GODREJCP,GODREJIND,GOKEX,GOLDENTOBC,GOODRICKE,GOODYEAR,GPPL,GRAPHITE,GRASIM,GREAVESCOT,GRINDWELL,GRUH,GSFC,GSKCONS,GSPL,GTL,GUJALKALI,GUJGASLTD,GUJNRECOKE,GVT&D,HARRMALAYA,HAVELLS,HCC,HCL-INSYS,HCLTECH,HDFC,HDFCBANK,HEALTHCARE,HEG,HEIDELBERG,HERBERTS,HERITGFOOD,HEROMOTOCO,HEXT,HIMACHAL,HIMATSEIDE,HINDALCO,HINDCOPPER,HINDOILEXP,HINDPETRO,HINDSYNTEX,HINDUJA,HINDUNILVR,HINDUSTAN,HINDZINC,HMT,HOGANAS,HONAUT,HOTEL,HTMEDIA,HUBTOWN,IBREALEST,IBULLSLTD,ICICIBANK,IDBI,IDFCFIRSTB,IFBIND,IFCI,IGL,IL&FSTRANS,IMFA,INDHOTEL,INDIACEM,INDIAGLYCO,INDIANB,INDUSINDBK,INDUSTOWER,INFY,INGERRAND,INSILCO,INTERNAT,IOB,IOC,IONEXCHANG,IPCALAB,IPRINGS,ISMT,ISPAT,ITC,ITI,ITWSIGNO,J&KBANK,JAGRAN,JAICORPLTD,JBCHEPHARM,JBMA,JETAIRWAYS,JINDALPHOT,JINDALPOLY,JINDALSAW,JINDALSTEL,JISLJALEQS,JKCEMENT,JKTYRE,JPASSOCIAT,JPPOWER,JSL,JSWHL,JUBLFOOD,JUBLINGRY,JYOTISTRUC,KAJARIACER,KANSAINER,KARURVYSYA,KARUTURI,KCP,KINETIC,KMSUGAR,KOHINOOR,KOTAKBANK,KPEL,KRISHNA,KRL,KSB,KTKBANK,KUMARS,LAKSHMI,LGBBROSLTD,LICHSGFIN,LINDEINDIA,LITL,LT,LUPIN,M& M,M&M,MADURA,MAFATIND,MAHABANK,MAHSCOOTER,MAHSEAMLES,MALWA,MARICO,MARUTI,MASTEK,MATRIX,MAXIND,MCDOWELL,MCLEODRUSS,MERCATOR,MERCK,MERIND,MFSL,MIRZAINT,MODIXEROX,MOREPENLAB,MOTHERSON,MOTHERSUMI,MPHASIS,MRF,MRPL,MTNL,MUNJALSHOW,NAGARFERT,NAHAR,NAHARPOLY,NAHARSPING,NATCOPHARM,NATIONAL,NATIONALUM,NAVA,NAVNETED,NCC,NDTV,NESTLEIND,NETWORK18,NH,NIRMA,NITCO,NLCINDIA,NMDC,NOIDATOLL,NTPC,OBC,OFSS,OIL,OILCOUNTUB,OLECTRA,OMAXAUTO,OMAXE,ONELIFECAP,ONGC,ONIDA,OSWALAGRO,PATANJALI,PATNI,PATSPIN,PCBL,PDMJEPAPER,PEL,PENTAFOUR,PENTAMEDIA,PERSISTENT,PETRONET,PFIZER,PGHL,PHIL,PHILIPS,PHOENIX,PIDILITIND,PNB,POONAWALLA,PRAJIND,PRAKASH,PREMIERENE,PRESTIGE,PSIDATA,PTC,PUNJABCHEM,PUNJLLOYD,PUNJTRACT,RAASI,RAIN,RAJESHEXPO,RALLIS,RAMCOCEM,RAYMOND,RCF,RCOM,RECKITT,RECLTD,RECRON,REIAGRO,RELCAPITAL,RELIANCE,RELIGARE,RELINFRA,RELMEDIA,RIIL,RKFORGE,ROYAL,RPGTRANS,RPOWER,RPPINFRA,RSWM,RUCHISOYA,SAIL,SALORA,SANGHI,SANOFI,SAREGAMA,SBIN,SCHAEFFLER,SCHENECT,SCI,SCILAL,SESASTERL,SESHAPAPER,SHANTHIGEAR,SHAWWALLA,SHOPERSTOP,SHREECEM,SHRENUJ,SHRIRAMFIN,SHYAMTEL,SIEMENS,SIL,SIMPLEXINF,SKFINDIA,SKSMICRO,SMLISUZU,SONATSOFTW,SOUTHBANK,SPARC,SPLPETRO,SRF,STAR,STATE,STERLITE,STYROLUT,SUNCLAY,SUNDARMFIN,SUNDRMFAST,SUNPHARMA,SUPREMEIND,SUVEN,TAMIL,TATACHEM,TATACOMM,TATACONSUM,TATAELXSI,TATAINVEST,TATAMETAL,TATAMOTORS,TATAPOWER,TATASPONGE,TATASTEEL,TBZ,TCS,TECH,THERMAX,THIRU,THOMASCOOK,TIINDIA,TIMEX,TIMKEN,TINPLATE,TITAN,TODAYS,TORNTPHARM,TORNTPOWER,TRANSPEK,TRENT,TRIDENT,TTKPRESTIG,TVTODAY,UBL,UCALFUEL,UFLEX,ULTRACEMCO,UNICHEMLAB,UNIONBANK,USHAFIN,USHAMART,UTTAM,VARUN,VESUVIUS,VHL,VINDHYATEL,VIRAL,VISHAL,VOLTAS,VTL,WELENT,WIDIA,WIMCO,WINDMACH,WINSOME,WIPRO,WOCKPHARMA,WSTCSTPAPR,ZANDU,ZENSARTECH"
2015-02-02,Nifty500,"DYNAMATECH,LAOPALA,MBLINFRA","ARVIND,GUJGASLTD,J&KBANK","3MINDIA,63MOONS,AARTIIND,ABANOFFSH,ABB,ABBOTINDIA,ABREL,ACC,ADANIENT,AGCNETWO,AIAENG,AKZOINDIA,ALLCARGO,ALSTOMT&D,ALTOS,AMBALAL,AMBUJACEM,AMTEK,ANDHRAVALY,APARINDS,APOLLOHOSP,APOLLOTYRE,APPAPER,APPLE,APTECHT,ASAHIINDIA,ASHOKLEY,ASIANHOTNR,ASIANPAINT,ASTRAZENCA,ATUL,ATULAUTO,AVERY,AXISBANK,BAJAJ,BAJAJ-AUTO,BAJAJHIND,BAJAJHLDNG,BAJFINANCE,BALAJI,BALMLAWRIE,BALRAMCHIN,BANKBARODA,BANKINDIA,BASF,BATAINDIA,BBTC,BEL,BEML,BERGEPAINT,BFUTILITIE,BHARATFORG,BHARTIARTL,BHEL,BHUSHANSTL,BI,BINANI,BIOCON,BIRLACORPN,BIRLAMONEY,BLOWPLAST,BLUEDART,BLUESTARCO,BOMDYEING,BOSCH-HCIL,BOSCHLTD,BPCL,BRABOURNE,BRFL,BRIGADE,BRITANNIA,BSOFT,CABLE,CADBURY,CAIRN,CANBK,CANFINHOME,CAPRIHANS,CASTROLIND,CCL,CEATLTD,CENTENKA,CENTRALBK,CENTURYTEX,CESC,CGPOWER,CHAMBLFERT,CHEMINOR,CHEMPLASTS,CHENNPETRO,CHETTINAD,CHOLAFIN,CHOLAHLDNG,CIPLA,CMC,COALINDIA,COFORGE,COLPAL,CONCOR,CONSOFINVT,COROMANDEL,CRISIL,CUB,CUMMINSIND,CYBERTECH,DABUR,DAEWOO,DBCORP,DCAL,DCLPOLYE,DCW,DEEPAKFERT,DEN,DHAMPURSUG,DHANBANK,DHANLAXMI,DHFL,DICIND,DIGJAMLMTD,DLF,DRREDDY,DSQSOFTW,DYNAMATECH,ECLERX,EICHERMOT,EIDPARRY,EIHOTEL,ELCIDIN,ELECON,ELECTCAST,ELECTREX,ELGIEQUIP,ELGIRUBCO,ENERGY,ENGINERSIN,ESABINDIA,ESCORTS,ESSAR,ESSEL,EXCELINDUS,EXIDEIND,FACT,FAGBEARI,FDC,FEDERALBNK,FINCABLES,FLUOROCHEM,FMGOETZE,FORBES,FORTIS,FOSECOIND,FULFORD,GABRIEL,GAEL,GAIL,GANESHBE,GARDEN,GEOJITFSL,GESHIP,GHCL,GILLETTE,GKNDRIVE,GLAXO,GLENMARK,GLFL,GMDCLTD,GNFC,GODFRYPHLP,GODREJCP,GODREJIND,GOKEX,GOLDENTOBC,GOODRICKE,GOODYEAR,GPPL,GRAPHITE,GRASIM,GREAVESCOT,GRINDWELL,GRUH,GSFC,GSKCONS,GSPL,GTL,GUJALKALI,GUJNRECOKE,GVT&D,HARRMALAYA,HAVELLS,HCC,HCL-INSYS,HCLTECH,HDFC,HDFCBANK,HEALTHCARE,HEG,HEIDELBERG,HERBERTS,HERITGFOOD,HEROMOTOCO,HEXT,HIMACHAL,HIMATSEIDE,HINDALCO,HINDCOPPER,HINDOILEXP,HINDPETRO,HINDSYNTEX,HINDUJA,HINDUNILVR,HINDUSTAN,HINDZINC,HMT,HOGANAS,HONAUT,HOTEL,HTMEDIA,HUBTOWN,IBREALEST,IBULLSLTD,ICICIBANK,IDBI,IDFCFIRSTB,IFBIND,IFCI,IGL,IL&FSTRANS,IMFA,INDHOTEL,INDIACEM,INDIAGLYCO,INDIANB,INDUSINDBK,INDUSTOWER,INFY,INGERRAND,INSILCO,INTERNAT,IOB,IOC,IONEXCHANG,IPCALAB,IPRINGS,ISMT,ISPAT,ITC,ITI,ITWSIGNO,JAGRAN,JAICORPLTD,JBCHEPHARM,JBMA,JETAIRWAYS,JINDALPHOT,JINDALPOLY,JINDALSAW,JINDALSTEL,JISLJALEQS,JKCEMENT,JKTYRE,JPASSOCIAT,JPPOWER,JSL,JSWHL,JUBLFOOD,JUBLINGRY,JYOTISTRUC,KAJARIACER,KANSAINER,KARURVYSYA,KARUTURI,KCP,KINETIC,KMSUGAR,KOHINOOR,KOTAKBANK,KPEL,KRISHNA,KRL,KSB,KTKBANK,KUMARS,LAKSHMI,LAOPALA,LGBBROSLTD,LICHSGFIN,LINDEINDIA,LITL,LT,LUPIN,M& M,M&M,MADURA,MAFATIND,MAHABANK,MAHSCOOTER,MAHSEAMLES,MALWA,MARICO,MARUTI,MASTEK,MATRIX,MAXIND,MBLINFRA,MCDOWELL,MCLEODRUSS,MERCATOR,MERCK,MERIND,MFSL,MIRZAINT,MODIXEROX,MOREPENLAB,MOTHERSON,MOTHERSUMI,MPHASIS,MRF,MRPL,MTNL,MUNJALSHOW,NAGARFERT,NAHAR,NAHARPOLY,NAHARSPING,NATCOPHARM,NATIONAL,NATIONALUM,NAVA,NAVNETED,NCC,NDTV,NESTLEIND,NETWORK18,NH,NIRMA,NITCO,NLCINDIA,NMDC,NOIDATOLL,NTPC,OBC,OFSS,OIL,OILCOUNTUB,OLECTRA,OMAXAUTO,OMAXE,ONELIFECAP,ONGC,ONIDA,OSWALAGRO,PATANJALI,PATNI,PATSPIN,PCBL,PDMJEPAPER,PEL,PENTAFOUR,PENTAMEDIA,PERSISTENT,PETRONET,PFIZER,PGHL,PHIL,PHILIPS,PHOENIX,PIDILITIND,PNB,POONAWALLA,PRAJIND,PRAKASH,PREMIERENE,PRESTIGE,PSIDATA,PTC,PUNJABCHEM,PUNJLLOYD,PUNJTRACT,RAASI,RAIN,RAJESHEXPO,RALLIS,RAMCOCEM,RAYMOND,RCF,RCOM,RECKITT,RECLTD,RECRON,REIAGRO,RELCAPITAL,RELIANCE,RELIGARE,RELINFRA,RELMEDIA,RIIL,RKFORGE,ROYAL,RPGTRANS,RPOWER,RPPINFRA,RSWM,RUCHISOYA,SAIL,SALORA,SANGHI,SANOFI,SAREGAMA,SBIN,SCHAEFFLER,SCHENECT,SCI,SCILAL,SESASTERL,SESHAPAPER,SHANTHIGEAR,SHAWWALLA,SHOPERSTOP,SHREECEM,SHRENUJ,SHRIRAMFIN,SHYAMTEL,SIEMENS,SIL,SIMPLEXINF,SKFINDIA,SKSMICRO,SMLISUZU,SONATSOFTW,SOUTHBANK,SPARC,SPLPETRO,SRF,STAR,STATE,STERLITE,STYROLUT,SUNCLAY,SUNDARMFIN,SUNDRMFAST,SUNPHARMA,SUPREMEIND,SUVEN,TAMIL,TATACHEM,TATACOMM,TATACONSUM,TATAELXSI,TATAINVEST,TATAMETAL,TATAMOTORS,TATAPOWER,TATASPONGE,TATASTEEL,TBZ,TCS,TECH,THERMAX,THIRU,THOMASCOOK,TIINDIA,TIMEX,TIMKEN,TINPLATE,TITAN,TODAYS,TORNTPHARM,TORNTPOWER,TRANSPEK,TRENT,TRIDENT,TTKPRESTIG,TVTODAY,UBL,UCALFUEL,UFLEX,ULTRACEMCO,UNICHEMLAB,UNIONBANK,USHAFIN,USHAMART,UTTAM,VARUN,VESUVIUS,VHL,VINDHYATEL,VIRAL,VISHAL,VOLTAS,VTL,WELENT,WIDIA,WIMCO,WINDMACH,WINSOME,WIPRO,WOCKPHARMA,WSTCSTPAPR,ZANDU,ZENSARTECH"
2015-05-29,Nifty500,"VIVIDHA,NATCOPHARM","IDFCFIRSTB,ADANIENT","3MINDIA,63MOONS,AARTIIND,ABANOFFSH,ABB,ABBOTINDIA,ABREL,ACC,ADANIENT,AGCNETWO,AIAENG,AKZOINDIA,ALLCARGO,ALSTOMT&D,ALTOS,AMBALAL,AMBUJACEM,AMTEK,ANDHRAVALY,APARINDS,APOLLOHOSP,APOLLOTYRE,APPAPER,APPLE,APTECHT,ASAHIINDIA,ASHOKLEY,ASIANHOTNR,ASIANPAINT,ASTRAZENCA,ATUL,ATULAUTO,AVERY,AXISBANK,BAJAJ,BAJAJ-AUTO,BAJAJHIND,BAJAJHLDNG,BAJFINANCE,BALAJI,BALMLAWRIE,BALRAMCHIN,BANKBARODA,BANKINDIA,BASF,BATAINDIA,BBTC,BEL,BEML,BERGEPAINT,BFUTILITIE,BHARATFORG,BHARTIARTL,BHEL,BHUSHANSTL,BI,BINANI,BIOCON,BIRLACORPN,BIRLAMONEY,BLOWPLAST,BLUEDART,BLUESTARCO,BOMDYEING,BOSCH-HCIL,BOSCHLTD,BPCL,BRABOURNE,BRFL,BRIGADE,BRITANNIA,BSOFT,CABLE,CADBURY,CAIRN,CANBK,CANFINHOME,CAPRIHANS,CASTROLIND,CCL,CEATLTD,CENTENKA,CENTRALBK,CENTURYTEX,CESC,CGPOWER,CHAMBLFERT,CHEMINOR,CHEMPLASTS,CHENNPETRO,CHETTINAD,CHOLAFIN,CHOLAHLDNG,CIPLA,CMC,COALINDIA,COFORGE,COLPAL,CONCOR,CONSOFINVT,COROMANDEL,CRISIL,CUB,CUMMINSIND,CYBERTECH,DABUR,DAEWOO,DBCORP,DCAL,DCLPOLYE,DCW,DEEPAKFERT,DEN,DHAMPURSUG,DHANBANK,DHANLAXMI,DHFL,DICIND,DIGJAMLMTD,DLF,DRREDDY,DSQSOFTW,DYNAMATECH,ECLERX,EICHERMOT,EIDPARRY,EIHOTEL,ELCIDIN,ELECON,ELECTCAST,ELECTREX,ELGIEQUIP,ELGIRUBCO,ENERGY,ENGINERSIN,ESABINDIA,ESCORTS,ESSAR,ESSEL,EXCELINDUS,EXIDEIND,FACT,FAGBEARI,FDC,FEDERALBNK,FINCABLES,FLUOROCHEM,FMGOETZE,FORBES,FORTIS,FOSECOIND,FULFORD,GABRIEL,GAEL,GAIL,GANESHBE,GARDEN,GEOJITFSL,GESHIP,GHCL,GILLETTE,GKNDRIVE,GLAXO,GLENMARK,GLFL,GMDCLTD,GNFC,GODFRYPHLP,GODREJCP,GODREJIND,GOKEX,GOLDENTOBC,GOODRICKE,GOODYEAR,GPPL,GRAPHITE,GRASIM,GREAVESCOT,GRINDWELL,GRUH,GSFC,GSKCONS,GSPL,GTL,GUJALKALI,GUJNRECOKE,GVT&D,HARRMALAYA,HAVELLS,HCC,HCL-INSYS,HCLTECH,HDFC,HDFCBANK,HEALTHCARE,HEG,HEIDELBERG,HERBERTS,HERITGFOOD,HEROMOTOCO,HEXT,HIMACHAL,HIMATSEIDE,HINDALCO,HINDCOPPER,HINDOILEXP,HINDPETRO,HINDSYNTEX,HINDUJA,HINDUNILVR,HINDUSTAN,HINDZINC,HMT,HOGANAS,HONAUT,HOTEL,HTMEDIA,HUBTOWN,IBREALEST,IBULLSLTD,ICICIBANK,IDBI,IFBIND,IFCI,IGL,IL&FSTRANS,IMFA,INDHOTEL,INDIACEM,INDIAGLYCO,INDIANB,INDUSINDBK,INDUSTOWER,INFY,INGERRAND,INSILCO,INTERNAT,IOB,IOC,IONEXCHANG,IPCALAB,IPRINGS,ISMT,ISPAT,ITC,ITI,ITWSIGNO,JAGRAN,JAICORPLTD,JBCHEPHARM,JBMA,JETAIRWAYS,JINDALPHOT,JINDALPOLY,JINDALSAW,JINDALSTEL,JISLJALEQS,JKCEMENT,JKTYRE,JPASSOCIAT,JPPOWER,JSL,JSWHL,JUBLFOOD,JUBLINGRY,JYOTISTRUC,KAJARIACER,KANSAINER,KARURVYSYA,KARUTURI,KCP,KINETIC,KMSUGAR,KOHINOOR,KOTAKBANK,KPEL,KRISHNA,KRL,KSB,KTKBANK,KUMARS,LAKSHMI,LAOPALA,LGBBROSLTD,LICHSGFIN,LINDEINDIA,LITL,LT,LUPIN,M& M,M&M,MADURA,MAFATIND,MAHABANK,MAHSCOOTER,MAHSEAMLES,MALWA,MARICO,MARUTI,MASTEK,MATRIX,MAXIND,MBLINFRA,MCDOWELL,MCLEODRUSS,MERCATOR,MERCK,MERIND,MFSL,MIRZAINT,MODIXEROX,MOREPENLAB,MOTHERSON,MOTHERSUMI,MPHASIS,MRF,MRPL,MTNL,MUNJALSHOW,NAGARFERT,NAHAR,NAHARPOLY,NAHARSPING,NATCOPHARM,NATIONAL,NATIONALUM,NAVA,NAVNETED,NCC,NDTV,NESTLEIND,NETWORK18,NH,NIRMA,NITCO,NLCINDIA,NMDC,NOIDATOLL,NTPC,OBC,OFSS,OIL,OILCOUNTUB,OLECTRA,OMAXAUTO,OMAXE,ONELIFECAP,ONGC,ONIDA,OSWALAGRO,PATANJALI,PATNI,PATSPIN,PCBL,PDMJEPAPER,PEL,PENTAFOUR,PENTAMEDIA,PERSISTENT,PETRONET,PFIZER,PGHL,PHIL,PHILIPS,PHOENIX,PIDILITIND,PNB,POONAWALLA,PRAJIND,PRAKASH,PREMIERENE,PRESTIGE,PSIDATA,PTC,PUNJABCHEM,PUNJLLOYD,PUNJTRACT,RAASI,RAIN,RAJESHEXPO,RALLIS,RAMCOCEM,RAYMOND,RCF,RCOM,RECKITT,RECLTD,RECRON,REIAGRO,RELCAPITAL,RELIANCE,RELIGARE,RELINFRA,RELMEDIA,RIIL,RKFORGE,ROYAL,RPGTRANS,RPOWER,RPPINFRA,RSWM,RUCHISOYA,SAIL,SALORA,SANGHI,SANOFI,SAREGAMA,SBIN,SCHAEFFLER,SCHENECT,SCI,SCILAL,SESASTERL,SESHAPAPER,SHANTHIGEAR,SHAWWALLA,SHOPERSTOP,SHREECEM,SHRENUJ,SHRIRAMFIN,SHYAMTEL,SIEMENS,SIL,SIMPLEXINF,SKFINDIA,SKSMICRO,SMLISUZU,SONATSOFTW,SOUTHBANK,SPARC,SPLPETRO,SRF,STAR,STATE,STERLITE,STYROLUT,SUNCLAY,SUNDARMFIN,SUNDRMFAST,SUNPHARMA,SUPREMEIND,SUVEN,TAMIL,TATACHEM,TATACOMM,TATACONSUM,TATAELXSI,TATAINVEST,TATAMETAL,TATAMOTORS,TATAPOWER,TATASPONGE,TATASTEEL,TBZ,TCS,TECH,THERMAX,THIRU,THOMASCOOK,TIINDIA,TIMEX,TIMKEN,TINPLATE,TITAN,TODAYS,TORNTPHARM,TORNTPOWER,TRANSPEK,TRENT,TRIDENT,TTKPRESTIG,TVTODAY,UBL,UCALFUEL,UFLEX,ULTRACEMCO,UNICHEMLAB,UNIONBANK,USHAFIN,USHAMART,UTTAM,VARUN,VESUVIUS,VHL,VINDHYATEL,VIRAL,VISHAL,VIVIDHA,VOLTAS,VTL,WELENT,WIDIA,WIMCO,WINDMACH,WINSOME,WIPRO,WOCKPHARMA,WSTCSTPAPR,ZANDU,ZENSARTECH"
2015-06-15,Nifty500,CEATLTD,JSL,"3MINDIA,63MOONS,AARTIIND,ABANOFFSH,ABB,ABBOTINDIA,ABREL,ACC,ADANIENT,AGCNETWO,AIAENG,AKZOINDIA,ALLCARGO,ALSTOMT&D,ALTOS,AMBALAL,AMBUJACEM,AMTEK,ANDHRAVALY,APARINDS,APOLLOHOSP,APOLLOTYRE,APPAPER,APPLE,APTECHT,ARVIND,ASAHIINDIA,ASHOKLEY,ASIANHOTNR,ASIANPAINT,ASTRAZENCA,ATUL,ATULAUTO,AVERY,AXISBANK,BAJAJ,BAJAJ-AUTO,BAJAJHIND,BAJAJHLDNG,BAJFINANCE,BALAJI,BALMLAWRIE,BALRAMCHIN,BANKBARODA,BANKINDIA,BASF,BATAINDIA,BBTC,BEL,BEML,BERGEPAINT,BFUTILITIE,BHARATFORG,BHARTIARTL,BHEL,BHUSHANSTL,BI,BINANI,BIOCON,BIRLACORPN,BIRLAMONEY,BLOWPLAST,BLUEDART,BLUESTARCO,BOMDYEING,BOSCH-HCIL,BOSCHLTD,BPCL,BRABOURNE,BRFL,BRIGADE,BRITANNIA,BSOFT,CABLE,CADBURY,CAIRN,CANBK,CANFINHOME,CAPRIHANS,CASTROLIND,CCL,CEATLTD,CENTENKA,CENTRALBK,CENTURYTEX,CESC,CGPOWER,CHAMBLFERT,CHEMINOR,CHEMPLASTS,CHENNPETRO,CHETTINAD,CHOLAFIN,CHOLAHLDNG,CIPLA,CMC,COALINDIA,COFORGE,COLPAL,CONCOR,CONSOFINVT,COROMANDEL,CRISIL,CUB,CUMMINSIND,CYBERTECH,DABUR,DAEWOO,DBCORP,DCAL,DCLPOLYE,DCW,DEEPAKFERT,DEN,DHAMPURSUG,DHANBANK,DHANLAXMI,DHFL,DICIND,DIGJAMLMTD,DLF,DRREDDY,DSQSOFTW,DYNAMATECH,ECLERX,EICHERMOT,EIDPARRY,EIHOTEL,ELCIDIN,ELECON,ELECTCAST,ELECTREX,ELGIEQUIP,ELGIRUBCO,ENERGY,ENGINERSIN,ESABINDIA,ESCORTS,ESSAR,ESSEL,EXCELINDUS,EXIDEIND,FACT,FAGBEARI,FDC,FEDERALBNK,FINCABLES,FLUOROCHEM,FMGOETZE,FORBES,FORTIS,FOSECOIND,FULFORD,GABRIEL,GAEL,GAIL,GANESHBE,GARDEN,GEOJITFSL,GESHIP,GHCL,GILLETTE,GKNDRIVE,GLAXO,GLENMARK,GLFL,GMDCLTD,GNFC,GODFRYPHLP,GODREJCP,GODREJIND,GOKEX,GOLDENTOBC,GOODRICKE,GOODYEAR,GPPL,GRAPHITE,GRASIM,GREAVESCOT,GRINDWELL,GRUH,GSFC,GSKCONS,GSPL,GTL,GUJALKALI,GUJNRECOKE,GVT&D,HARRMALAYA,HAVELLS,HCC,HCL-INSYS,HCLTECH,HDFC,HDFCBANK,HEALTHCARE,HEG,HEIDELBERG,HERBERTS,HERITGFOOD,HEROMOTOCO,HEXT,HIMACHAL,HIMATSEIDE,HINDALCO,HINDCOPPER,HINDOILEXP,HINDPETRO,HINDSYNTEX,HINDUJA,HINDUNILVR,HINDUSTAN,HINDZINC,HMT,HOGANAS,HONAUT,HOTEL,HTMEDIA,HUBTOWN,IBREALEST,IBULLSLTD,ICICIBANK,IDBI,IFBIND,IFCI,IGL,IL&FSTRANS,IMFA,INDHOTEL,INDIACEM,INDIAGLYCO,INDIANB,INDUSINDBK,INDUSTOWER,INFY,INGERRAND,INSILCO,INTERNAT,IOB,IOC,IONEXCHANG,IPCALAB,IPRINGS,ISMT,ISPAT,ITC,ITI,ITWSIGNO,JAGRAN,JAICORPLTD,JBCHEPHARM,JBMA,JETAIRWAYS,JINDALPHOT,JINDALPOLY,JINDALSAW,JINDALSTEL,JISLJALEQS,JKCEMENT,JKTYRE,JPASSOCIAT,JPPOWER,JSWHL,JUBLFOOD,JUBLINGRY,JYOTISTRUC,KAJARIACER,KANSAINER,KARURVYSYA,KARUTURI,KCP,KINETIC,KMSUGAR,KOHINOOR,KOTAKBANK,KPEL,KRISHNA,KRL,KSB,KTKBANK,KUMARS,LAKSHMI,LAOPALA,LGBBROSLTD,LICHSGFIN,LINDEINDIA,LITL,LT,LUPIN,M& M,M&M,MADURA,MAFATIND,MAHABANK,MAHSCOOTER,MAHSEAMLES,MALWA,MARICO,MARUTI,MASTEK,MATRIX,MAXIND,MBLINFRA,MCDOWELL,MCLEODRUSS,MERCATOR,MERCK,MERIND,MFSL,MIRZAINT,MODIXEROX,MOREPENLAB,MOTHERSON,MOTHERSUMI,MPHASIS,MRF,MRPL,MTNL,MUNJALSHOW,NAGARFERT,NAHAR,NAHARPOLY,NAHARSPING,NATCOPHARM,NATIONAL,NATIONALUM,NAVA,NAVNETED,NCC,NDTV,NESTLEIND,NETWORK18,NH,NIRMA,NITCO,NLCINDIA,NMDC,NOIDATOLL,NTPC,OBC,OFSS,OIL,OILCOUNTUB,OLECTRA,OMAXAUTO,OMAXE,ONELIFECAP,ONGC,ONIDA,OSWALAGRO,PATANJALI,PATNI,PATSPIN,PCBL,PDMJEPAPER,PEL,PENTAFOUR,PENTAMEDIA,PERSISTENT,PETRONET,PFIZER,PGHL,PHIL,PHILIPS,PHOENIX,PIDILITIND,PNB,POONAWALLA,PRAJIND,PRAKASH,PREMIERENE,PRESTIGE,PSIDATA,PTC,PUNJABCHEM,PUNJLLOYD,PUNJTRACT,RAASI,RAIN,RAJESHEXPO,RALLIS,RAMCOCEM,RAYMOND,RCF,RCOM,RECKITT,RECLTD,RECRON,REIAGRO,RELCAPITAL,RELIANCE,RELIGARE,RELINFRA,RELMEDIA,RIIL,RKFORGE,ROYAL,RPGTRANS,RPOWER,RPPINFRA,RSWM,RUCHISOYA,SAIL,SALORA,SANGHI,SANOFI,SAREGAMA,SBIN,SCHAEFFLER,SCHENECT,SCI,SCILAL,SESASTERL,SESHAPAPER,SHANTHIGEAR,SHAWWALLA,SHOPERSTOP,SHREECEM,SHRENUJ,SHRIRAMFIN,SHYAMTEL,SIEMENS,SIL,SIMPLEXINF,SKFINDIA,SKSMICRO,SMLISUZU,SONATSOFTW,SOUTHBANK,SPARC,SPLPETRO,SRF,STAR,STATE,STERLITE,STYROLUT,SUNCLAY,SUNDARMFIN,SUNDRMFAST,SUNPHARMA,SUPREMEIND,SUVEN,TAMIL,TATACHEM,TATACOMM,TATACONSUM,TATAELXSI,TATAINVEST,TATAMETAL,TATAMOTORS,TATAPOWER,TATASPONGE,TATASTEEL,TBZ,TCS,TECH,THERMAX,THIRU,THOMASCOOK,TIINDIA,TIMEX,TIMKEN,TINPLATE,TITAN,TODAYS,TORNTPHARM,TORNTPOWER,TRANSPEK,TRENT,TRIDENT,TTKPRESTIG,TVTODAY,UBL,UCALFUEL,UFLEX,ULTRACEMCO,UNICHEMLAB,UNIONBANK,USHAFIN,USHAMART,UTTAM,VARUN,VESUVIUS,VHL,VINDHYATEL,VIRAL,VISHAL,VIVIDHA,VOLTAS,VTL,WELENT,WIDIA,WIMCO,WINDMACH,WINSOME,WIPRO,WOCKPHARMA,WSTCSTPAPR,ZANDU,ZENSARTECH"
2015-09-28,Nifty500,"CAMLINFINE,FLFL,MBEL,INOXWIND,KRBL,METALYST,RICOAUTO,WSI,SITINET,SPLPETRO,SYMPHONY,SJLOGISTIC,WSI,ORIENTCEM,ADANIPOWER,ADLABS","CGPOWER,ANSALAPI,BGRENERGY,GAMMON,GUJNRECOKE,HINDOILEXP,HOTEL,MAXIND,WSI,JGCHEM,KPEL,JGCHEM,RAMCOIND,MKPL,RTNPOWER,WSI","3MINDIA,63MOONS,AARTIIND,ABANOFFSH,ABB,ABBOTINDIA,ABREL,ACC,ADANIENT,ADANIPOWER,ADLABS,AGCNETWO,AIAENG,AKZOINDIA,ALLCARGO,ALSTOMT&D,ALTOS,AMBALAL,AMBUJACEM,AMTEK,ANDHRAVALY,APARINDS,APOLLOHOSP,APOLLOTYRE,APPAPER,APPLE,APTECHT,ARVIND,ASAHIINDIA,ASHOKLEY,ASIANPAINT,ASTRAZENCA,ATUL,ATULAUTO,AVERY,AXISBANK,BAJAJ,BAJAJ-AUTO,BAJAJHIND,BAJAJHLDNG,BAJFINANCE,BALAJI,BALMLAWRIE,BALRAMCHIN,BANKBARODA,BANKINDIA,BASF,BATAINDIA,BBTC,BEL,BEML,BERGEPAINT,BFUTILITIE,BHARATFORG,BHARTIARTL,BHEL,BHUSHANSTL,BI,BIOCON,BIRLACORPN,BIRLAMONEY,BLOWPLAST,BLUEDART,BLUESTARCO,BOMDYEING,BOSCH-HCIL,BOSCHLTD,BPCL,BRABOURNE,BRFL,BRIGADE,BRITANNIA,BSOFT,CABLE,CADBURY,CAIRN,CAMLINFINE,CANBK,CANFINHOME,CAPRIHANS,CASTROLIND,CCL,CEATLTD,CENTENKA,CENTRALBK,CENTURYTEX,CESC,CHAMBLFERT,CHEMINOR,CHEMPLASTS,CHENNPETRO,CHETTINAD,CHOLAFIN,CHOLAHLDNG,CIPLA,CMC,COALINDIA,COFORGE,COLPAL,CONCOR,CONSOFINVT,COROMANDEL,CRISIL,CUB,CUMMINSIND,CYBERTECH,DABUR,DAEWOO,DBCORP,DCAL,DCLPOLYE,DCW,DEEPAKFERT,DEN,DHAMPURSUG,DHANBANK,DHANLAXMI,DHFL,DICIND,DIGJAMLMTD,DLF,DRREDDY,DSQSOFTW,DYNAMATECH,ECLERX,EICHERMOT,EIDPARRY,EIHOTEL,ELCIDIN,ELECON,ELECTCAST,ELECTREX,ELGIEQUIP,ELGIRUBCO,ENERGY,ENGINERSIN,ESABINDIA,ESCORTS,ESSAR,EXCELINDUS,EXIDEIND,FACT,FAGBEARI,FDC,FEDERALBNK,FINCABLES,FLFL,FLUOROCHEM,FMGOETZE,FORBES,FORTIS,FOSECOIND,FULFORD,GABRIEL,GAEL,GAIL,GANESHBE,GARDEN,GEOJITFSL,GESHIP,GHCL,GILLETTE,GKNDRIVE,GLAXO,GLENMARK,GLFL,GMDCLTD,GNFC,GODFRYPHLP,GODREJCP,GODREJIND,GOKEX,GOLDENTOBC,GOODRICKE,GOODYEAR,GPPL,GRAPHITE,GRASIM,GREAVESCOT,GRINDWELL,GRUH,GSFC,GSKCONS,GSPL,GTL,GUJALKALI,GVT&D,HARRMALAYA,HAVELLS,HCC,HCL-INSYS,HCLTECH,HDFC,HDFCBANK,HEALTHCARE,HEG,HEIDELBERG,HERBERTS,HERITGFOOD,HEROMOTOCO,HEXT,HIMACHAL,HIMATSEIDE,HINDALCO,HINDCOPPER,HINDPETRO,HINDSYNTEX,HINDUJA,HINDUNILVR,HINDUSTAN,HINDZINC,HMT,HOGANAS,HONAUT,HTMEDIA,HUBTOWN,IBREALEST,IBULLSLTD,ICICIBANK,IDBI,IFBIND,IFCI,IGL,IL&FSTRANS,INDHOTEL,INDIACEM,INDIAGLYCO,INDIANB,INDUSINDBK,INDUSTOWER,INFY,INGERRAND,INOXWIND,INSILCO,INTERNAT,IOB,IOC,IONEXCHANG,IPCALAB,IPRINGS,ISMT,ISPAT,ITC,ITI,ITWSIGNO,JAGRAN,JAICORPLTD,JBCHEPHARM,JBMA,JETAIRWAYS,JINDALPHOT,JINDALPOLY,JINDALSAW,JINDALSTEL,JISLJALEQS,JKCEMENT,JKTYRE,JPASSOCIAT,JPPOWER,JUBLFOOD,JUBLINGRY,JYOTISTRUC,KAJARIACER,KANSAINER,KARURVYSYA,KARUTURI,KCP,KINETIC,KMSUGAR,KOHINOOR,KOTAKBANK,KRBL,KRISHNA,KRL,KSB,KTKBANK,KUMARS,LAKSHMI,LAOPALA,LICHSGFIN,LINDEINDIA,LITL,LT,LUPIN,M& M,M&M,MADURA,MAFATIND,MAHABANK,MAHSCOOTER,MAHSEAMLES,MALWA,MARICO,MARUTI,MASTEK,MATRIX,MBEL,MBLINFRA,MCDOWELL,MCLEODRUSS,MERCATOR,MERCK,MERIND,METALYST,MFSL,MIRZAINT,MODIXEROX,MOREPENLAB,MOTHERSON,MOTHERSUMI,MPHASIS,MRF,MRPL,MTNL,MUNJALSHOW,NAGARFERT,NAHAR,NAHARPOLY,NAHARSPING,NATCOPHARM,NATIONAL,NATIONALUM,NAVA,NAVNETED,NCC,NDTV,NESTLEIND,NETWORK18,NH,NIRMA,NITCO,NLCINDIA,NMDC,NOIDATOLL,NTPC,OBC,OFSS,OIL,OILCOUNTUB,OLECTRA,OMAXAUTO,OMAXE,ONELIFECAP,ONGC,ONIDA,ORIENTCEM,OSWALAGRO,PATANJALI,PATNI,PATSPIN,PCBL,PDMJEPAPER,PEL,PENTAFOUR,PENTAMEDIA,PERSISTENT,PETRONET,PFIZER,PGHL,PHIL,PHILIPS,PHOENIX,PIDILITIND,PNB,POONAWALLA,PRAJIND,PRAKASH,PREMIERENE,PRESTIGE,PSIDATA,PTC,PUNJABCHEM,PUNJLLOYD,PUNJTRACT,RAASI,RAIN,RAJESHEXPO,RALLIS,RAMCOCEM,RAYMOND,RCF,RCOM,RECKITT,RECLTD,RECRON,REIAGRO,RELCAPITAL,RELIANCE,RELIGARE,RELINFRA,RELMEDIA,RICOAUTO,RIIL,RKFORGE,ROYAL,RPGTRANS,RPOWER,RPPINFRA,RSWM,RUCHISOYA,SAIL,SANGHI,SANOFI,SAREGAMA,SBIN,SCHAEFFLER,SCHENECT,SCI,SCILAL,SESASTERL,SESHAPAPER,SHANTHIGEAR,SHAWWALLA,SHOPERSTOP,SHREECEM,SHRENUJ,SHRIRAMFIN,SHYAMTEL,SIEMENS,SIL,SIMPLEXINF,SITINET,SKFINDIA,SKSMICRO,SMLISUZU,SONATSOFTW,SOUTHBANK,SPARC,SPLPETRO,SRF,STAR,STATE,STERLITE,STYROLUT,SUNCLAY,SUNDARMFIN,SUNDRMFAST,SUNPHARMA,SUPREMEIND,SUVEN,SYMPHONY,TAMIL,TATACHEM,TATACOMM,TATACONSUM,TATAELXSI,TATAINVEST,TATAMETAL,TATAMOTORS,TATAPOWER,TATASPONGE,TATASTEEL,TBZ,TCS,TECH,THERMAX,THIRU,THOMASCOOK,TIINDIA,TIMEX,TIMKEN,TINPLATE,TITAN,TODAYS,TORNTPHARM,TORNTPOWER,TRANSPEK,TRENT,TRIDENT,TTKPRESTIG,TVTODAY,UBL,UCALFUEL,UFLEX,ULTRACEMCO,UNICHEMLAB,UNIONBANK,USHAFIN,USHAMART,UTTAM,VARUN,VESUVIUS,VHL,VINDHYATEL,VIRAL,VISHAL,VIVIDHA,VOLTAS,VTL,WELENT,WIDIA,WIMCO,WINDMACH,WINSOME,WIPRO,WOCKPHARMA,WSI,WSTCSTPAPR,ZANDU,ZENSARTECH"
2015-12-14,Nifty500,"ARVIND,GAYAPROJ","SDREAMS,WSI","3MINDIA,63MOONS,AARTIIND,ABANOFFSH,ABB,ABBOTINDIA,ABREL,ACC,ADANIENT,ADANIPOWER,ADLABS,AGCNETWO,AIAENG,AKZOINDIA,ALLCARGO,ALSTOMT&D,ALTOS,AMBALAL,AMBUJACEM,AMTEK,ANDHRAVALY,APARINDS,APOLLOHOSP,APOLLOTYRE,APPAPER,APPLE,APTECHT,ARVIND,ASAHIINDIA,ASHOKLEY,ASIANPAINT,ASTRAZENCA,ATUL,ATULAUTO,AVERY,AXISBANK,BAJAJ,BAJAJ-AUTO,BAJAJHIND,BAJAJHLDNG,BAJFINANCE,BALAJI,BALMLAWRIE,BALRAMCHIN,BANKBARODA,BANKINDIA,BASF,BATAINDIA,BBTC,BEL,BEML,BERGEPAINT,BFUTILITIE,BHARATFORG,BHARTIARTL,BHEL,BHUSHANSTL,BI,BIOCON,BIRLACORPN,BIRLAMONEY,BLOWPLAST,BLUEDART,BLUESTARCO,BOMDYEING,BOSCH-HCIL,BOSCHLTD,BPCL,BRABOURNE,BRFL,BRIGADE,BRITANNIA,BSOFT,CABLE,CADBURY,CAIRN,CAMLINFINE,CANBK,CANFINHOME,CAPRIHANS,CASTROLIND,CCL,CEATLTD,CENTENKA,CENTRALBK,CENTURYTEX,CESC,CHAMBLFERT,CHEMINOR,CHEMPLASTS,CHENNPETRO,CHETTINAD,CHOLAFIN,CHOLAHLDNG,CIPLA,CMC,COALINDIA,COFORGE,COLPAL,CONCOR,CONSOFINVT,COROMANDEL,CRISIL,CUB,CUMMINSIND,CYBERTECH,DABUR,DAEWOO,DBCORP,DCAL,DCLPOLYE,DCW,DEEPAKFERT,DEN,DHAMPURSUG,DHANBANK,DHANLAXMI,DHFL,DICIND,DIGJAMLMTD,DLF,DRREDDY,DSQSOFTW,DYNAMATECH,ECLERX,EICHERMOT,EIDPARRY,EIHOTEL,ELCIDIN,ELECON,ELECTCAST,ELECTREX,ELGIEQUIP,ELGIRUBCO,ENERGY,ENGINERSIN,ESABINDIA,ESCORTS,ESSAR,EXCELINDUS,EXIDEIND,FACT,FAGBEARI,FDC,FEDERALBNK,FINCABLES,FLFL,FLUOROCHEM,FMGOETZE,FORBES,FORTIS,FOSECOIND,FULFORD,GABRIEL,GAEL,GAIL,GANESHBE,GARDEN,GAYAPROJ,GEOJITFSL,GESHIP,GHCL,GILLETTE,GKNDRIVE,GLAXO,GLENMARK,GLFL,GMDCLTD,GNFC,GODFRYPHLP,GODREJCP,GODREJIND,GOKEX,GOLDENTOBC,GOODRICKE,GOODYEAR,GPPL,GRAPHITE,GRASIM,GREAVESCOT,GRINDWELL,GRUH,GSFC,GSKCONS,GSPL,GTL,GUJALKALI,GVT&D,HARRMALAYA,HAVELLS,HCC,HCL-INSYS,HCLTECH,HDFC,HDFCBANK,HEALTHCARE,HEG,HEIDELBERG,HERBERTS,HERITGFOOD,HEROMOTOCO,HEXT,HIMACHAL,HIMATSEIDE,HINDALCO,HINDCOPPER,HINDPETRO,HINDSYNTEX,HINDUJA,HINDUNILVR,HINDUSTAN,HINDZINC,HMT,HOGANAS,HONAUT,HTMEDIA,HUBTOWN,IBREALEST,IBULLSLTD,ICICIBANK,IDBI,IFBIND,IFCI,IGL,IL&FSTRANS,INDHOTEL,INDIACEM,INDIAGLYCO,INDIANB,INDUSINDBK,INDUSTOWER,INFY,INGERRAND,INOXWIND,INSILCO,INTERNAT,IOB,IOC,IONEXCHANG,IPCALAB,IPRINGS,ISMT,ISPAT,ITC,ITI,ITWSIGNO,JAGRAN,JAICORPLTD,JBCHEPHARM,JBMA,JETAIRWAYS,JINDALPHOT,JINDALPOLY,JINDALSAW,JINDALSTEL,JISLJALEQS,JKCEMENT,JKTYRE,JPASSOCIAT,JPPOWER,JUBLFOOD,JUBLINGRY,JYOTISTRUC,KAJARIACER,KANSAINER,KARURVYSYA,KARUTURI,KCP,KINETIC,KMSUGAR,KOHINOOR,KOTAKBANK,KRBL,KRISHNA,KRL,KSB,KTKBANK,KUMARS,LAKSHMI,LAOPALA,LICHSGFIN,LINDEINDIA,LITL,LT,LUPIN,M& M,M&M,MADURA,MAFATIND,MAHABANK,MAHSCOOTER,MAHSEAMLES,MALWA,MARICO,MARUTI,MASTEK,MATRIX,MBEL,MBLINFRA,MCDOWELL,MCLEODRUSS,MERCATOR,MERCK,MERIND,METALYST,MFSL,MIRZAINT,MODIXEROX,MOREPENLAB,MOTHERSON,MOTHERSUMI,MPHASIS,MRF,MRPL,MTNL,MUNJALSHOW,NAGARFERT,NAHAR,NAHARPOLY,NAHARSPING,NATCOPHARM,NATIONAL,NATIONALUM,NAVA,NAVNETED,NCC,NDTV,NESTLEIND,NETWORK18,NH,NIRMA,NITCO,NLCINDIA,NMDC,NOIDATOLL,NTPC,OBC,OFSS,OIL,OILCOUNTUB,OLECTRA,OMAXAUTO,OMAXE,ONELIFECAP,ONGC,ONIDA,ORIENTCEM,OSWALAGRO,PATANJALI,PATNI,PATSPIN,PCBL,PDMJEPAPER,PEL,PENTAFOUR,PENTAMEDIA,PERSISTENT,PETRONET,PFIZER,PGHL,PHIL,PHILIPS,PHOENIX,PIDILITIND,PNB,POONAWALLA,PRAJIND,PRAKASH,PREMIERENE,PRESTIGE,PSIDATA,PTC,PUNJABCHEM,PUNJLLOYD,PUNJTRACT,RAASI,RAIN,RAJESHEXPO,RALLIS,RAMCOCEM,RAYMOND,RCF,RCOM,RECKITT,RECLTD,RECRON,REIAGRO,RELCAPITAL,RELIANCE,RELIGARE,RELINFRA,RELMEDIA,RICOAUTO,RIIL,RKFORGE,ROYAL,RPGTRANS,RPOWER,RPPINFRA,RSWM,RUCHISOYA,SAIL,SANGHI,SANOFI,SAREGAMA,SBIN,SCHAEFFLER,SCHENECT,SCI,SCILAL,SESASTERL,SESHAPAPER,SHANTHIGEAR,SHAWWALLA,SHOPERSTOP,SHREECEM,SHRENUJ,SHRIRAMFIN,SHYAMTEL,SIEMENS,SIL,SIMPLEXINF,SITINET,SKFINDIA,SKSMICRO,SMLISUZU,SONATSOFTW,SOUTHBANK,SPARC,SPLPETRO,SRF,STAR,STATE,STERLITE,STYROLUT,SUNCLAY,SUNDARMFIN,SUNDRMFAST,SUNPHARMA,SUPREMEIND,SUVEN,SYMPHONY,TAMIL,TATACHEM,TATACOMM,TATACONSUM,TATAELXSI,TATAINVEST,TATAMETAL,TATAMOTORS,TATAPOWER,TATASPONGE,TATASTEEL,TBZ,TCS,TECH,THERMAX,THIRU,THOMASCOOK,TIINDIA,TIMEX,TIMKEN,TINPLATE,TITAN,TODAYS,TORNTPHARM,TORNTPOWER,TRANSPEK,TRENT,TRIDENT,TTKPRESTIG,TVTODAY,UBL,UCALFUEL,UFLEX,ULTRACEMCO,UNICHEMLAB,UNIONBANK,USHAFIN,USHAMART,UTTAM,VARUN,VESUVIUS,VHL,VINDHYATEL,VIRAL,VISHAL,VIVIDHA,VOLTAS,VTL,WELENT,WIDIA,WIMCO,WINDMACH,WINSOME,WIPRO,WOCKPHARMA,WSTCSTPAPR,ZANDU,ZENSARTECH"
2016-01-18,Nifty500,SCHNEIDER,STERLITE,"3MINDIA,63MOONS,AARTIIND,ABANOFFSH,ABB,ABBOTINDIA,ABREL,ACC,ADANIENT,ADANIPOWER,ADLABS,AGCNETWO,AIAENG,AKZOINDIA,ALLCARGO,ALSTOMT&D,ALTOS,AMBALAL,AMBUJACEM,AMTEK,ANDHRAVALY,APARINDS,APOLLOHOSP,APOLLOTYRE,APPAPER,APPLE,APTECHT,ARVIND,ASAHIINDIA,ASHOKLEY,ASIANPAINT,ASTRAZENCA,ATUL,ATULAUTO,AVERY,AXISBANK,BAJAJ,BAJAJ-AUTO,BAJAJHIND,BAJAJHLDNG,BAJFINANCE,BALAJI,BALMLAWRIE,BALRAMCHIN,BANKBARODA,BANKINDIA,BASF,BATAINDIA,BBTC,BEL,BEML,BERGEPAINT,BFUTILITIE,BHARATFORG,BHARTIARTL,BHEL,BHUSHANSTL,BI,BIOCON,BIRLACORPN,BIRLAMONEY,BLOWPLAST,BLUEDART,BLUESTARCO,BOMDYEING,BOSCH-HCIL,BOSCHLTD,BPCL,BRABOURNE,BRFL,BRIGADE,BRITANNIA,BSOFT,CABLE,CADBURY,CAIRN,CAMLINFINE,CANBK,CANFINHOME,CAPRIHANS,CASTROLIND,CCL,CEATLTD,CENTENKA,CENTRALBK,CENTURYTEX,CESC,CHAMBLFERT,CHEMINOR,CHEMPLASTS,CHENNPETRO,CHETTINAD,CHOLAFIN,CHOLAHLDNG,CIPLA,CMC,COALINDIA,COFORGE,COLPAL,CONCOR,CONSOFINVT,COROMANDEL,CRISIL,CUB,CUMMINSIND,CYBERTECH,DABUR,DAEWOO,DBCORP,DCAL,DCLPOLYE,DCW,DEEPAKFERT,DEN,DHAMPURSUG,DHANBANK,DHANLAXMI,DHFL,DICIND,DIGJAMLMTD,DLF,DRREDDY,DSQSOFTW,DYNAMATECH,ECLERX,EICHERMOT,EIDPARRY,EIHOTEL,ELCIDIN,ELECON,ELECTCAST,ELECTREX,ELGIEQUIP,ELGIRUBCO,ENERGY,ENGINERSIN,ESABINDIA,ESCORTS,ESSAR,EXCELINDUS,EXIDEIND,FACT,FAGBEARI,FDC,FEDERALBNK,FINCABLES,FLFL,FLUOROCHEM,FMGOETZE,FORBES,FORTIS,FOSECOIND,FULFORD,GABRIEL,GAEL,GAIL,GANESHBE,GARDEN,GAYAPROJ,GEOJITFSL,GESHIP,GHCL,GILLETTE,GKNDRIVE,GLAXO,GLENMARK,GLFL,GMDCLTD,GNFC,GODFRYPHLP,GODREJCP,GODREJIND,GOKEX,GOLDENTOBC,GOODRICKE,GOODYEAR,GPPL,GRAPHITE,GRASIM,GREAVESCOT,GRINDWELL,GRUH,GSFC,GSKCONS,GSPL,GTL,GUJALKALI,GVT&D,HARRMALAYA,HAVELLS,HCC,HCL-INSYS,HCLTECH,HDFC,HDFCBANK,HEALTHCARE,HEG,HEIDELBERG,HERBERTS,HERITGFOOD,HEROMOTOCO,HEXT,HIMACHAL,HIMATSEIDE,HINDALCO,HINDCOPPER,HINDPETRO,HINDSYNTEX,HINDUJA,HINDUNILVR,HINDUSTAN,HINDZINC,HMT,HOGANAS,HONAUT,HTMEDIA,HUBTOWN,IBREALEST,IBULLSLTD,ICICIBANK,IDBI,IFBIND,IFCI,IGL,IL&FSTRANS,INDHOTEL,INDIACEM,INDIAGLYCO,INDIANB,INDUSINDBK,INDUSTOWER,INFY,INGERRAND,INOXWIND,INSILCO,INTERNAT,IOB,IOC,IONEXCHANG,IPCALAB,IPRINGS,ISMT,ISPAT,ITC,ITI,ITWSIGNO,JAGRAN,JAICORPLTD,JBCHEPHARM,JBMA,JETAIRWAYS,JINDALPHOT,JINDALPOLY,JINDALSAW,JINDALSTEL,JISLJALEQS,JKCEMENT,JKTYRE,JPASSOCIAT,JPPOWER,JUBLFOOD,JUBLINGRY,JYOTISTRUC,KAJARIACER,KANSAINER,KARURVYSYA,KARUTURI,KCP,KINETIC,KMSUGAR,KOHINOOR,KOTAKBANK,KRBL,KRISHNA,KRL,KSB,KTKBANK,KUMARS,LAKSHMI,LAOPALA,LICHSGFIN,LINDEINDIA,LITL,LT,LUPIN,M& M,M&M,MADURA,MAFATIND,MAHABANK,MAHSCOOTER,MAHSEAMLES,MALWA,MARICO,MARUTI,MASTEK,MATRIX,MBEL,MBLINFRA,MCDOWELL,MCLEODRUSS,MERCATOR,MERCK,MERIND,METALYST,MFSL,MIRZAINT,MODIXEROX,MOREPENLAB,MOTHERSON,MOTHERSUMI,MPHASIS,MRF,MRPL,MTNL,MUNJALSHOW,NAGARFERT,NAHAR,NAHARPOLY,NAHARSPING,NATCOPHARM,NATIONAL,NATIONALUM,NAVA,NAVNETED,NCC,NDTV,NESTLEIND,NETWORK18,NH,NIRMA,NITCO,NLCINDIA,NMDC,NOIDATOLL,NTPC,OBC,OFSS,OIL,OILCOUNTUB,OLECTRA,OMAXAUTO,OMAXE,ONELIFECAP,ONGC,ONIDA,ORIENTCEM,OSWALAGRO,PATANJALI,PATNI,PATSPIN,PCBL,PDMJEPAPER,PEL,PENTAFOUR,PENTAMEDIA,PERSISTENT,PETRONET,PFIZER,PGHL,PHIL,PHILIPS,PHOENIX,PIDILITIND,PNB,POONAWALLA,PRAJIND,PRAKASH,PREMIERENE,PRESTIGE,PSIDATA,PTC,PUNJABCHEM,PUNJLLOYD,PUNJTRACT,RAASI,RAIN,RAJESHEXPO,RALLIS,RAMCOCEM,RAYMOND,RCF,RCOM,RECKITT,RECLTD,RECRON,REIAGRO,RELCAPITAL,RELIANCE,RELIGARE,RELINFRA,RELMEDIA,RICOAUTO,RIIL,RKFORGE,ROYAL,RPGTRANS,RPOWER,RPPINFRA,RSWM,RUCHISOYA,SAIL,SANGHI,SANOFI,SAREGAMA,SBIN,SCHAEFFLER,SCHENECT,SCHNEIDER,SCI,SCILAL,SESASTERL,SESHAPAPER,SHANTHIGEAR,SHAWWALLA,SHOPERSTOP,SHREECEM,SHRENUJ,SHRIRAMFIN,SHYAMTEL,SIEMENS,SIL,SIMPLEXINF,SITINET,SKFINDIA,SKSMICRO,SMLISUZU,SONATSOFTW,SOUTHBANK,SPARC,SPLPETRO,SRF,STAR,STATE,STYROLUT,SUNCLAY,SUNDARMFIN,SUNDRMFAST,SUNPHARMA,SUPREMEIND,SUVEN,SYMPHONY,TAMIL,TATACHEM,TATACOMM,TATACONSUM,TATAELXSI,TATAINVEST,TATAMETAL,TATAMOTORS,TATAPOWER,TATASPONGE,TATASTEEL,TBZ,TCS,TECH,THERMAX,THIRU,THOMASCOOK,TIINDIA,TIMEX,TIMKEN,TINPLATE,TITAN,TODAYS,TORNTPHARM,TORNTPOWER,TRANSPEK,TRENT,TRIDENT,TTKPRESTIG,TVTODAY,UBL,UCALFUEL,UFLEX,ULTRACEMCO,UNICHEMLAB,UNIONBANK,USHAFIN,USHAMART,UTTAM,VARUN,VESUVIUS,VHL,VINDHYATEL,VIRAL,VISHAL,VIVIDHA,VOLTAS,VTL,WELENT,WIDIA,WIMCO,WINDMACH,WINSOME,WIPRO,WOCKPHARMA,WSTCSTPAPR,ZANDU,ZENSARTECH"
2016-04-01,Nifty500,"GRINDWELL,GUJGASLTD,HEIDELBERG,HMVL,HITACHI,HMT,HOTEL,WSI,IGARASHI,ICIL,INDOCO,INTELLECT,INTERNAT,JETAIRWAYS,JINDALPOLY,IDFCFIRSTB,GREENPLY,GLOBAL,DISHTV,JMTAUTO,ADANIENSOL,BIRLACORPN,AEGISLOG,AHLUCONT,ASHIANA,AVANTIFEED,BGRENERGY,BLISSGVS,BRFL,CAPLIN,CCL,CERA,DALMIASUG,DHANUKA,GRANULES,WSI,SOLARINDS,KPL,STATE,STYROLUT,SYNGENE,TAKE,TMCV,TTML,TEXRAIL,OIL,TIMKEN,TCI,TRITURBINE,TVSSRICHAK,WSI,WONDERLA,ZEELEARN,SOMANYCERA,ADANIENT,SNOWMAN,SMLISUZU,MTNL,M&M,LTF,MANPASAND,UNOMINDA,NAVKARCORP,PCJEWELLER,OIL,POLARIS,RKFORGE,RTNPOWER,RELAXO,SADBHAV,SHARDACROP,SHILPAMED,SJVN,RAMCOSYS,AARTIDRUGS,8KMILES","USHAMART,WHEELS,GTL,GUJALKALI,WSI,OIL,HEG,HERITGFOOD,MBEL,IBVENTURES,ITDCEMEN,IVRCLINFRA,JYOTISTRUC,KCP,KKCL,KNRCON,KSB,GRAPHITE,GITANJALI,GHCL,GEOMETRIC,ADLABS,ZTECH,ASAHIINDIA,AUTOAXLES,CAMLINFINE,AGUL,LGBBROSLTD,CENTENKA,ENTERTAI,ESABINDIA,FMGOETZE,FLEXITUFF,GABRIEL,RPPINFRA,GEOJITFSL,DHANLAXMI,LINDEINDIA,JGCHEM,MAHSEAMLES,DHUNINV,SHANTHIGEAR,SHRENUJ,SONACOMS,SPLPETRO,SBIN,SUPREMEINF,SPLPETRO,SWARAJENG,TATAINVEST,TDPOWERSYS,MAHSCOOTER,UTTAM,VESUVIUS,VIVIDHA,RICOAUTO,RELIGARE,TVTODAY,PENNARIND,MBLINFRA,PRAKASH,METALYST,MTEDUCARE,MUNJALSHOW,NAVA,NAVNETED,NDTV,MERCATOR,NOCIL,NOIDATOLL,OPTOCIRCUI,PENINLAND,PATELENG,JGCHEM,NIIT","3MINDIA,63MOONS,8KMILES,AARTIIND,ABANOFFSH,ABB,ABBOTINDIA,ABREL,ACC,ADANIENSOL,ADANIENT,ADANIPOWER,AEGISLOG,AGCNETWO,AIAENG,AKZOINDIA,ALLCARGO,ALSTOMT&D,ALTOS,AMBALAL,AMBUJACEM,AMTEK,ANDHRAVALY,APARINDS,APOLLOHOSP,APOLLOTYRE,APPAPER,APPLE,APTECHT,ARVIND,ASHIANA,ASHOKLEY,ASIANPAINT,ASTRAZENCA,ATUL,ATULAUTO,AVANTIFEED,AVERY,AXISBANK,BAJAJ,BAJAJ-AUTO,BAJAJHIND,BAJAJHLDNG,BAJFINANCE,BALAJI,BALMLAWRIE,BALRAMCHIN,BANKBARODA,BANKINDIA,BASF,BATAINDIA,BBTC,BEL,BEML,BERGEPAINT,BFUTILITIE,BGRENERGY,BHARATFORG,BHARTIARTL,BHEL,BHUSHANSTL,BI,BIOCON,BIRLACORPN,BIRLAMONEY,BLISSGVS,BLOWPLAST,BLUEDART,BLUESTARCO,BOMDYEING,BOSCH-HCIL,BOSCHLTD,BPCL,BRABOURNE,BRFL,BRIGADE,BRITANNIA,BSOFT,CABLE,CADBURY,CAIRN,CANBK,CANFINHOME,CAPLIN,CAPRIHANS,CASTROLIND,CCL,CEATLTD,CENTRALBK,CENTURYTEX,CERA,CESC,CHAMBLFERT,CHEMINOR,CHEMPLASTS,CHENNPETRO,CHETTINAD,CHOLAFIN,CHOLAHLDNG,CIPLA,CMC,COALINDIA,COFORGE,COLPAL,CONCOR,CONSOFINVT,COROMANDEL,CRISIL,CUB,CUMMINSIND,CYBERTECH,DABUR,DAEWOO,DALMIASUG,DBCORP,DCAL,DCLPOLYE,DCW,DEEPAKFERT,DEN,DHAMPURSUG,DHANBANK,DHFL,DICIND,DIGJAMLMTD,DISHTV,DLF,DRREDDY,DSQSOFTW,DYNAMATECH,ECLERX,EICHERMOT,EIDPARRY,EIHOTEL,ELECON,ELECTREX,ELGIEQUIP,ELGIRUBCO,ENERGY,ENGINERSIN,ESCORTS,ESSAR,EXCELINDUS,EXIDEIND,FACT,FAGBEARI,FDC,FEDERALBNK,FINCABLES,FLFL,FLUOROCHEM,FORBES,FORTIS,FOSECOIND,FULFORD,GAEL,GAIL,GANESHBE,GARDEN,GAYAPROJ,GESHIP,GILLETTE,GKNDRIVE,GLAXO,GLENMARK,GLFL,GLOBAL,GMDCLTD,GNFC,GODFRYPHLP,GODREJCP,GODREJIND,GOKEX,GOLDENTOBC,GOODRICKE,GOODYEAR,GPPL,GRANULES,GRASIM,GREAVESCOT,GRINDWELL,GRUH,GSFC,GSKCONS,GSPL,GUJGASLTD,GVT&D,HARRMALAYA,HAVELLS,HCC,HCL-INSYS,HCLTECH,HDFC,HDFCBANK,HEALTHCARE,HEIDELBERG,HERBERTS,HEROMOTOCO,HEXT,HIMACHAL,HIMATSEIDE,HINDALCO,HINDCOPPER,HINDPETRO,HINDSYNTEX,HINDUJA,HINDUNILVR,HINDUSTAN,HINDZINC,HITACHI,HMT,HMVL,HOGANAS,HONAUT,HOTEL,HUBTOWN,IBREALEST,IBULLSLTD,ICICIBANK,ICIL,IDBI,IDFCFIRSTB,IFBIND,IFCI,IGARASHI,IGL,IL&FSTRANS,INDHOTEL,INDIACEM,INDIAGLYCO,INDIANB,INDOCO,INDUSINDBK,INDUSTOWER,INFY,INGERRAND,INOXWIND,INSILCO,INTELLECT,INTERNAT,IOB,IOC,IONEXCHANG,IPCALAB,IPRINGS,ISMT,ISPAT,ITC,ITI,ITWSIGNO,JAGRAN,JAICORPLTD,JBCHEPHARM,JBMA,JETAIRWAYS,JINDALPHOT,JINDALPOLY,JINDALSAW,JINDALSTEL,JISLJALEQS,JKCEMENT,JKTYRE,JMTAUTO,JPASSOCIAT,JPPOWER,JUBLFOOD,JUBLINGRY,KAJARIACER,KANSAINER,KARURVYSYA,KARUTURI,KINETIC,KMSUGAR,KOHINOOR,KOTAKBANK,KPL,KRBL,KRISHNA,KRL,KTKBANK,KUMARS,LAKSHMI,LAOPALA,LICHSGFIN,LITL,LT,LTF,LUPIN,M& M,M&M,MADURA,MAFATIND,MAHABANK,MALWA,MANPASAND,MARICO,MARUTI,MASTEK,MATRIX,MCDOWELL,MCLEODRUSS,MERCK,MERIND,MFSL,MIRZAINT,MODIXEROX,MOREPENLAB,MOTHERSON,MOTHERSUMI,MPHASIS,MRF,MRPL,MTNL,NAGARFERT,NAHAR,NAHARPOLY,NAHARSPING,NATCOPHARM,NATIONAL,NATIONALUM,NAVKARCORP,NCC,NESTLEIND,NETWORK18,NH,NIRMA,NITCO,NLCINDIA,NMDC,NTPC,OBC,OFSS,OIL,OILCOUNTUB,OLECTRA,OMAXAUTO,OMAXE,ONELIFECAP,ONGC,ONIDA,ORIENTCEM,OSWALAGRO,PATANJALI,PATNI,PATSPIN,PCBL,PCJEWELLER,PDMJEPAPER,PEL,PENTAFOUR,PENTAMEDIA,PERSISTENT,PETRONET,PFIZER,PGHL,PHIL,PHILIPS,PHOENIX,PIDILITIND,PNB,POLARIS,POONAWALLA,PRAJIND,PREMIERENE,PRESTIGE,PSIDATA,PTC,PUNJABCHEM,PUNJLLOYD,PUNJTRACT,RAASI,RAIN,RAJESHEXPO,RALLIS,RAMCOCEM,RAMCOSYS,RAYMOND,RCF,RCOM,RECKITT,RECLTD,RECRON,REIAGRO,RELAXO,RELCAPITAL,RELIANCE,RELINFRA,RELMEDIA,RKFORGE,ROYAL,RPGTRANS,RPOWER,RSWM,RTNPOWER,SADBHAV,SAIL,SANGHI,SANOFI,SAREGAMA,SCHAEFFLER,SCHENECT,SCHNEIDER,SCI,SCILAL,SESASTERL,SESHAPAPER,SHARDACROP,SHAWWALLA,SHILPAMED,SHOPERSTOP,SHREECEM,SHRIRAMFIN,SHYAMTEL,SIEMENS,SIL,SIMPLEXINF,SITINET,SJVN,SKFINDIA,SKSMICRO,SMLISUZU,SNOWMAN,SOLARINDS,SOMANYCERA,SONATSOFTW,SOUTHBANK,SPARC,SRF,STAR,STATE,STYROLUT,SUNCLAY,SUNDARMFIN,SUNDRMFAST,SUNPHARMA,SUPREMEIND,SUVEN,SYMPHONY,SYNGENE,TAKE,TAMIL,TATACHEM,TATACOMM,TATACONSUM,TATAELXSI,TATAMETAL,TATAMOTORS,TATAPOWER,TATASPONGE,TATASTEEL,TBZ,TCI,TCS,TECH,TEXRAIL,THERMAX,THIRU,THOMASCOOK,TIINDIA,TIMEX,TIMKEN,TITAN,TMCV,TODAYS,TORNTPHARM,TORNTPOWER,TRANSPEK,TRENT,TRIDENT,TRITURBINE,TTKPRESTIG,TTML,TVSSRICHAK,UBL,UCALFUEL,UFLEX,ULTRACEMCO,UNICHEMLAB,UNIONBANK,UNOMINDA,USHAFIN,VARUN,VHL,VIRAL,VISHAL,VOLTAS,VTL,WELENT,WIDIA,WIMCO,WINDMACH,WINSOME,WIPRO,WOCKPHARMA,WONDERLA,WSI,WSTCSTPAPR,ZANDU,ZEELEARN,ZENSARTECH"
2016-04-29,Nifty500,"TVTODAY,OIL,SHK","JINDALSAW,ADVANTA,TCI","3MINDIA,63MOONS,8KMILES,AARTIIND,ABANOFFSH,ABB,ABBOTINDIA,ABREL,ACC,ADANIENSOL,ADANIENT,ADANIPOWER,AEGISLOG,AGCNETWO,AIAENG,AKZOINDIA,ALLCARGO,ALSTOMT&D,ALTOS,AMBALAL,AMBUJACEM,AMTEK,ANDHRAVALY,APARINDS,APOLLOHOSP,APOLLOTYRE,APPAPER,APPLE,APTECHT,ARVIND,ASHIANA,ASHOKLEY,ASIANPAINT,ASTRAZENCA,ATUL,ATULAUTO,AVANTIFEED,AVERY,AXISBANK,BAJAJ,BAJAJ-AUTO,BAJAJHIND,BAJAJHLDNG,BAJFINANCE,BALAJI,BALMLAWRIE,BALRAMCHIN,BANKBARODA,BANKINDIA,BASF,BATAINDIA,BBTC,BEL,BEML,BERGEPAINT,BFUTILITIE,BGRENERGY,BHARATFORG,BHARTIARTL,BHEL,BHUSHANSTL,BI,BIOCON,BIRLACORPN,BIRLAMONEY,BLISSGVS,BLOWPLAST,BLUEDART,BLUESTARCO,BOMDYEING,BOSCH-HCIL,BOSCHLTD,BPCL,BRABOURNE,BRFL,BRIGADE,BRITANNIA,BSOFT,CABLE,CADBURY,CAIRN,CANBK,CANFINHOME,CAPLIN,CAPRIHANS,CASTROLIND,CCL,CEATLTD,CENTRALBK,CENTURYTEX,CERA,CESC,CHAMBLFERT,CHEMINOR,CHEMPLASTS,CHENNPETRO,CHETTINAD,CHOLAFIN,CHOLAHLDNG,CIPLA,CMC,COALINDIA,COFORGE,COLPAL,CONCOR,CONSOFINVT,COROMANDEL,CRISIL,CUB,CUMMINSIND,CYBERTECH,DABUR,DAEWOO,DALMIASUG,DBCORP,DCAL,DCLPOLYE,DCW,DEEPAKFERT,DEN,DHAMPURSUG,DHANBANK,DHFL,DICIND,DIGJAMLMTD,DISHTV,DLF,DRREDDY,DSQSOFTW,DYNAMATECH,ECLERX,EICHERMOT,EIDPARRY,EIHOTEL,ELECON,ELECTREX,ELGIEQUIP,ELGIRUBCO,ENERGY,ENGINERSIN,ESCORTS,ESSAR,EXCELINDUS,EXIDEIND,FACT,FAGBEARI,FDC,FEDERALBNK,FINCABLES,FLFL,FLUOROCHEM,FORBES,FORTIS,FOSECOIND,FULFORD,GAEL,GAIL,GANESHBE,GARDEN,GAYAPROJ,GESHIP,GILLETTE,GKNDRIVE,GLAXO,GLENMARK,GLFL,GLOBAL,GMDCLTD,GNFC,GODFRYPHLP,GODREJCP,GODREJIND,GOKEX,GOLDENTOBC,GOODRICKE,GOODYEAR,GPPL,GRANULES,GRASIM,GREAVESCOT,GRINDWELL,GRUH,GSFC,GSKCONS,GSPL,GUJGASLTD,GVT&D,HARRMALAYA,HAVELLS,HCC,HCL-INSYS,HCLTECH,HDFC,HDFCBANK,HEALTHCARE,HEIDELBERG,HERBERTS,HEROMOTOCO,HEXT,HIMACHAL,HIMATSEIDE,HINDALCO,HINDCOPPER,HINDPETRO,HINDSYNTEX,HINDUJA,HINDUNILVR,HINDUSTAN,HINDZINC,HITACHI,HMT,HMVL,HOGANAS,HONAUT,HOTEL,HUBTOWN,IBREALEST,IBULLSLTD,ICICIBANK,ICIL,IDBI,IDFCFIRSTB,IFBIND,IFCI,IGARASHI,IGL,IL&FSTRANS,INDHOTEL,INDIACEM,INDIAGLYCO,INDIANB,INDOCO,INDUSINDBK,INDUSTOWER,INFY,INGERRAND,INOXWIND,INSILCO,INTELLECT,INTERNAT,IOB,IOC,IONEXCHANG,IPCALAB,IPRINGS,ISMT,ISPAT,ITC,ITI,ITWSIGNO,JAGRAN,JAICORPLTD,JBCHEPHARM,JBMA,JETAIRWAYS,JINDALPHOT,JINDALPOLY,JINDALSTEL,JISLJALEQS,JKCEMENT,JKTYRE,JMTAUTO,JPASSOCIAT,JPPOWER,JUBLFOOD,JUBLINGRY,KAJARIACER,KANSAINER,KARURVYSYA,KARUTURI,KINETIC,KMSUGAR,KOHINOOR,KOTAKBANK,KPL,KRBL,KRISHNA,KRL,KTKBANK,KUMARS,LAKSHMI,LAOPALA,LICHSGFIN,LITL,LT,LTF,LUPIN,M& M,M&M,MADURA,MAFATIND,MAHABANK,MALWA,MANPASAND,MARICO,MARUTI,MASTEK,MATRIX,MCDOWELL,MCLEODRUSS,MERCK,MERIND,MFSL,MIRZAINT,MODIXEROX,MOREPENLAB,MOTHERSON,MOTHERSUMI,MPHASIS,MRF,MRPL,MTNL,NAGARFERT,NAHAR,NAHARPOLY,NAHARSPING,NATCOPHARM,NATIONAL,NATIONALUM,NAVKARCORP,NCC,NESTLEIND,NETWORK18,NH,NIRMA,NITCO,NLCINDIA,NMDC,NTPC,OBC,OFSS,OIL,OILCOUNTUB,OLECTRA,OMAXAUTO,OMAXE,ONELIFECAP,ONGC,ONIDA,ORIENTCEM,OSWALAGRO,PATANJALI,PATNI,PATSPIN,PCBL,PCJEWELLER,PDMJEPAPER,PEL,PENTAFOUR,PENTAMEDIA,PERSISTENT,PETRONET,PFIZER,PGHL,PHIL,PHILIPS,PHOENIX,PIDILITIND,PNB,POLARIS,POONAWALLA,PRAJIND,PREMIERENE,PRESTIGE,PSIDATA,PTC,PUNJABCHEM,PUNJLLOYD,PUNJTRACT,RAASI,RAIN,RAJESHEXPO,RALLIS,RAMCOCEM,RAMCOSYS,RAYMOND,RCF,RCOM,RECKITT,RECLTD,RECRON,REIAGRO,RELAXO,RELCAPITAL,RELIANCE,RELINFRA,RELMEDIA,RKFORGE,ROYAL,RPGTRANS,RPOWER,RSWM,RTNPOWER,SADBHAV,SAIL,SANGHI,SANOFI,SAREGAMA,SCHAEFFLER,SCHENECT,SCHNEIDER,SCI,SCILAL,SESASTERL,SESHAPAPER,SHARDACROP,SHAWWALLA,SHILPAMED,SHK,SHOPERSTOP,SHREECEM,SHRIRAMFIN,SHYAMTEL,SIEMENS,SIL,SIMPLEXINF,SITINET,SJVN,SKFINDIA,SKSMICRO,SMLISUZU,SNOWMAN,SOLARINDS,SOMANYCERA,SONATSOFTW,SOUTHBANK,SPARC,SRF,STAR,STATE,STYROLUT,SUNCLAY,SUNDARMFIN,SUNDRMFAST,SUNPHARMA,SUPREMEIND,SUVEN,SYMPHONY,SYNGENE,TAKE,TAMIL,TATACHEM,TATACOMM,TATACONSUM,TATAELXSI,TATAMETAL,TATAMOTORS,TATAPOWER,TATASPONGE,TATASTEEL,TBZ,TCS,TECH,TEXRAIL,THERMAX,THIRU,THOMASCOOK,TIINDIA,TIMEX,TIMKEN,TITAN,TMCV,TODAYS,TORNTPHARM,TORNTPOWER,TRANSPEK,TRENT,TRIDENT,TRITURBINE,TTKPRESTIG,TTML,TVSSRICHAK,TVTODAY,UBL,UCALFUEL,UFLEX,ULTRACEMCO,UNICHEMLAB,UNIONBANK,UNOMINDA,USHAFIN,VARUN,VHL,VIRAL,VISHAL,VOLTAS,VTL,WELENT,WIDIA,WIMCO,WINDMACH,WINSOME,WIPRO,WOCKPHARMA,WONDERLA,WSI,WSTCSTPAPR,ZANDU,ZEELEARN,ZENSARTECH"
2016-09-30,Nifty500,"LINDEINDIA,MFSL,NH,NAVINFLUOR,NILKAMAL,OCL,RELIGARE,SEQUENT,STARCEMENT,SBIN,SBIN,SUPRAJIT,KSB,INDIGO,ITDCEMEN,INFIBEAM,APLAPOLLO,BIRLACORPN,ALKEM,AGUL,CGPOWER,COFFEEDAY,IDFCFIRSTB,LALPATHLAB,EQUITAS","PARSVNATH,OIL,KPEL,PURVA,TBZ,SADBHAV,TTML,TREEHOUSE,VAIBHAVGBL,RATNAMANI,UNOMINDA,ABGSHIPY,AARTIDRUGS,ASHIANA,ZTECH,JGCHEM,ELECTCAST,INEOS,WSI,HMT,HOTEL,63MOONS,ESSDEE,ELGIEQUIP,GLOBAL","3MINDIA,8KMILES,AARTIIND,ABANOFFSH,ABB,ABBOTINDIA,ABREL,ACC,ADANIENSOL,ADANIENT,ADANIPOWER,AEGISLOG,AGCNETWO,AIAENG,AKZOINDIA,ALKEM,ALLCARGO,ALSTOMT&D,ALTOS,AMBALAL,AMBUJACEM,AMTEK,ANDHRAVALY,APARINDS,APLAPOLLO,APOLLOHOSP,APOLLOTYRE,APPAPER,APPLE,ARVIND,ASHOKLEY,ASIANPAINT,ASTRAZENCA,ATUL,ATULAUTO,AVANTIFEED,AVERY,AXISBANK,BAJAJ,BAJAJ-AUTO,BAJAJHIND,BAJAJHLDNG,BAJFINANCE,BALAJI,BALMLAWRIE,BALRAMCHIN,BANKBARODA,BANKINDIA,BASF,BATAINDIA,BBTC,BEL,BEML,BERGEPAINT,BFUTILITIE,BGRENERGY,BHARATFORG,BHARTIARTL,BHEL,BHUSHANSTL,BI,BIOCON,BIRLACORPN,BIRLAMONEY,BLISSGVS,BLOWPLAST,BLUEDART,BLUESTARCO,BOMDYEING,BOSCH-HCIL,BOSCHLTD,BPCL,BRABOURNE,BRFL,BRIGADE,BRITANNIA,BSOFT,CABLE,CADBURY,CAIRN,CANBK,CANFINHOME,CAPLIN,CASTROLIND,CCL,CEATLTD,CENTRALBK,CENTURYTEX,CERA,CESC,CGPOWER,CHAMBLFERT,CHEMINOR,CHEMPLASTS,CHENNPETRO,CHETTINAD,CHOLAFIN,CHOLAHLDNG,CIPLA,CMC,COALINDIA,COFFEEDAY,COFORGE,COLPAL,CONCOR,CONSOFINVT,COROMANDEL,CRISIL,CUB,CUMMINSIND,CYBERTECH,DABUR,DAEWOO,DALMIASUG,DBCORP,DCAL,DCLPOLYE,DCW,DEEPAKFERT,DHAMPURSUG,DHANBANK,DHFL,DICIND,DIGJAMLMTD,DISHTV,DLF,DRREDDY,DSQSOFTW,DYNAMATECH,ECLERX,EICHERMOT,EIDPARRY,EIHOTEL,ELECON,ELECTREX,ELGIRUBCO,ENERGY,ENGINERSIN,EQUITAS,ESCORTS,ESSAR,EXCELINDUS,EXIDEIND,FACT,FAGBEARI,FDC,FEDERALBNK,FINCABLES,FLFL,FLUOROCHEM,FORBES,FORTIS,FOSECOIND,FULFORD,GAEL,GAIL,GANESHBE,GARDEN,GAYAPROJ,GESHIP,GILLETTE,GKNDRIVE,GLAXO,GLENMARK,GLFL,GMDCLTD,GNFC,GODFRYPHLP,GODREJCP,GODREJIND,GOKEX,GOODRICKE,GOODYEAR,GPPL,GRANULES,GRASIM,GREAVESCOT,GRINDWELL,GRUH,GSFC,GSKCONS,GSPL,GUJGASLTD,GVT&D,HARRMALAYA,HAVELLS,HCC,HCL-INSYS,HCLTECH,HDFC,HDFCBANK,HEALTHCARE,HEIDELBERG,HERBERTS,HEROMOTOCO,HEXT,HIMACHAL,HIMATSEIDE,HINDALCO,HINDCOPPER,HINDPETRO,HINDSYNTEX,HINDUJA,HINDUNILVR,HINDUSTAN,HINDZINC,HMVL,HOGANAS,HONAUT,HUBTOWN,IBREALEST,IBULLSLTD,ICICIBANK,ICIL,IDBI,IDFCFIRSTB,IFBIND,IFCI,IGARASHI,IGL,IL&FSTRANS,INDHOTEL,INDIACEM,INDIAGLYCO,INDIANB,INDIGO,INDOCO,INDUSINDBK,INDUSTOWER,INFIBEAM,INFY,INGERRAND,INOXWIND,INSILCO,INTELLECT,INTERNAT,IOB,IOC,IONEXCHANG,IPCALAB,IPRINGS,ISMT,ISPAT,ITC,ITDCEMEN,ITI,ITWSIGNO,JAGRAN,JAICORPLTD,JBCHEPHARM,JBMA,JETAIRWAYS,JINDALPHOT,JINDALPOLY,JINDALSTEL,JISLJALEQS,JKCEMENT,JKTYRE,JMTAUTO,JPASSOCIAT,JPPOWER,JUBLFOOD,JUBLINGRY,KAJARIACER,KANSAINER,KARURVYSYA,KARUTURI,KINETIC,KMSUGAR,KOHINOOR,KOTAKBANK,KPL,KRBL,KRISHNA,KRL,KSB,KTKBANK,KUMARS,LAKSHMI,LALPATHLAB,LAOPALA,LICHSGFIN,LINDEINDIA,LITL,LT,LTF,LUPIN,M& M,M&M,MADURA,MAFATIND,MAHABANK,MALWA,MANPASAND,MARICO,MARUTI,MASTEK,MATRIX,MCDOWELL,MCLEODRUSS,MERCK,MERIND,MFSL,MIRZAINT,MODIXEROX,MOREPENLAB,MOTHERSON,MOTHERSUMI,MPHASIS,MRF,MRPL,MTNL,NAGARFERT,NAHAR,NAHARPOLY,NAHARSPING,NATCOPHARM,NATIONAL,NATIONALUM,NAVINFLUOR,NCC,NESTLEIND,NETWORK18,NH,NILKAMAL,NIRMA,NITCO,NLCINDIA,NMDC,NTPC,OBC,OCL,OFSS,OILCOUNTUB,OLECTRA,OMAXAUTO,OMAXE,ONELIFECAP,ONGC,ONIDA,ORIENTCEM,OSWALAGRO,PATANJALI,PATNI,PATSPIN,PCBL,PCJEWELLER,PDMJEPAPER,PEL,PENTAFOUR,PENTAMEDIA,PERSISTENT,PETRONET,PFIZER,PGHL,PHIL,PHILIPS,PHOENIX,PIDILITIND,PNB,POLARIS,POONAWALLA,PRAJIND,PREMIERENE,PRESTIGE,PSIDATA,PTC,PUNJABCHEM,PUNJLLOYD,PUNJTRACT,RAASI,RAIN,RAJESHEXPO,RALLIS,RAMCOCEM,RAMCOSYS,RAYMOND,RCF,RCOM,RECKITT,RECLTD,RECRON,REIAGRO,RELAXO,RELCAPITAL,RELIANCE,RELIGARE,RELINFRA,RELMEDIA,RKFORGE,ROYAL,RPGTRANS,RPOWER,RSWM,RTNPOWER,SAIL,SANGHI,SANOFI,SAREGAMA,SBIN,SCHAEFFLER,SCHENECT,SCHNEIDER,SCI,SCILAL,SEQUENT,SESASTERL,SESHAPAPER,SHARDACROP,SHAWWALLA,SHILPAMED,SHK,SHOPERSTOP,SHREECEM,SHRIRAMFIN,SHYAMTEL,SIEMENS,SIL,SIMPLEXINF,SITINET,SJVN,SKFINDIA,SKSMICRO,SMLISUZU,SNOWMAN,SOLARINDS,SOMANYCERA,SONATSOFTW,SOUTHBANK,SPARC,SRF,STAR,STARCEMENT,STATE,STYROLUT,SUNCLAY,SUNDARMFIN,SUNDRMFAST,SUNPHARMA,SUPRAJIT,SUPREMEIND,SUVEN,SYMPHONY,SYNGENE,TAKE,TAMIL,TATACHEM,TATACOMM,TATACONSUM,TATAELXSI,TATAMETAL,TATAMOTORS,TATAPOWER,TATASPONGE,TATASTEEL,TCS,TECH,TEXRAIL,THERMAX,THIRU,THOMASCOOK,TIINDIA,TIMEX,TIMKEN,TITAN,TMCV,TODAYS,TORNTPHARM,TORNTPOWER,TRANSPEK,TRENT,TRIDENT,TRITURBINE,TTKPRESTIG,TVSSRICHAK,TVTODAY,UBL,UCALFUEL,UFLEX,ULTRACEMCO,UNICHEMLAB,UNIONBANK,VARUN,VHL,VIRAL,VISHAL,VOLTAS,VTL,WELENT,WIDIA,WIMCO,WINDMACH,WINSOME,WIPRO,WOCKPHARMA,WONDERLA,WSTCSTPAPR,ZANDU,ZEELEARN,ZENSARTECH"
2016-11-15,Nifty500,CROMPTON,CAIRN,"3MINDIA,8KMILES,AARTIIND,ABANOFFSH,ABB,ABBOTINDIA,ABREL,ACC,ADANIENSOL,ADANIENT,ADANIPOWER,AEGISLOG,AGCNETWO,AIAENG,AKZOINDIA,ALKEM,ALLCARGO,ALSTOMT&D,ALTOS,AMBALAL,AMBUJACEM,AMTEK,ANDHRAVALY,APARINDS,APLAPOLLO,APOLLOHOSP,APOLLOTYRE,APPAPER,APPLE,ARVIND,ASHOKLEY,ASIANPAINT,ASTRAZENCA,ATUL,ATULAUTO,AVANTIFEED,AVERY,AXISBANK,BAJAJ,BAJAJ-AUTO,BAJAJHIND,BAJAJHLDNG,BAJFINANCE,BALAJI,BALMLAWRIE,BALRAMCHIN,BANKBARODA,BANKINDIA,BASF,BATAINDIA,BBTC,BEL,BEML,BERGEPAINT,BFUTILITIE,BGRENERGY,BHARATFORG,BHARTIARTL,BHEL,BHUSHANSTL,BI,BIOCON,BIRLACORPN,BIRLAMONEY,BLISSGVS,BLOWPLAST,BLUEDART,BLUESTARCO,BOMDYEING,BOSCH-HCIL,BOSCHLTD,BPCL,BRABOURNE,BRFL,BRIGADE,BRITANNIA,BSOFT,CABLE,CADBURY,CANBK,CANFINHOME,CAPLIN,CASTROLIND,CCL,CEATLTD,CENTRALBK,CENTURYTEX,CERA,CESC,CGPOWER,CHAMBLFERT,CHEMINOR,CHEMPLASTS,CHENNPETRO,CHETTINAD,CHOLAFIN,CHOLAHLDNG,CIPLA,CMC,COALINDIA,COFFEEDAY,COFORGE,COLPAL,CONCOR,CONSOFINVT,COROMANDEL,CRISIL,CROMPTON,CUB,CUMMINSIND,CYBERTECH,DABUR,DAEWOO,DALMIASUG,DBCORP,DCAL,DCLPOLYE,DCW,DEEPAKFERT,DHAMPURSUG,DHANBANK,DHFL,DICIND,DIGJAMLMTD,DISHTV,DLF,DRREDDY,DSQSOFTW,DYNAMATECH,ECLERX,EICHERMOT,EIDPARRY,EIHOTEL,ELECON,ELECTREX,ELGIRUBCO,ENERGY,ENGINERSIN,EQUITAS,ESCORTS,ESSAR,EXCELINDUS,EXIDEIND,FACT,FAGBEARI,FDC,FEDERALBNK,FINCABLES,FLFL,FLUOROCHEM,FORBES,FORTIS,FOSECOIND,FULFORD,GAEL,GAIL,GANESHBE,GARDEN,GAYAPROJ,GESHIP,GILLETTE,GKNDRIVE,GLAXO,GLENMARK,GLFL,GMDCLTD,GNFC,GODFRYPHLP,GODREJCP,GODREJIND,GOKEX,GOODRICKE,GOODYEAR,GPPL,GRANULES,GRASIM,GREAVESCOT,GRINDWELL,GRUH,GSFC,GSKCONS,GSPL,GUJGASLTD,GVT&D,HARRMALAYA,HAVELLS,HCC,HCL-INSYS,HCLTECH,HDFC,HDFCBANK,HEALTHCARE,HEIDELBERG,HERBERTS,HEROMOTOCO,HEXT,HIMACHAL,HIMATSEIDE,HINDALCO,HINDCOPPER,HINDPETRO,HINDSYNTEX,HINDUJA,HINDUNILVR,HINDUSTAN,HINDZINC,HMVL,HOGANAS,HONAUT,HUBTOWN,IBREALEST,IBULLSLTD,ICICIBANK,ICIL,IDBI,IDFCFIRSTB,IFBIND,IFCI,IGARASHI,IGL,IL&FSTRANS,INDHOTEL,INDIACEM,INDIAGLYCO,INDIANB,INDIGO,INDOCO,INDUSINDBK,INDUSTOWER,INFIBEAM,INFY,INGERRAND,INOXWIND,INSILCO,INTELLECT,INTERNAT,IOB,IOC,IONEXCHANG,IPCALAB,IPRINGS,ISMT,ISPAT,ITC,ITDCEMEN,ITI,ITWSIGNO,JAGRAN,JAICORPLTD,JBCHEPHARM,JBMA,JETAIRWAYS,JINDALPHOT,JINDALPOLY,JINDALSTEL,JISLJALEQS,JKCEMENT,JKTYRE,JMTAUTO,JPASSOCIAT,JPPOWER,JUBLFOOD,JUBLINGRY,KAJARIACER,KANSAINER,KARURVYSYA,KARUTURI,KINETIC,KMSUGAR,KOHINOOR,KOTAKBANK,KPL,KRBL,KRISHNA,KRL,KSB,KTKBANK,KUMARS,LAKSHMI,LALPATHLAB,LAOPALA,LICHSGFIN,LINDEINDIA,LITL,LT,LTF,LUPIN,M& M,M&M,MADURA,MAFATIND,MAHABANK,MALWA,MANPASAND,MARICO,MARUTI,MASTEK,MATRIX,MCDOWELL,MCLEODRUSS,MERCK,MERIND,MFSL,MIRZAINT,MODIXEROX,MOREPENLAB,MOTHERSON,MOTHERSUMI,MPHASIS,MRF,MRPL,MTNL,NAGARFERT,NAHAR,NAHARPOLY,NAHARSPING,NATCOPHARM,NATIONAL,NATIONALUM,NAVINFLUOR,NCC,NESTLEIND,NETWORK18,NH,NILKAMAL,NIRMA,NITCO,NLCINDIA,NMDC,NTPC,OBC,OCL,OFSS,OILCOUNTUB,OLECTRA,OMAXAUTO,OMAXE,ONELIFECAP,ONGC,ONIDA,ORIENTCEM,OSWALAGRO,PATANJALI,PATNI,PATSPIN,PCBL,PCJEWELLER,PDMJEPAPER,PEL,PENTAFOUR,PENTAMEDIA,PERSISTENT,PETRONET,PFIZER,PGHL,PHIL,PHILIPS,PHOENIX,PIDILITIND,PNB,POLARIS,POONAWALLA,PRAJIND,PREMIERENE,PRESTIGE,PSIDATA,PTC,PUNJABCHEM,PUNJLLOYD,PUNJTRACT,RAASI,RAIN,RAJESHEXPO,RALLIS,RAMCOCEM,RAMCOSYS,RAYMOND,RCF,RCOM,RECKITT,RECLTD,RECRON,REIAGRO,RELAXO,RELCAPITAL,RELIANCE,RELIGARE,RELINFRA,RELMEDIA,RKFORGE,ROYAL,RPGTRANS,RPOWER,RSWM,RTNPOWER,SAIL,SANGHI,SANOFI,SAREGAMA,SBIN,SCHAEFFLER,SCHENECT,SCHNEIDER,SCI,SCILAL,SEQUENT,SESASTERL,SESHAPAPER,SHARDACROP,SHAWWALLA,SHILPAMED,SHK,SHOPERSTOP,SHREECEM,SHRIRAMFIN,SHYAMTEL,SIEMENS,SIL,SIMPLEXINF,SITINET,SJVN,SKFINDIA,SKSMICRO,SMLISUZU,SNOWMAN,SOLARINDS,SOMANYCERA,SONATSOFTW,SOUTHBANK,SPARC,SRF,STAR,STARCEMENT,STATE,STYROLUT,SUNCLAY,SUNDARMFIN,SUNDRMFAST,SUNPHARMA,SUPRAJIT,SUPREMEIND,SUVEN,SYMPHONY,SYNGENE,TAKE,TAMIL,TATACHEM,TATACOMM,TATACONSUM,TATAELXSI,TATAMETAL,TATAMOTORS,TATAPOWER,TATASPONGE,TATASTEEL,TCS,TECH,TEXRAIL,THERMAX,THIRU,THOMASCOOK,TIINDIA,TIMEX,TIMKEN,TITAN,TMCV,TODAYS,TORNTPHARM,TORNTPOWER,TRANSPEK,TRENT,TRIDENT,TRITURBINE,TTKPRESTIG,TVSSRICHAK,TVTODAY,UBL,UCALFUEL,UFLEX,ULTRACEMCO,UNICHEMLAB,UNIONBANK,VARUN,VHL,VIRAL,VISHAL,VOLTAS,VTL,WELENT,WIDIA,WIMCO,WINDMACH,WINSOME,WIPRO,WOCKPHARMA,WONDERLA,WSTCSTPAPR,ZANDU,ZEELEARN,ZENSARTECH"
2017-01-23,Nifty500,"RBLBANK,UJJIVAN,ASAHIINDIA,ADVENZYMES","OCL,MFSL,JGCHEM,STARCEMENT","3MINDIA,8KMILES,AARTIIND,ABANOFFSH,ABB,ABBOTINDIA,ABREL,ACC,ADANIENSOL,ADANIENT,ADANIPOWER,ADVENZYMES,AEGISLOG,AGCNETWO,AIAENG,AKZOINDIA,ALKEM,ALLCARGO,ALSTOMT&D,ALTOS,AMBALAL,AMBUJACEM,AMTEK,ANDHRAVALY,APARINDS,APLAPOLLO,APOLLOHOSP,APOLLOTYRE,APPAPER,APPLE,ARVIND,ASAHIINDIA,ASHOKLEY,ASIANPAINT,ASTRAZENCA,ATUL,ATULAUTO,AVANTIFEED,AVERY,AXISBANK,BAJAJ,BAJAJ-AUTO,BAJAJHIND,BAJAJHLDNG,BAJFINANCE,BALAJI,BALMLAWRIE,BALRAMCHIN,BANKBARODA,BANKINDIA,BASF,BATAINDIA,BBTC,BEL,BEML,BERGEPAINT,BFUTILITIE,BGRENERGY,BHARATFORG,BHARTIARTL,BHEL,BHUSHANSTL,BI,BIOCON,BIRLACORPN,BIRLAMONEY,BLISSGVS,BLOWPLAST,BLUEDART,BLUESTARCO,BOMDYEING,BOSCH-HCIL,BOSCHLTD,BPCL,BRABOURNE,BRFL,BRIGADE,BRITANNIA,BSOFT,CABLE,CADBURY,CANBK,CANFINHOME,CAPLIN,CASTROLIND,CCL,CEATLTD,CENTRALBK,CENTURYTEX,CERA,CESC,CGPOWER,CHAMBLFERT,CHEMINOR,CHEMPLASTS,CHENNPETRO,CHETTINAD,CHOLAFIN,CHOLAHLDNG,CIPLA,CMC,COALINDIA,COFFEEDAY,COFORGE,COLPAL,CONCOR,CONSOFINVT,COROMANDEL,CRISIL,CROMPTON,CUB,CUMMINSIND,CYBERTECH,DABUR,DAEWOO,DALMIASUG,DBCORP,DCAL,DCLPOLYE,DCW,DEEPAKFERT,DHAMPURSUG,DHANBANK,DHFL,DICIND,DIGJAMLMTD,DISHTV,DLF,DRREDDY,DSQSOFTW,DYNAMATECH,ECLERX,EICHERMOT,EIDPARRY,EIHOTEL,ELECON,ELECTREX,ELGIRUBCO,ENERGY,ENGINERSIN,EQUITAS,ESCORTS,ESSAR,EXCELINDUS,EXIDEIND,FACT,FAGBEARI,FDC,FEDERALBNK,FINCABLES,FLFL,FLUOROCHEM,FORBES,FORTIS,FOSECOIND,FULFORD,GAEL,GAIL,GANESHBE,GARDEN,GAYAPROJ,GESHIP,GILLETTE,GKNDRIVE,GLAXO,GLENMARK,GLFL,GMDCLTD,GNFC,GODFRYPHLP,GODREJCP,GODREJIND,GOKEX,GOODRICKE,GOODYEAR,GPPL,GRANULES,GRASIM,GREAVESCOT,GRINDWELL,GRUH,GSFC,GSKCONS,GSPL,GUJGASLTD,GVT&D,HARRMALAYA,HAVELLS,HCC,HCL-INSYS,HCLTECH,HDFC,HDFCBANK,HEALTHCARE,HEIDELBERG,HERBERTS,HEROMOTOCO,HEXT,HIMACHAL,HIMATSEIDE,HINDALCO,HINDCOPPER,HINDPETRO,HINDSYNTEX,HINDUJA,HINDUNILVR,HINDUSTAN,HINDZINC,HMVL,HOGANAS,HONAUT,HUBTOWN,IBREALEST,IBULLSLTD,ICICIBANK,ICIL,IDBI,IDFCFIRSTB,IFBIND,IFCI,IGARASHI,IGL,IL&FSTRANS,INDHOTEL,INDIACEM,INDIAGLYCO,INDIANB,INDIGO,INDOCO,INDUSINDBK,INDUSTOWER,INFIBEAM,INFY,INGERRAND,INOXWIND,INSILCO,INTELLECT,INTERNAT,IOB,IOC,IONEXCHANG,IPCALAB,IPRINGS,ISMT,ISPAT,ITC,ITDCEMEN,ITI,ITWSIGNO,JAGRAN,JAICORPLTD,JBCHEPHARM,JBMA,JETAIRWAYS,JINDALPHOT,JINDALPOLY,JINDALSTEL,JISLJALEQS,JKCEMENT,JKTYRE,JMTAUTO,JPASSOCIAT,JPPOWER,JUBLFOOD,JUBLINGRY,KAJARIACER,KANSAINER,KARURVYSYA,KARUTURI,KINETIC,KMSUGAR,KOHINOOR,KOTAKBANK,KRBL,KRISHNA,KRL,KSB,KTKBANK,KUMARS,LAKSHMI,LALPATHLAB,LAOPALA,LICHSGFIN,LINDEINDIA,LITL,LT,LTF,LUPIN,M& M,M&M,MADURA,MAFATIND,MAHABANK,MALWA,MANPASAND,MARICO,MARUTI,MASTEK,MATRIX,MCDOWELL,MCLEODRUSS,MERCK,MERIND,MIRZAINT,MODIXEROX,MOREPENLAB,MOTHERSON,MOTHERSUMI,MPHASIS,MRF,MRPL,MTNL,NAGARFERT,NAHAR,NAHARPOLY,NAHARSPING,NATCOPHARM,NATIONAL,NATIONALUM,NAVINFLUOR,NCC,NESTLEIND,NETWORK18,NH,NILKAMAL,NIRMA,NITCO,NLCINDIA,NMDC,NTPC,OBC,OFSS,OILCOUNTUB,OLECTRA,OMAXAUTO,OMAXE,ONELIFECAP,ONGC,ONIDA,ORIENTCEM,OSWALAGRO,PATANJALI,PATNI,PATSPIN,PCBL,PCJEWELLER,PDMJEPAPER,PEL,PENTAFOUR,PENTAMEDIA,PERSISTENT,PETRONET,PFIZER,PGHL,PHIL,PHILIPS,PHOENIX,PIDILITIND,PNB,POLARIS,POONAWALLA,PRAJIND,PREMIERENE,PRESTIGE,PSIDATA,PTC,PUNJABCHEM,PUNJLLOYD,PUNJTRACT,RAASI,RAIN,RAJESHEXPO,RALLIS,RAMCOCEM,RAMCOSYS,RAYMOND,RBLBANK,RCF,RCOM,RECKITT,RECLTD,RECRON,REIAGRO,RELAXO,RELCAPITAL,RELIANCE,RELIGARE,RELINFRA,RELMEDIA,RKFORGE,ROYAL,RPGTRANS,RPOWER,RSWM,RTNPOWER,SAIL,SANGHI,SANOFI,SAREGAMA,SBIN,SCHAEFFLER,SCHENECT,SCHNEIDER,SCI,SCILAL,SEQUENT,SESASTERL,SESHAPAPER,SHARDACROP,SHAWWALLA,SHILPAMED,SHK,SHOPERSTOP,SHREECEM,SHRIRAMFIN,SHYAMTEL,SIEMENS,SIL,SIMPLEXINF,SITINET,SJVN,SKFINDIA,SKSMICRO,SMLISUZU,SNOWMAN,SOLARINDS,SOMANYCERA,SONATSOFTW,SOUTHBANK,SPARC,SRF,STAR,STATE,STYROLUT,SUNCLAY,SUNDARMFIN,SUNDRMFAST,SUNPHARMA,SUPRAJIT,SUPREMEIND,SUVEN,SYMPHONY,SYNGENE,TAKE,TAMIL,TATACHEM,TATACOMM,TATACONSUM,TATAELXSI,TATAMETAL,TATAMOTORS,TATAPOWER,TATASPONGE,TATASTEEL,TCS,TECH,TEXRAIL,THERMAX,THIRU,THOMASCOOK,TIINDIA,TIMEX,TIMKEN,TITAN,TMCV,TODAYS,TORNTPHARM,TORNTPOWER,TRANSPEK,TRENT,TRIDENT,TRITURBINE,TTKPRESTIG,TVSSRICHAK,TVTODAY,UBL,UCALFUEL,UFLEX,UJJIVAN,ULTRACEMCO,UNICHEMLAB,UNIONBANK,VARUN,VHL,VIRAL,VISHAL,VOLTAS,VTL,WELENT,WIDIA,WIMCO,WINDMACH,WINSOME,WIPRO,WOCKPHARMA,WONDERLA,WSTCSTPAPR,ZANDU,ZEELEARN,ZENSARTECH"
2017-03-16,Nifty500,"MAXIND,SDREAMS,MGL","SBIN,SBIN,SBIN","3MINDIA,8KMILES,AARTIIND,ABANOFFSH,ABB,ABBOTINDIA,ABREL,ACC,ADANIENSOL,ADANIENT,ADANIPOWER,ADVENZYMES,AEGISLOG,AGCNETWO,AIAENG,AKZOINDIA,ALKEM,ALLCARGO,ALTOS,AMBALAL,AMBUJACEM,AMTEK,ANDHRAVALY,APARINDS,APLAPOLLO,APOLLOHOSP,APOLLOTYRE,APPAPER,APPLE,ARVIND,ASAHIINDIA,ASHOKLEY,ASIANPAINT,ASTRAZENCA,ATUL,ATULAUTO,AVANTIFEED,AVERY,AXISBANK,BAJAJ,BAJAJ-AUTO,BAJAJHIND,BAJAJHLDNG,BAJFINANCE,BALAJI,BALMLAWRIE,BALRAMCHIN,BANKBARODA,BANKINDIA,BASF,BATAINDIA,BBTC,BEL,BEML,BERGEPAINT,BFUTILITIE,BGRENERGY,BHARATFORG,BHARTIARTL,BHEL,BHUSHANSTL,BI,BIOCON,BIRLACORPN,BIRLAMONEY,BLISSGVS,BLOWPLAST,BLUEDART,BLUESTARCO,BOMDYEING,BOSCH-HCIL,BOSCHLTD,BPCL,BRABOURNE,BRFL,BRIGADE,BRITANNIA,BSOFT,CABLE,CADBURY,CANBK,CANFINHOME,CAPLIN,CASTROLIND,CCL,CEATLTD,CENTRALBK,CENTURYTEX,CERA,CESC,CGPOWER,CHAMBLFERT,CHEMINOR,CHEMPLASTS,CHENNPETRO,CHETTINAD,CHOLAFIN,CHOLAHLDNG,CIPLA,CMC,COALINDIA,COFFEEDAY,COFORGE,COLPAL,CONCOR,CONSOFINVT,COROMANDEL,CRISIL,CROMPTON,CUB,CUMMINSIND,CYBERTECH,DABUR,DAEWOO,DALMIASUG,DBCORP,DCAL,DCLPOLYE,DCW,DEEPAKFERT,DHAMPURSUG,DHANBANK,DHFL,DICIND,DIGJAMLMTD,DISHTV,DLF,DRREDDY,DSQSOFTW,DYNAMATECH,ECLERX,EICHERMOT,EIDPARRY,EIHOTEL,ELECON,ELECTREX,ELGIRUBCO,ENERGY,ENGINERSIN,EQUITAS,ESCORTS,ESSAR,EXCELINDUS,EXIDEIND,FACT,FAGBEARI,FDC,FEDERALBNK,FINCABLES,FLFL,FLUOROCHEM,FORBES,FORTIS,FOSECOIND,FULFORD,GAEL,GAIL,GANESHBE,GARDEN,GAYAPROJ,GESHIP,GILLETTE,GKNDRIVE,GLAXO,GLENMARK,GLFL,GMDCLTD,GNFC,GODFRYPHLP,GODREJCP,GODREJIND,GOKEX,GOODRICKE,GOODYEAR,GPPL,GRANULES,GRASIM,GREAVESCOT,GRINDWELL,GRUH,GSFC,GSKCONS,GSPL,GUJGASLTD,GVT&D,HARRMALAYA,HAVELLS,HCC,HCL-INSYS,HCLTECH,HDFC,HDFCBANK,HEALTHCARE,HEIDELBERG,HERBERTS,HEROMOTOCO,HEXT,HIMACHAL,HIMATSEIDE,HINDALCO,HINDCOPPER,HINDPETRO,HINDSYNTEX,HINDUJA,HINDUNILVR,HINDUSTAN,HINDZINC,HMVL,HOGANAS,HONAUT,HUBTOWN,IBREALEST,IBULLSLTD,ICICIBANK,ICIL,IDBI,IDFCFIRSTB,IFBIND,IFCI,IGARASHI,IGL,IL&FSTRANS,INDHOTEL,INDIACEM,INDIAGLYCO,INDIANB,INDIGO,INDOCO,INDUSINDBK,INDUSTOWER,INFIBEAM,INFY,INGERRAND,INOXWIND,INSILCO,INTELLECT,INTERNAT,IOB,IOC,IONEXCHANG,IPCALAB,IPRINGS,ISMT,ISPAT,ITC,ITDCEMEN,ITI,ITWSIGNO,JAGRAN,JAICORPLTD,JBCHEPHARM,JBMA,JETAIRWAYS,JINDALPHOT,JINDALPOLY,JINDALSTEL,JISLJALEQS,JKCEMENT,JKTYRE,JMTAUTO,JPASSOCIAT,JPPOWER,JUBLFOOD,JUBLINGRY,KAJARIACER,KANSAINER,KARURVYSYA,KARUTURI,KINETIC,KMSUGAR,KOHINOOR,KOTAKBANK,KRBL,KRISHNA,KRL,KSB,KTKBANK,KUMARS,LAKSHMI,LALPATHLAB,LAOPALA,LICHSGFIN,LINDEINDIA,LITL,LT,LTF,LUPIN,M& M,M&M,MADURA,MAFATIND,MAHABANK,MALWA,MANPASAND,MARICO,MARUTI,MASTEK,MATRIX,MAXIND,MCDOWELL,MCLEODRUSS,MERCK,MERIND,MGL,MIRZAINT,MODIXEROX,MOREPENLAB,MOTHERSON,MOTHERSUMI,MPHASIS,MRF,MRPL,MTNL,NAGARFERT,NAHAR,NAHARPOLY,NAHARSPING,NATCOPHARM,NATIONAL,NATIONALUM,NAVINFLUOR,NCC,NESTLEIND,NETWORK18,NH,NILKAMAL,NIRMA,NITCO,NLCINDIA,NMDC,NTPC,OBC,OFSS,OILCOUNTUB,OLECTRA,OMAXAUTO,OMAXE,ONELIFECAP,ONGC,ONIDA,ORIENTCEM,OSWALAGRO,PATANJALI,PATNI,PATSPIN,PCBL,PCJEWELLER,PDMJEPAPER,PEL,PENTAFOUR,PENTAMEDIA,PERSISTENT,PETRONET,PFIZER,PGHL,PHIL,PHILIPS,PHOENIX,PIDILITIND,PNB,POLARIS,POONAWALLA,PRAJIND,PREMIERENE,PRESTIGE,PSIDATA,PTC,PUNJABCHEM,PUNJLLOYD,PUNJTRACT,RAASI,RAIN,RAJESHEXPO,RALLIS,RAMCOCEM,RAMCOSYS,RAYMOND,RBLBANK,RCF,RCOM,RECKITT,RECLTD,RECRON,REIAGRO,RELAXO,RELCAPITAL,RELIANCE,RELIGARE,RELINFRA,RELMEDIA,RKFORGE,RPGTRANS,RPOWER,RSWM,RTNPOWER,SAIL,SANGHI,SANOFI,SAREGAMA,SCHAEFFLER,SCHENECT,SCHNEIDER,SCI,SCILAL,SDREAMS,SEQUENT,SESASTERL,SESHAPAPER,SHARDACROP,SHAWWALLA,SHILPAMED,SHK,SHOPERSTOP,SHREECEM,SHRIRAMFIN,SHYAMTEL,SIEMENS,SIL,SIMPLEXINF,SITINET,SJVN,SKFINDIA,SKSMICRO,SMLISUZU,SNOWMAN,SOLARINDS,SOMANYCERA,SONATSOFTW,SOUTHBANK,SPARC,SRF,STAR,STATE,STYROLUT,SUNCLAY,SUNDARMFIN,SUNDRMFAST,SUNPHARMA,SUPRAJIT,SUPREMEIND,SUVEN,SYMPHONY,SYNGENE,TAKE,TAMIL,TATACHEM,TATACOMM,TATACONSUM,TATAELXSI,TATAMETAL,TATAMOTORS,TATAPOWER,TATASPONGE,TATASTEEL,TCS,TECH,TEXRAIL,THERMAX,THIRU,THOMASCOOK,TIINDIA,TIMEX,TIMKEN,TITAN,TMCV,TODAYS,TORNTPHARM,TORNTPOWER,TRANSPEK,TRENT,TRIDENT,TRITURBINE,TTKPRESTIG,TVSSRICHAK,TVTODAY,UBL,UCALFUEL,UFLEX,UJJIVAN,ULTRACEMCO,UNICHEMLAB,UNIONBANK,VARUN,VHL,VIRAL,VISHAL,VOLTAS,VTL,WELENT,WIDIA,WIMCO,WINDMACH,WINSOME,WIPRO,WOCKPHARMA,WONDERLA,WSTCSTPAPR,ZANDU,ZEELEARN,ZENSARTECH"
2017-03-31,Nifty500,"KNRCON,ICICIPRULI,JGCHEM,ENDURANCE,GHCL,THYROCARE,FMGOETZE,LTTS,GUJALKALI,LT,QUESS,WSI,NAVA,NAVNETED,PARAGMILK,RATNAMANI,ZTECH,STERLITE,WSI,TATAINVEST,UNOMINDA,DBL","SIMPLEXINF,SITINET,WSI,BRFL,BRIGADE,DYNAMATECH,FLFL,INGERRAND,JPPOWER,JAYPEE,JSWHL,INTERNAT,LAOPALA,KSB,SHOPERSTOP,SEQUENT,MAYURUNIQ,SINTEX,LINDEINDIA,LITL,M&M,SUPRAJIT","3MINDIA,8KMILES,AARTIIND,ABANOFFSH,ABB,ABBOTINDIA,ABREL,ACC,ADANIENSOL,ADANIENT,ADANIPOWER,ADVENZYMES,AEGISLOG,AGCNETWO,AIAENG,AKZOINDIA,ALKEM,ALLCARGO,ALTOS,AMBALAL,AMBUJACEM,ANDHRAVALY,APARINDS,APLAPOLLO,APOLLOHOSP,APOLLOTYRE,APPAPER,APPLE,ARVIND,ASAHIINDIA,ASHOKLEY,ASIANPAINT,ASTRAZENCA,ATUL,ATULAUTO,AVANTIFEED,AVERY,AXISBANK,BAJAJ,BAJAJ-AUTO,BAJAJHIND,BAJAJHLDNG,BAJFINANCE,BALAJI,BALMLAWRIE,BALRAMCHIN,BANKBARODA,BANKINDIA,BASF,BATAINDIA,BBTC,BEL,BEML,BERGEPAINT,BFUTILITIE,BGRENERGY,BHARATFORG,BHARTIARTL,BHEL,BHUSHANSTL,BI,BIOCON,BIRLACORPN,BIRLAMONEY,BLISSGVS,BLOWPLAST,BLUEDART,BLUESTARCO,BOMDYEING,BOSCH-HCIL,BOSCHLTD,BPCL,BRABOURNE,BRITANNIA,BSOFT,CABLE,CADBURY,CANBK,CANFINHOME,CAPLIN,CASTROLIND,CCL,CEATLTD,CENTRALBK,CENTURYTEX,CERA,CESC,CGPOWER,CHAMBLFERT,CHEMINOR,CHEMPLASTS,CHENNPETRO,CHETTINAD,CHOLAFIN,CHOLAHLDNG,CIPLA,CMC,COALINDIA,COFFEEDAY,COFORGE,COLPAL,CONCOR,CONSOFINVT,COROMANDEL,CRISIL,CROMPTON,CUB,CUMMINSIND,CYBERTECH,DABUR,DAEWOO,DALMIASUG,DBCORP,DBL,DCAL,DCLPOLYE,DCW,DEEPAKFERT,DHAMPURSUG,DHANBANK,DHFL,DICIND,DIGJAMLMTD,DISHTV,DLF,DRREDDY,DSQSOFTW,ECLERX,EICHERMOT,EIDPARRY,EIHOTEL,ELECON,ELECTREX,ELGIRUBCO,ENDURANCE,ENERGY,ENGINERSIN,EQUITAS,ESCORTS,ESSAR,EXCELINDUS,EXIDEIND,FACT,FAGBEARI,FDC,FEDERALBNK,FINCABLES,FLUOROCHEM,FMGOETZE,FORBES,FORTIS,FOSECOIND,FULFORD,GAEL,GAIL,GANESHBE,GARDEN,GAYAPROJ,GESHIP,GHCL,GILLETTE,GKNDRIVE,GLAXO,GLENMARK,GLFL,GMDCLTD,GNFC,GODFRYPHLP,GODREJCP,GODREJIND,GOKEX,GOODRICKE,GOODYEAR,GPPL,GRANULES,GRASIM,GREAVESCOT,GRINDWELL,GRUH,GSFC,GSKCONS,GSPL,GUJALKALI,GUJGASLTD,GVT&D,HARRMALAYA,HAVELLS,HCC,HCL-INSYS,HCLTECH,HDFC,HDFCBANK,HEALTHCARE,HEIDELBERG,HERBERTS,HEROMOTOCO,HEXT,HIMACHAL,HIMATSEIDE,HINDALCO,HINDCOPPER,HINDPETRO,HINDSYNTEX,HINDUJA,HINDUNILVR,HINDUSTAN,HINDZINC,HMVL,HOGANAS,HONAUT,HUBTOWN,IBREALEST,IBULLSLTD,ICICIBANK,ICICIPRULI,ICIL,IDBI,IDFCFIRSTB,IFBIND,IFCI,IGARASHI,IGL,IL&FSTRANS,INDHOTEL,INDIACEM,INDIAGLYCO,INDIANB,INDIGO,INDOCO,INDUSINDBK,INDUSTOWER,INFIBEAM,INFY,INOXWIND,INSILCO,INTELLECT,IOB,IOC,IONEXCHANG,IPCALAB,IPRINGS,ISMT,ISPAT,ITC,ITDCEMEN,ITI,ITWSIGNO,JAGRAN,JAICORPLTD,JBCHEPHARM,JBMA,JETAIRWAYS,JGCHEM,JINDALPHOT,JINDALPOLY,JINDALSTEL,JISLJALEQS,JKCEMENT,JKTYRE,JMTAUTO,JPASSOCIAT,JUBLFOOD,JUBLINGRY,KAJARIACER,KANSAINER,KARURVYSYA,KARUTURI,KINETIC,KMSUGAR,KNRCON,KOHINOOR,KOTAKBANK,KRBL,KRISHNA,KRL,KTKBANK,KUMARS,LAKSHMI,LALPATHLAB,LICHSGFIN,LT,LTF,LTTS,LUPIN,M& M,MADURA,MAFATIND,MAHABANK,MALWA,MANPASAND,MARICO,MARUTI,MASTEK,MATRIX,MAXIND,MCDOWELL,MCLEODRUSS,MERCK,MERIND,MGL,MIRZAINT,MODIXEROX,MOREPENLAB,MOTHERSON,MOTHERSUMI,MPHASIS,MRF,MRPL,MTNL,NAGARFERT,NAHAR,NAHARPOLY,NAHARSPING,NATCOPHARM,NATIONAL,NATIONALUM,NAVA,NAVINFLUOR,NAVNETED,NCC,NESTLEIND,NETWORK18,NH,NILKAMAL,NIRMA,NITCO,NLCINDIA,NMDC,NTPC,OBC,OFSS,OILCOUNTUB,OLECTRA,OMAXAUTO,OMAXE,ONELIFECAP,ONGC,ONIDA,ORIENTCEM,OSWALAGRO,PARAGMILK,PATANJALI,PATNI,PATSPIN,PCBL,PCJEWELLER,PDMJEPAPER,PEL,PENTAFOUR,PENTAMEDIA,PERSISTENT,PETRONET,PFIZER,PGHL,PHIL,PHILIPS,PHOENIX,PIDILITIND,PNB,POLARIS,POONAWALLA,PRAJIND,PREMIERENE,PRESTIGE,PSIDATA,PTC,PUNJABCHEM,PUNJLLOYD,PUNJTRACT,QUESS,RAASI,RAIN,RAJESHEXPO,RALLIS,RAMCOCEM,RAMCOSYS,RATNAMANI,RAYMOND,RBLBANK,RCF,RCOM,RECKITT,RECLTD,RECRON,REIAGRO,RELAXO,RELCAPITAL,RELIANCE,RELIGARE,RELINFRA,RELMEDIA,RKFORGE,RPGTRANS,RPOWER,RSWM,RTNPOWER,SAIL,SANGHI,SANOFI,SAREGAMA,SCHAEFFLER,SCHENECT,SCHNEIDER,SCI,SCILAL,SDREAMS,SESASTERL,SESHAPAPER,SHARDACROP,SHAWWALLA,SHILPAMED,SHK,SHREECEM,SHRIRAMFIN,SHYAMTEL,SIEMENS,SIL,SJVN,SKFINDIA,SKSMICRO,SMLISUZU,SNOWMAN,SOLARINDS,SOMANYCERA,SONATSOFTW,SOUTHBANK,SPARC,SRF,STAR,STATE,STERLITE,STYROLUT,SUNCLAY,SUNDARMFIN,SUNDRMFAST,SUNPHARMA,SUPREMEIND,SUVEN,SYMPHONY,SYNGENE,TAKE,TAMIL,TATACHEM,TATACOMM,TATACONSUM,TATAELXSI,TATAINVEST,TATAMETAL,TATAMOTORS,TATAPOWER,TATASPONGE,TATASTEEL,TCS,TECH,TEXRAIL,THERMAX,THIRU,THOMASCOOK,THYROCARE,TIINDIA,TIMEX,TIMKEN,TITAN,TMCV,TODAYS,TORNTPHARM,TORNTPOWER,TRANSPEK,TRENT,TRIDENT,TRITURBINE,TTKPRESTIG,TVSSRICHAK,TVTODAY,UBL,UCALFUEL,UFLEX,UJJIVAN,ULTRACEMCO,UNICHEMLAB,UNIONBANK,UNOMINDA,VARUN,VHL,VISHAL,VOLTAS,VTL,WELENT,WIDIA,WIMCO,WINDMACH,WINSOME,WIPRO,WOCKPHARMA,WONDERLA,WSI,WSTCSTPAPR,ZANDU,ZEELEARN,ZENSARTECH"
2017-05-26,Nifty500,"VBL,LAURUSLABS,LTF","BIRLACORPN,GRASIM,TIINDIA","3MINDIA,8KMILES,AARTIIND,ABANOFFSH,ABB,ABBOTINDIA,ABREL,ACC,ADANIENSOL,ADANIENT,ADANIPOWER,ADVENZYMES,AEGISLOG,AGCNETWO,AIAENG,AKZOINDIA,ALKEM,ALLCARGO,ALTOS,AMBALAL,AMBUJACEM,ANDHRAVALY,APARINDS,APLAPOLLO,APOLLOHOSP,APOLLOTYRE,APPAPER,APPLE,ARVIND,ASAHIINDIA,ASHOKLEY,ASIANPAINT,ASTRAZENCA,ATUL,ATULAUTO,AVANTIFEED,AVERY,AXISBANK,BAJAJ,BAJAJ-AUTO,BAJAJHIND,BAJAJHLDNG,BAJFINANCE,BALAJI,BALMLAWRIE,BALRAMCHIN,BANKBARODA,BANKINDIA,BASF,BATAINDIA,BBTC,BEL,BEML,BERGEPAINT,BFUTILITIE,BGRENERGY,BHARATFORG,BHARTIARTL,BHEL,BHUSHANSTL,BI,BIOCON,BIRLACORPN,BIRLAMONEY,BLISSGVS,BLOWPLAST,BLUEDART,BLUESTARCO,BOMDYEING,BOSCH-HCIL,BOSCHLTD,BPCL,BRABOURNE,BRITANNIA,BSOFT,CABLE,CADBURY,CANBK,CANFINHOME,CAPLIN,CASTROLIND,CCL,CEATLTD,CENTRALBK,CENTURYTEX,CERA,CESC,CGPOWER,CHAMBLFERT,CHEMINOR,CHEMPLASTS,CHENNPETRO,CHETTINAD,CHOLAFIN,CHOLAHLDNG,CIPLA,CMC,COALINDIA,COFFEEDAY,COFORGE,COLPAL,CONCOR,CONSOFINVT,COROMANDEL,CRISIL,CROMPTON,CUB,CUMMINSIND,CYBERTECH,DABUR,DAEWOO,DALMIASUG,DBCORP,DBL,DCAL,DCLPOLYE,DCW,DEEPAKFERT,DHAMPURSUG,DHANBANK,DHFL,DICIND,DIGJAMLMTD,DISHTV,DLF,DRREDDY,DSQSOFTW,ECLERX,EICHERMOT,EIDPARRY,EIHOTEL,ELECON,ELECTREX,ELGIRUBCO,ENDURANCE,ENERGY,ENGINERSIN,EQUITAS,ESCORTS,ESSAR,EXCELINDUS,EXIDEIND,FACT,FAGBEARI,FDC,FEDERALBNK,FINCABLES,FLUOROCHEM,FMGOETZE,FORBES,FORTIS,FOSECOIND,FULFORD,GAEL,GAIL,GANESHBE,GARDEN,GAYAPROJ,GESHIP,GHCL,GILLETTE,GKNDRIVE,GLAXO,GLENMARK,GLFL,GMDCLTD,GNFC,GODFRYPHLP,GODREJCP,GODREJIND,GOKEX,GOODRICKE,GOODYEAR,GPPL,GRANULES,GREAVESCOT,GRINDWELL,GRUH,GSFC,GSKCONS,GSPL,GUJALKALI,GUJGASLTD,GVT&D,HARRMALAYA,HAVELLS,HCC,HCL-INSYS,HCLTECH,HDFC,HDFCBANK,HEALTHCARE,HEIDELBERG,HERBERTS,HEROMOTOCO,HEXT,HIMACHAL,HIMATSEIDE,HINDALCO,HINDCOPPER,HINDPETRO,HINDSYNTEX,HINDUJA,HINDUNILVR,HINDUSTAN,HINDZINC,HMVL,HOGANAS,HONAUT,HUBTOWN,IBREALEST,IBULLSLTD,ICICIBANK,ICICIPRULI,ICIL,IDBI,IDFCFIRSTB,IFBIND,IFCI,IGARASHI,IGL,IL&FSTRANS,INDHOTEL,INDIACEM,INDIAGLYCO,INDIANB,INDIGO,INDOCO,INDUSINDBK,INDUSTOWER,INFIBEAM,INFY,INOXWIND,INSILCO,INTELLECT,IOB,IOC,IONEXCHANG,IPCALAB,IPRINGS,ISMT,ISPAT,ITC,ITDCEMEN,ITI,ITWSIGNO,JAGRAN,JAICORPLTD,JBCHEPHARM,JBMA,JETAIRWAYS,JGCHEM,JINDALPHOT,JINDALPOLY,JINDALSTEL,JISLJALEQS,JKCEMENT,JKTYRE,JMTAUTO,JPASSOCIAT,JUBLFOOD,JUBLINGRY,KAJARIACER,KANSAINER,KARURVYSYA,KARUTURI,KINETIC,KMSUGAR,KNRCON,KOHINOOR,KOTAKBANK,KRBL,KRISHNA,KRL,KTKBANK,KUMARS,LAKSHMI,LALPATHLAB,LAURUSLABS,LICHSGFIN,LT,LTF,LTTS,LUPIN,M& M,MADURA,MAFATIND,MAHABANK,MALWA,MANPASAND,MARICO,MARUTI,MASTEK,MATRIX,MAXIND,MCDOWELL,MCLEODRUSS,MERCK,MERIND,MGL,MIRZAINT,MODIXEROX,MOREPENLAB,MOTHERSON,MOTHERSUMI,MPHASIS,MRF,MRPL,MTNL,NAGARFERT,NAHAR,NAHARPOLY,NAHARSPING,NATCOPHARM,NATIONAL,NATIONALUM,NAVA,NAVINFLUOR,NAVNETED,NCC,NESTLEIND,NETWORK18,NH,NILKAMAL,NIRMA,NITCO,NLCINDIA,NMDC,NTPC,OBC,OFSS,OILCOUNTUB,OLECTRA,OMAXAUTO,OMAXE,ONELIFECAP,ONGC,ONIDA,ORIENTCEM,OSWALAGRO,PARAGMILK,PATANJALI,PATNI,PATSPIN,PCBL,PCJEWELLER,PDMJEPAPER,PEL,PENTAFOUR,PENTAMEDIA,PERSISTENT,PETRONET,PFIZER,PGHL,PHIL,PHILIPS,PHOENIX,PIDILITIND,PNB,POLARIS,POONAWALLA,PRAJIND,PREMIERENE,PRESTIGE,PSIDATA,PTC,PUNJABCHEM,PUNJLLOYD,PUNJTRACT,QUESS,RAASI,RAIN,RAJESHEXPO,RALLIS,RAMCOCEM,RAMCOSYS,RATNAMANI,RAYMOND,RBLBANK,RCF,RCOM,RECKITT,RECLTD,RECRON,REIAGRO,RELAXO,RELCAPITAL,RELIANCE,RELIGARE,RELINFRA,RELMEDIA,RKFORGE,RPGTRANS,RPOWER,RSWM,RTNPOWER,SAIL,SANGHI,SANOFI,SAREGAMA,SCHAEFFLER,SCHENECT,SCHNEIDER,SCI,SCILAL,SDREAMS,SESASTERL,SESHAPAPER,SHARDACROP,SHAWWALLA,SHILPAMED,SHK,SHREECEM,SHRIRAMFIN,SHYAMTEL,SIEMENS,SIL,SJVN,SKFINDIA,SKSMICRO,SMLISUZU,SNOWMAN,SOLARINDS,SOMANYCERA,SONATSOFTW,SOUTHBANK,SPARC,SRF,STAR,STATE,STERLITE,STYROLUT,SUNCLAY,SUNDARMFIN,SUNDRMFAST,SUNPHARMA,SUPREMEIND,SUVEN,SYMPHONY,SYNGENE,TAKE,TAMIL,TATACHEM,TATACOMM,TATACONSUM,TATAELXSI,TATAINVEST,TATAMETAL,TATAMOTORS,TATAPOWER,TATASPONGE,TATASTEEL,TCS,TECH,TEXRAIL,THERMAX,THIRU,THOMASCOOK,THYROCARE,TIMEX,TIMKEN,TITAN,TMCV,TODAYS,TORNTPHARM,TORNTPOWER,TRANSPEK,TRENT,TRIDENT,TRITURBINE,TTKPRESTIG,TVSSRICHAK,TVTODAY,UBL,UCALFUEL,UFLEX,UJJIVAN,ULTRACEMCO,UNICHEMLAB,UNIONBANK,UNOMINDA,VARUN,VBL,VHL,VISHAL,VOLTAS,VTL,WELENT,WIDIA,WIMCO,WINDMACH,WINSOME,WIPRO,WOCKPHARMA,WONDERLA,WSI,WSTCSTPAPR,ZANDU,ZEELEARN,ZENSARTECH"
2017-06-23,Nifty500,SFL,852IIFL29,"3MINDIA,8KMILES,AARTIIND,ABANOFFSH,ABB,ABBOTINDIA,ABREL,ACC,ADANIENSOL,ADANIENT,ADANIPOWER,ADVENZYMES,AEGISLOG,AGCNETWO,AIAENG,AKZOINDIA,ALKEM,ALLCARGO,ALTOS,AMBALAL,AMBUJACEM,ANDHRAVALY,APARINDS,APLAPOLLO,APOLLOHOSP,APOLLOTYRE,APPAPER,APPLE,ARVIND,ASAHIINDIA,ASHOKLEY,ASIANPAINT,ASTRAZENCA,ATUL,ATULAUTO,AVANTIFEED,AVERY,AXISBANK,BAJAJ,BAJAJ-AUTO,BAJAJHIND,BAJAJHLDNG,BAJFINANCE,BALAJI,BALMLAWRIE,BALRAMCHIN,BANKBARODA,BANKINDIA,BASF,BATAINDIA,BBTC,BEL,BEML,BERGEPAINT,BFUTILITIE,BGRENERGY,BHARATFORG,BHARTIARTL,BHEL,BHUSHANSTL,BI,BIOCON,BIRLACORPN,BIRLAMONEY,BLISSGVS,BLOWPLAST,BLUEDART,BLUESTARCO,BOMDYEING,BOSCH-HCIL,BOSCHLTD,BPCL,BRABOURNE,BRITANNIA,BSOFT,CABLE,CADBURY,CANBK,CANFINHOME,CAPLIN,CASTROLIND,CCL,CEATLTD,CENTRALBK,CENTURYTEX,CERA,CESC,CGPOWER,CHAMBLFERT,CHEMINOR,CHEMPLASTS,CHENNPETRO,CHETTINAD,CHOLAFIN,CHOLAHLDNG,CIPLA,CMC,COALINDIA,COFFEEDAY,COFORGE,COLPAL,CONCOR,CONSOFINVT,COROMANDEL,CRISIL,CROMPTON,CUB,CUMMINSIND,CYBERTECH,DABUR,DAEWOO,DALMIASUG,DBCORP,DBL,DCAL,DCLPOLYE,DCW,DEEPAKFERT,DHAMPURSUG,DHANBANK,DHFL,DICIND,DIGJAMLMTD,DISHTV,DLF,DRREDDY,DSQSOFTW,ECLERX,EICHERMOT,EIDPARRY,EIHOTEL,ELECON,ELECTREX,ELGIRUBCO,ENDURANCE,ENERGY,ENGINERSIN,EQUITAS,ESCORTS,ESSAR,EXCELINDUS,EXIDEIND,FACT,FAGBEARI,FDC,FEDERALBNK,FINCABLES,FLUOROCHEM,FMGOETZE,FORBES,FORTIS,FOSECOIND,FULFORD,GAEL,GAIL,GANESHBE,GARDEN,GAYAPROJ,GESHIP,GHCL,GILLETTE,GKNDRIVE,GLAXO,GLENMARK,GLFL,GMDCLTD,GNFC,GODFRYPHLP,GODREJCP,GODREJIND,GOKEX,GOODRICKE,GOODYEAR,GPPL,GRANULES,GREAVESCOT,GRINDWELL,GRUH,GSFC,GSKCONS,GSPL,GUJALKALI,GUJGASLTD,GVT&D,HARRMALAYA,HAVELLS,HCC,HCL-INSYS,HCLTECH,HDFC,HDFCBANK,HEALTHCARE,HEIDELBERG,HERBERTS,HEROMOTOCO,HEXT,HIMACHAL,HIMATSEIDE,HINDALCO,HINDCOPPER,HINDPETRO,HINDSYNTEX,HINDUJA,HINDUNILVR,HINDUSTAN,HINDZINC,HMVL,HOGANAS,HONAUT,HUBTOWN,IBREALEST,IBULLSLTD,ICICIBANK,ICICIPRULI,ICIL,IDBI,IDFCFIRSTB,IFBIND,IFCI,IGARASHI,IGL,IL&FSTRANS,INDHOTEL,INDIACEM,INDIAGLYCO,INDIANB,INDIGO,INDOCO,INDUSINDBK,INDUSTOWER,INFIBEAM,INFY,INOXWIND,INSILCO,INTELLECT,IOB,IOC,IONEXCHANG,IPCALAB,IPRINGS,ISMT,ISPAT,ITC,ITDCEMEN,ITI,ITWSIGNO,JAGRAN,JAICORPLTD,JBCHEPHARM,JBMA,JETAIRWAYS,JGCHEM,JINDALPHOT,JINDALPOLY,JINDALSTEL,JISLJALEQS,JKCEMENT,JKTYRE,JMTAUTO,JPASSOCIAT,JUBLFOOD,JUBLINGRY,KAJARIACER,KANSAINER,KARURVYSYA,KARUTURI,KINETIC,KMSUGAR,KNRCON,KOHINOOR,KOTAKBANK,KRBL,KRISHNA,KRL,KTKBANK,KUMARS,LAKSHMI,LALPATHLAB,LAURUSLABS,LICHSGFIN,LT,LTF,LTTS,LUPIN,M& M,MADURA,MAFATIND,MAHABANK,MALWA,MANPASAND,MARICO,MARUTI,MASTEK,MATRIX,MAXIND,MCDOWELL,MCLEODRUSS,MERCK,MERIND,MGL,MIRZAINT,MODIXEROX,MOREPENLAB,MOTHERSON,MOTHERSUMI,MPHASIS,MRF,MRPL,MTNL,NAGARFERT,NAHAR,NAHARPOLY,NAHARSPING,NATCOPHARM,NATIONAL,NATIONALUM,NAVA,NAVINFLUOR,NAVNETED,NCC,NESTLEIND,NETWORK18,NH,NILKAMAL,NIRMA,NITCO,NLCINDIA,NMDC,NTPC,OBC,OFSS,OILCOUNTUB,OLECTRA,OMAXAUTO,OMAXE,ONELIFECAP,ONGC,ONIDA,ORIENTCEM,OSWALAGRO,PARAGMILK,PATANJALI,PATNI,PATSPIN,PCBL,PCJEWELLER,PDMJEPAPER,PEL,PENTAFOUR,PENTAMEDIA,PERSISTENT,PETRONET,PFIZER,PGHL,PHIL,PHILIPS,PHOENIX,PIDILITIND,PNB,POLARIS,POONAWALLA,PRAJIND,PREMIERENE,PRESTIGE,PSIDATA,PTC,PUNJABCHEM,PUNJLLOYD,PUNJTRACT,QUESS,RAASI,RAIN,RAJESHEXPO,RALLIS,RAMCOCEM,RAMCOSYS,RATNAMANI,RAYMOND,RBLBANK,RCF,RCOM,RECKITT,RECLTD,RECRON,REIAGRO,RELAXO,RELCAPITAL,RELIANCE,RELIGARE,RELINFRA,RELMEDIA,RKFORGE,RPGTRANS,RPOWER,RSWM,RTNPOWER,SAIL,SANGHI,SANOFI,SAREGAMA,SCHAEFFLER,SCHENECT,SCHNEIDER,SCI,SCILAL,SDREAMS,SESASTERL,SESHAPAPER,SFL,SHARDACROP,SHAWWALLA,SHILPAMED,SHK,SHREECEM,SHRIRAMFIN,SHYAMTEL,SIEMENS,SIL,SJVN,SKFINDIA,SKSMICRO,SMLISUZU,SNOWMAN,SOLARINDS,SOMANYCERA,SONATSOFTW,SOUTHBANK,SPARC,SRF,STAR,STERLITE,STYROLUT,SUNCLAY,SUNDARMFIN,SUNDRMFAST,SUNPHARMA,SUPREMEIND,SUVEN,SYMPHONY,SYNGENE,TAKE,TAMIL,TATACHEM,TATACOMM,TATACONSUM,TATAELXSI,TATAINVEST,TATAMETAL,TATAMOTORS,TATAPOWER,TATASPONGE,TATASTEEL,TCS,TECH,TEXRAIL,THERMAX,THIRU,THOMASCOOK,THYROCARE,TIMEX,TIMKEN,TITAN,TMCV,TODAYS,TORNTPHARM,TORNTPOWER,TRANSPEK,TRENT,TRIDENT,TRITURBINE,TTKPRESTIG,TVSSRICHAK,TVTODAY,UBL,UCALFUEL,UFLEX,UJJIVAN,ULTRACEMCO,UNICHEMLAB,UNIONBANK,UNOMINDA,VARUN,VBL,VHL,VISHAL,VOLTAS,VTL,WELENT,WIDIA,WIMCO,WINDMACH,WINSOME,WIPRO,WOCKPHARMA,WONDERLA,WSI,WSTCSTPAPR,ZANDU,ZEELEARN,ZENSARTECH"
2017-09-05,Nifty500,"MFSL,MFSL","RELCAPITAL,RELCAPITAL","3MINDIA,8KMILES,AARTIIND,ABANOFFSH,ABB,ABBOTINDIA,ABREL,ACC,ADANIENSOL,ADANIENT,ADANIPOWER,ADVENZYMES,AEGISLOG,AGCNETWO,AIAENG,AKZOINDIA,ALKEM,ALLCARGO,ALTOS,AMBALAL,AMBUJACEM,ANDHRAVALY,APARINDS,APLAPOLLO,APOLLOHOSP,APOLLOTYRE,APPAPER,APPLE,ARVIND,ASAHIINDIA,ASHOKLEY,ASIANPAINT,ASTRAZENCA,ATUL,ATULAUTO,AVANTIFEED,AVERY,AXISBANK,BAJAJ,BAJAJ-AUTO,BAJAJHIND,BAJAJHLDNG,BAJFINANCE,BALAJI,BALMLAWRIE,BALRAMCHIN,BANKBARODA,BANKINDIA,BASF,BATAINDIA,BBTC,BEL,BEML,BERGEPAINT,BFUTILITIE,BGRENERGY,BHARATFORG,BHARTIARTL,BHEL,BHUSHANSTL,BI,BIOCON,BIRLACORPN,BIRLAMONEY,BLISSGVS,BLOWPLAST,BLUEDART,BLUESTARCO,BOMDYEING,BOSCH-HCIL,BOSCHLTD,BPCL,BRABOURNE,BRITANNIA,BSOFT,CABLE,CADBURY,CANBK,CANFINHOME,CAPLIN,CASTROLIND,CCL,CEATLTD,CENTRALBK,CENTURYTEX,CERA,CESC,CGPOWER,CHAMBLFERT,CHEMINOR,CHEMPLASTS,CHENNPETRO,CHETTINAD,CHOLAFIN,CHOLAHLDNG,CIPLA,CMC,COALINDIA,COFFEEDAY,COFORGE,COLPAL,CONCOR,CONSOFINVT,COROMANDEL,CRISIL,CROMPTON,CUB,CUMMINSIND,CYBERTECH,DABUR,DAEWOO,DALMIASUG,DBCORP,DBL,DCAL,DCLPOLYE,DCW,DEEPAKFERT,DHAMPURSUG,DHANBANK,DHFL,DICIND,DIGJAMLMTD,DISHTV,DLF,DRREDDY,DSQSOFTW,ECLERX,EICHERMOT,EIDPARRY,EIHOTEL,ELECON,ELECTREX,ELGIRUBCO,ENDURANCE,ENERGY,ENGINERSIN,EQUITAS,ESCORTS,ESSAR,EXCELINDUS,EXIDEIND,FACT,FAGBEARI,FDC,FEDERALBNK,FINCABLES,FLUOROCHEM,FMGOETZE,FORBES,FORTIS,FOSECOIND,FULFORD,GAEL,GAIL,GANESHBE,GARDEN,GAYAPROJ,GESHIP,GHCL,GILLETTE,GKNDRIVE,GLAXO,GLENMARK,GLFL,GMDCLTD,GNFC,GODFRYPHLP,GODREJCP,GODREJIND,GOKEX,GOODRICKE,GOODYEAR,GPPL,GRANULES,GREAVESCOT,GRINDWELL,GRUH,GSFC,GSKCONS,GSPL,GUJALKALI,GUJGASLTD,GVT&D,HARRMALAYA,HAVELLS,HCC,HCL-INSYS,HCLTECH,HDFC,HDFCBANK,HEALTHCARE,HEIDELBERG,HERBERTS,HEROMOTOCO,HEXT,HIMACHAL,HIMATSEIDE,HINDALCO,HINDCOPPER,HINDPETRO,HINDSYNTEX,HINDUJA,HINDUNILVR,HINDUSTAN,HINDZINC,HMVL,HOGANAS,HONAUT,HUBTOWN,IBREALEST,IBULLSLTD,ICICIBANK,ICICIPRULI,ICIL,IDBI,IDFCFIRSTB,IFBIND,IFCI,IGARASHI,IGL,IL&FSTRANS,INDHOTEL,INDIACEM,INDIAGLYCO,INDIANB,INDIGO,INDOCO,INDUSINDBK,INDUSTOWER,INFIBEAM,INFY,INOXWIND,INSILCO,INTELLECT,IOB,IOC,IONEXCHANG,IPCALAB,IPRINGS,ISMT,ISPAT,ITC,ITDCEMEN,ITI,ITWSIGNO,JAGRAN,JAICORPLTD,JBCHEPHARM,JBMA,JETAIRWAYS,JGCHEM,JINDALPHOT,JINDALPOLY,JINDALSTEL,JISLJALEQS,JKCEMENT,JKTYRE,JMTAUTO,JPASSOCIAT,JUBLFOOD,JUBLINGRY,KAJARIACER,KANSAINER,KARURVYSYA,KARUTURI,KINETIC,KMSUGAR,KNRCON,KOHINOOR,KOTAKBANK,KRBL,KRISHNA,KRL,KTKBANK,KUMARS,LAKSHMI,LALPATHLAB,LAURUSLABS,LICHSGFIN,LT,LTF,LTTS,LUPIN,M& M,MADURA,MAFATIND,MAHABANK,MALWA,MANPASAND,MARICO,MARUTI,MASTEK,MATRIX,MAXIND,MCDOWELL,MCLEODRUSS,MERCK,MERIND,MFSL,MGL,MIRZAINT,MODIXEROX,MOREPENLAB,MOTHERSON,MOTHERSUMI,MPHASIS,MRF,MRPL,MTNL,NAGARFERT,NAHAR,NAHARPOLY,NAHARSPING,NATCOPHARM,NATIONAL,NATIONALUM,NAVA,NAVINFLUOR,NAVNETED,NCC,NESTLEIND,NETWORK18,NH,NILKAMAL,NIRMA,NITCO,NLCINDIA,NMDC,NTPC,OBC,OFSS,OILCOUNTUB,OLECTRA,OMAXAUTO,OMAXE,ONELIFECAP,ONGC,ONIDA,ORIENTCEM,OSWALAGRO,PARAGMILK,PATANJALI,PATNI,PATSPIN,PCBL,PCJEWELLER,PDMJEPAPER,PEL,PENTAFOUR,PENTAMEDIA,PERSISTENT,PETRONET,PFIZER,PGHL,PHIL,PHILIPS,PHOENIX,PIDILITIND,PNB,POLARIS,POONAWALLA,PRAJIND,PREMIERENE,PRESTIGE,PSIDATA,PTC,PUNJABCHEM,PUNJLLOYD,PUNJTRACT,QUESS,RAASI,RAIN,RAJESHEXPO,RALLIS,RAMCOCEM,RAMCOSYS,RATNAMANI,RAYMOND,RBLBANK,RCF,RCOM,RECKITT,RECLTD,RECRON,REIAGRO,RELAXO,RELIANCE,RELIGARE,RELINFRA,RELMEDIA,RKFORGE,RPGTRANS,RPOWER,RSWM,RTNPOWER,SAIL,SANGHI,SANOFI,SAREGAMA,SCHAEFFLER,SCHENECT,SCHNEIDER,SCI,SCILAL,SDREAMS,SESASTERL,SESHAPAPER,SFL,SHARDACROP,SHAWWALLA,SHILPAMED,SHK,SHREECEM,SHRIRAMFIN,SHYAMTEL,SIEMENS,SIL,SJVN,SKFINDIA,SKSMICRO,SMLISUZU,SNOWMAN,SOLARINDS,SOMANYCERA,SONATSOFTW,SOUTHBANK,SPARC,SRF,STAR,STERLITE,STYROLUT,SUNCLAY,SUNDARMFIN,SUNDRMFAST,SUNPHARMA,SUPREMEIND,SUVEN,SYMPHONY,SYNGENE,TAKE,TAMIL,TATACHEM,TATACOMM,TATACONSUM,TATAELXSI,TATAINVEST,TATAMETAL,TATAMOTORS,TATAPOWER,TATASPONGE,TATASTEEL,TCS,TECH,TEXRAIL,THERMAX,THIRU,THOMASCOOK,THYROCARE,TIMEX,TIMKEN,TITAN,TMCV,TODAYS,TORNTPHARM,TORNTPOWER,TRANSPEK,TRENT,TRIDENT,TRITURBINE,TTKPRESTIG,TVSSRICHAK,TVTODAY,UBL,UCALFUEL,UFLEX,UJJIVAN,ULTRACEMCO,UNICHEMLAB,UNIONBANK,UNOMINDA,VARUN,VBL,VHL,VISHAL,VOLTAS,VTL,WELENT,WIDIA,WIMCO,WINDMACH,WINSOME,WIPRO,WOCKPHARMA,WONDERLA,WSI,WSTCSTPAPR,ZANDU,ZEELEARN,ZENSARTECH"
2017-09-29,Nifty500,"BSE,FLFL,HERITGFOOD,WSI,ITDC,IBVENTURES,INGERRAND,ITIETF,JPPOWER,JINDALSAW,JSL,JSL,LINDEINDIA,NFL,RUPA,VESUVIUS,SHOPERSTOP,SUPRAJIT,SPLPETRO,TIMETECHNO,BANKINDIA,BRIGADE,BRFL,DMART","GRINDWELL,ZYDUSWELL,AMTEKAUTO,ANANTRAJ,ASAHIINDIA,FDC,FMGOETZE,HONAUT,JMTAUTO,KNRCON,WSI,ORISSAMINE,HMVL,RATNAMANI,RELAXO,RIIL,ROLTA,RUCHISOYA,STATE,OIL,TRITURBINE,WSI,WONDERLA,PUNJLLOYD","3MINDIA,8KMILES,AARTIIND,ABANOFFSH,ABB,ABBOTINDIA,ABREL,ACC,ADANIENSOL,ADANIENT,ADANIPOWER,ADVENZYMES,AEGISLOG,AGCNETWO,AIAENG,AKZOINDIA,ALKEM,ALLCARGO,ALTOS,AMBALAL,AMBUJACEM,ANDHRAVALY,APARINDS,APLAPOLLO,APOLLOHOSP,APOLLOTYRE,APPAPER,APPLE,ARVIND,ASHOKLEY,ASIANPAINT,ASTRAZENCA,ATUL,ATULAUTO,AVANTIFEED,AVERY,AXISBANK,BAJAJ,BAJAJ-AUTO,BAJAJHIND,BAJAJHLDNG,BAJFINANCE,BALMLAWRIE,BALRAMCHIN,BANKBARODA,BANKINDIA,BASF,BATAINDIA,BBTC,BEL,BEML,BERGEPAINT,BGRENERGY,BHARATFORG,BHARTIARTL,BHEL,BHUSHANSTL,BI,BIOCON,BIRLACORPN,BLISSGVS,BLOWPLAST,BLUEDART,BLUESTARCO,BOMDYEING,BOSCH-HCIL,BOSCHLTD,BPCL,BRABOURNE,BRFL,BRIGADE,BRITANNIA,BSE,BSOFT,CABLE,CANBK,CANFINHOME,CAPLIN,CASTROLIND,CCL,CEATLTD,CENTRALBK,CENTURYTEX,CERA,CESC,CGPOWER,CHAMBLFERT,CHEMINOR,CHEMPLASTS,CHENNPETRO,CHETTINAD,CHOLAFIN,CHOLAHLDNG,CIPLA,CMC,COALINDIA,COFFEEDAY,COFORGE,COLPAL,CONCOR,CONSOFINVT,COROMANDEL,CRISIL,CROMPTON,CUB,CUMMINSIND,CYBERTECH,DABUR,DALMIASUG,DBCORP,DBL,DCAL,DCLPOLYE,DCW,DEEPAKFERT,DHAMPURSUG,DHANBANK,DHFL,DICIND,DIGJAMLMTD,DISHTV,DLF,DMART,DRREDDY,DSQSOFTW,ECLERX,EICHERMOT,EIDPARRY,EIHOTEL,ELECON,ELECTREX,ELGIRUBCO,ENDURANCE,ENERGY,ENGINERSIN,ESCORTS,ESSAR,EXCELINDUS,EXIDEIND,FACT,FAGBEARI,FEDERALBNK,FINCABLES,FLFL,FLUOROCHEM,FORBES,FORTIS,FOSECOIND,FULFORD,GAEL,GAIL,GANESHBE,GARDEN,GAYAPROJ,GESHIP,GHCL,GILLETTE,GKNDRIVE,GLAXO,GLENMARK,GLFL,GMDCLTD,GNFC,GODFRYPHLP,GODREJCP,GODREJIND,GOKEX,GOODRICKE,GOODYEAR,GPPL,GRANULES,GREAVESCOT,GRUH,GSFC,GSKCONS,GSPL,GUJALKALI,GUJGASLTD,GVT&D,HARRMALAYA,HAVELLS,HCC,HCL-INSYS,HCLTECH,HDFC,HDFCBANK,HEALTHCARE,HEIDELBERG,HERBERTS,HERITGFOOD,HEROMOTOCO,HEXT,HIMACHAL,HIMATSEIDE,HINDALCO,HINDCOPPER,HINDPETRO,HINDSYNTEX,HINDUJA,HINDUNILVR,HINDUSTAN,HINDZINC,HOGANAS,HUBTOWN,IBREALEST,IBULLSLTD,IBVENTURES,ICICIBANK,ICICIPRULI,ICIL,IDBI,IDFCFIRSTB,IFBIND,IFCI,IGARASHI,IGL,IL&FSTRANS,INDHOTEL,INDIACEM,INDIAGLYCO,INDIANB,INDIGO,INDOCO,INDUSINDBK,INDUSTOWER,INFIBEAM,INFY,INGERRAND,INOXWIND,INSILCO,INTELLECT,IOB,IOC,IONEXCHANG,IPCALAB,IPRINGS,ISMT,ISPAT,ITC,ITDC,ITDCEMEN,ITI,ITIETF,ITWSIGNO,JAGRAN,JAICORPLTD,JBCHEPHARM,JBMA,JETAIRWAYS,JGCHEM,JINDALPHOT,JINDALPOLY,JINDALSAW,JINDALSTEL,JISLJALEQS,JKCEMENT,JKTYRE,JPASSOCIAT,JPPOWER,JSL,JUBLFOOD,JUBLINGRY,KAJARIACER,KANSAINER,KARURVYSYA,KARUTURI,KINETIC,KMSUGAR,KOHINOOR,KOTAKBANK,KRBL,KRISHNA,KTKBANK,KUMARS,LAKSHMI,LALPATHLAB,LAURUSLABS,LICHSGFIN,LINDEINDIA,LT,LTF,LTTS,LUPIN,M& M,MADURA,MAFATIND,MAHABANK,MALWA,MANPASAND,MARICO,MARUTI,MASTEK,MATRIX,MAXIND,MCDOWELL,MCLEODRUSS,MERCK,MERIND,MFSL,MGL,MIRZAINT,MODIXEROX,MOREPENLAB,MOTHERSON,MOTHERSUMI,MPHASIS,MRF,MRPL,MTNL,NAGARFERT,NAHAR,NAHARPOLY,NAHARSPING,NATCOPHARM,NATIONAL,NATIONALUM,NAVA,NAVINFLUOR,NAVNETED,NCC,NESTLEIND,NETWORK18,NFL,NH,NILKAMAL,NIRMA,NITCO,NLCINDIA,NMDC,NTPC,OBC,OFSS,OILCOUNTUB,OLECTRA,OMAXAUTO,OMAXE,ONELIFECAP,ONGC,ONIDA,ORIENTCEM,OSWALAGRO,PARAGMILK,PATANJALI,PATNI,PATSPIN,PCBL,PCJEWELLER,PDMJEPAPER,PEL,PENTAFOUR,PENTAMEDIA,PERSISTENT,PETRONET,PFIZER,PGHL,PHIL,PHILIPS,PHOENIX,PIDILITIND,PNB,POLARIS,POONAWALLA,PRAJIND,PREMIERENE,PRESTIGE,PSIDATA,PTC,PUNJABCHEM,PUNJTRACT,QUESS,RAASI,RAIN,RAJESHEXPO,RALLIS,RAMCOCEM,RAMCOSYS,RAYMOND,RBLBANK,RCF,RCOM,RECKITT,RECLTD,RECRON,REIAGRO,RELIANCE,RELIGARE,RELINFRA,RELMEDIA,RKFORGE,RPGTRANS,RPOWER,RSWM,RTNPOWER,RUPA,SAIL,SANGHI,SANOFI,SAREGAMA,SCHAEFFLER,SCHENECT,SCHNEIDER,SCI,SCILAL,SDREAMS,SESASTERL,SESHAPAPER,SFL,SHARDACROP,SHAWWALLA,SHILPAMED,SHK,SHOPERSTOP,SHREECEM,SHRIRAMFIN,SHYAMTEL,SIEMENS,SIL,SJVN,SKFINDIA,SKSMICRO,SMLISUZU,SNOWMAN,SOLARINDS,SOMANYCERA,SONATSOFTW,SOUTHBANK,SPARC,SPLPETRO,SRF,STAR,STYROLUT,SUNCLAY,SUNDARMFIN,SUNDRMFAST,SUNPHARMA,SUPRAJIT,SUPREMEIND,SUVEN,SYMPHONY,SYNGENE,TAKE,TAMIL,TATACHEM,TATACOMM,TATACONSUM,TATAELXSI,TATAINVEST,TATAMETAL,TATAMOTORS,TATAPOWER,TATASPONGE,TATASTEEL,TCS,TECH,TEXRAIL,THERMAX,THIRU,THOMASCOOK,THYROCARE,TIMETECHNO,TIMEX,TIMKEN,TITAN,TMCV,TODAYS,TORNTPHARM,TORNTPOWER,TRANSPEK,TRENT,TRIDENT,TTKPRESTIG,TVSSRICHAK,TVTODAY,UBL,UCALFUEL,UFLEX,UJJIVAN,ULTRACEMCO,UNICHEMLAB,UNIONBANK,UNOMINDA,VARUN,VBL,VESUVIUS,VHL,VISHAL,VOLTAS,VTL,WELENT,WIDIA,WIMCO,WINDMACH,WINSOME,WIPRO,WOCKPHARMA,WSI,WSTCSTPAPR,ZANDU,ZEELEARN,ZENSARTECH"
2017-10-30,Nifty500,URBANCO,SDREAMS,"3MINDIA,8KMILES,AARTIIND,ABANOFFSH,ABB,ABBOTINDIA,ABREL,ACC,ADANIENSOL,ADANIENT,ADANIPOWER,ADVENZYMES,AEGISLOG,AGCNETWO,AIAENG,AKZOINDIA,ALKEM,ALLCARGO,ALTOS,AMBALAL,AMBUJACEM,ANDHRAVALY,APARINDS,APLAPOLLO,APOLLOHOSP,APOLLOTYRE,APPAPER,APPLE,ARVIND,ASHOKLEY,ASIANPAINT,ASTRAZENCA,ATUL,ATULAUTO,AVANTIFEED,AVERY,AXISBANK,BAJAJ,BAJAJ-AUTO,BAJAJHIND,BAJAJHLDNG,BAJFINANCE,BALMLAWRIE,BALRAMCHIN,BANKBARODA,BANKINDIA,BASF,BATAINDIA,BBTC,BEL,BEML,BERGEPAINT,BGRENERGY,BHARATFORG,BHARTIARTL,BHEL,BHUSHANSTL,BI,BIOCON,BIRLACORPN,BLISSGVS,BLOWPLAST,BLUEDART,BLUESTARCO,BOMDYEING,BOSCH-HCIL,BOSCHLTD,BPCL,BRABOURNE,BRFL,BRIGADE,BRITANNIA,BSE,BSOFT,CABLE,CANBK,CANFINHOME,CAPLIN,CASTROLIND,CCL,CEATLTD,CENTRALBK,CENTURYTEX,CERA,CESC,CGPOWER,CHAMBLFERT,CHEMINOR,CHEMPLASTS,CHENNPETRO,CHETTINAD,CHOLAFIN,CHOLAHLDNG,CIPLA,CMC,COALINDIA,COFFEEDAY,COFORGE,COLPAL,CONCOR,CONSOFINVT,COROMANDEL,CRISIL,CROMPTON,CUB,CUMMINSIND,CYBERTECH,DABUR,DALMIASUG,DBCORP,DBL,DCAL,DCLPOLYE,DCW,DEEPAKFERT,DHAMPURSUG,DHANBANK,DHFL,DICIND,DIGJAMLMTD,DISHTV,DLF,DMART,DRREDDY,DSQSOFTW,ECLERX,EICHERMOT,EIDPARRY,EIHOTEL,ELECON,ELECTREX,ELGIRUBCO,ENDURANCE,ENERGY,ENGINERSIN,ESCORTS,ESSAR,EXCELINDUS,EXIDEIND,FACT,FAGBEARI,FEDERALBNK,FINCABLES,FLFL,FLUOROCHEM,FORBES,FORTIS,FOSECOIND,FULFORD,GAEL,GAIL,GANESHBE,GARDEN,GAYAPROJ,GESHIP,GHCL,GILLETTE,GKNDRIVE,GLAXO,GLENMARK,GLFL,GMDCLTD,GNFC,GODFRYPHLP,GODREJCP,GODREJIND,GOKEX,GOODRICKE,GOODYEAR,GPPL,GRANULES,GREAVESCOT,GRUH,GSFC,GSKCONS,GSPL,GUJALKALI,GUJGASLTD,GVT&D,HARRMALAYA,HAVELLS,HCC,HCL-INSYS,HCLTECH,HDFC,HDFCBANK,HEALTHCARE,HEIDELBERG,HERBERTS,HERITGFOOD,HEROMOTOCO,HEXT,HIMACHAL,HIMATSEIDE,HINDALCO,HINDCOPPER,HINDPETRO,HINDSYNTEX,HINDUJA,HINDUNILVR,HINDUSTAN,HINDZINC,HOGANAS,HUBTOWN,IBREALEST,IBULLSLTD,IBVENTURES,ICICIBANK,ICICIPRULI,ICIL,IDBI,IDFCFIRSTB,IFBIND,IFCI,IGARASHI,IGL,IL&FSTRANS,INDHOTEL,INDIACEM,INDIAGLYCO,INDIANB,INDIGO,INDOCO,INDUSINDBK,INDUSTOWER,INFIBEAM,INFY,INGERRAND,INOXWIND,INSILCO,INTELLECT,IOB,IOC,IONEXCHANG,IPCALAB,IPRINGS,ISMT,ISPAT,ITC,ITDC,ITDCEMEN,ITI,ITIETF,ITWSIGNO,JAGRAN,JAICORPLTD,JBCHEPHARM,JBMA,JETAIRWAYS,JGCHEM,JINDALPHOT,JINDALPOLY,JINDALSAW,JINDALSTEL,JISLJALEQS,JKCEMENT,JKTYRE,JPASSOCIAT,JPPOWER,JSL,JUBLFOOD,JUBLINGRY,KAJARIACER,KANSAINER,KARURVYSYA,KARUTURI,KINETIC,KMSUGAR,KOHINOOR,KOTAKBANK,KRBL,KRISHNA,KTKBANK,KUMARS,LAKSHMI,LALPATHLAB,LAURUSLABS,LICHSGFIN,LINDEINDIA,LT,LTF,LTTS,LUPIN,M& M,MADURA,MAFATIND,MAHABANK,MALWA,MANPASAND,MARICO,MARUTI,MASTEK,MATRIX,MAXIND,MCDOWELL,MCLEODRUSS,MERCK,MERIND,MFSL,MGL,MIRZAINT,MODIXEROX,MOREPENLAB,MOTHERSON,MOTHERSUMI,MPHASIS,MRF,MRPL,MTNL,NAGARFERT,NAHAR,NAHARPOLY,NAHARSPING,NATCOPHARM,NATIONAL,NATIONALUM,NAVA,NAVINFLUOR,NAVNETED,NCC,NESTLEIND,NETWORK18,NFL,NH,NILKAMAL,NIRMA,NITCO,NLCINDIA,NMDC,NTPC,OBC,OFSS,OILCOUNTUB,OLECTRA,OMAXAUTO,OMAXE,ONELIFECAP,ONGC,ONIDA,ORIENTCEM,OSWALAGRO,PARAGMILK,PATANJALI,PATNI,PATSPIN,PCBL,PCJEWELLER,PDMJEPAPER,PEL,PENTAFOUR,PENTAMEDIA,PERSISTENT,PETRONET,PFIZER,PGHL,PHIL,PHILIPS,PHOENIX,PIDILITIND,PNB,POLARIS,POONAWALLA,PRAJIND,PREMIERENE,PRESTIGE,PSIDATA,PTC,PUNJABCHEM,PUNJTRACT,QUESS,RAASI,RAIN,RAJESHEXPO,RALLIS,RAMCOCEM,RAMCOSYS,RAYMOND,RBLBANK,RCF,RCOM,RECKITT,RECLTD,RECRON,REIAGRO,RELIANCE,RELIGARE,RELINFRA,RELMEDIA,RKFORGE,RPGTRANS,RPOWER,RSWM,RTNPOWER,RUPA,SAIL,SANGHI,SANOFI,SAREGAMA,SCHAEFFLER,SCHENECT,SCHNEIDER,SCI,SCILAL,SESASTERL,SESHAPAPER,SFL,SHARDACROP,SHAWWALLA,SHILPAMED,SHK,SHOPERSTOP,SHREECEM,SHRIRAMFIN,SHYAMTEL,SIEMENS,SIL,SJVN,SKFINDIA,SKSMICRO,SMLISUZU,SNOWMAN,SOLARINDS,SOMANYCERA,SONATSOFTW,SOUTHBANK,SPARC,SPLPETRO,SRF,STAR,STYROLUT,SUNCLAY,SUNDARMFIN,SUNDRMFAST,SUNPHARMA,SUPRAJIT,SUPREMEIND,SUVEN,SYMPHONY,SYNGENE,TAKE,TAMIL,TATACHEM,TATACOMM,TATACONSUM,TATAELXSI,TATAINVEST,TATAMETAL,TATAMOTORS,TATAPOWER,TATASPONGE,TATASTEEL,TCS,TECH,TEXRAIL,THERMAX,THIRU,THOMASCOOK,THYROCARE,TIMETECHNO,TIMEX,TIMKEN,TITAN,TMCV,TODAYS,TORNTPHARM,TORNTPOWER,TRANSPEK,TRENT,TRIDENT,TTKPRESTIG,TVSSRICHAK,TVTODAY,UBL,UCALFUEL,UFLEX,UJJIVAN,ULTRACEMCO,UNICHEMLAB,UNIONBANK,UNOMINDA,URBANCO,VARUN,VBL,VESUVIUS,VHL,VISHAL,VOLTAS,VTL,WELENT,WIDIA,WIMCO,WINDMACH,WINSOME,WIPRO,WOCKPHARMA,WSI,WSTCSTPAPR,ZANDU,ZEELEARN,ZENSARTECH"
2017-11-13,Nifty500,"AUBANK,RELAXO","ZTECH,SUNDARMFIN","3MINDIA,8KMILES,AARTIIND,ABANOFFSH,ABB,ABBOTINDIA,ABREL,ACC,ADANIENSOL,ADANIENT,ADANIPOWER,ADVENZYMES,AEGISLOG,AGCNETWO,AIAENG,AKZOINDIA,ALKEM,ALLCARGO,ALTOS,AMBALAL,AMBUJACEM,ANDHRAVALY,APARINDS,APLAPOLLO,APOLLOHOSP,APOLLOTYRE,APPAPER,APPLE,ARVIND,ASHOKLEY,ASIANPAINT,ASTRAZENCA,ATUL,ATULAUTO,AUBANK,AVANTIFEED,AVERY,AXISBANK,BAJAJ,BAJAJ-AUTO,BAJAJHIND,BAJAJHLDNG,BAJFINANCE,BALMLAWRIE,BALRAMCHIN,BANKBARODA,BANKINDIA,BASF,BATAINDIA,BBTC,BEL,BEML,BERGEPAINT,BGRENERGY,BHARATFORG,BHARTIARTL,BHEL,BHUSHANSTL,BI,BIOCON,BIRLACORPN,BLISSGVS,BLOWPLAST,BLUEDART,BLUESTARCO,BOMDYEING,BOSCH-HCIL,BOSCHLTD,BPCL,BRABOURNE,BRFL,BRIGADE,BRITANNIA,BSE,BSOFT,CABLE,CANBK,CANFINHOME,CAPLIN,CASTROLIND,CCL,CEATLTD,CENTRALBK,CENTURYTEX,CERA,CESC,CGPOWER,CHAMBLFERT,CHEMINOR,CHEMPLASTS,CHENNPETRO,CHETTINAD,CHOLAFIN,CHOLAHLDNG,CIPLA,CMC,COALINDIA,COFFEEDAY,COFORGE,COLPAL,CONCOR,CONSOFINVT,COROMANDEL,CRISIL,CROMPTON,CUB,CUMMINSIND,CYBERTECH,DABUR,DALMIASUG,DBCORP,DBL,DCAL,DCLPOLYE,DCW,DEEPAKFERT,DHAMPURSUG,DHANBANK,DHFL,DICIND,DIGJAMLMTD,DISHTV,DLF,DMART,DRREDDY,DSQSOFTW,ECLERX,EICHERMOT,EIDPARRY,EIHOTEL,ELECON,ELECTREX,ELGIRUBCO,ENDURANCE,ENERGY,ENGINERSIN,ESCORTS,ESSAR,EXCELINDUS,EXIDEIND,FACT,FAGBEARI,FEDERALBNK,FINCABLES,FLFL,FLUOROCHEM,FORBES,FORTIS,FOSECOIND,FULFORD,GAEL,GAIL,GANESHBE,GARDEN,GAYAPROJ,GESHIP,GHCL,GILLETTE,GKNDRIVE,GLAXO,GLENMARK,GLFL,GMDCLTD,GNFC,GODFRYPHLP,GODREJCP,GODREJIND,GOKEX,GOODRICKE,GOODYEAR,GPPL,GRANULES,GREAVESCOT,GRUH,GSFC,GSKCONS,GSPL,GUJALKALI,GUJGASLTD,GVT&D,HARRMALAYA,HAVELLS,HCC,HCL-INSYS,HCLTECH,HDFC,HDFCBANK,HEALTHCARE,HEIDELBERG,HERBERTS,HERITGFOOD,HEROMOTOCO,HEXT,HIMACHAL,HIMATSEIDE,HINDALCO,HINDCOPPER,HINDPETRO,HINDSYNTEX,HINDUJA,HINDUNILVR,HINDUSTAN,HINDZINC,HOGANAS,HUBTOWN,IBREALEST,IBULLSLTD,IBVENTURES,ICICIBANK,ICICIPRULI,ICIL,IDBI,IDFCFIRSTB,IFBIND,IFCI,IGARASHI,IGL,IL&FSTRANS,INDHOTEL,INDIACEM,INDIAGLYCO,INDIANB,INDIGO,INDOCO,INDUSINDBK,INDUSTOWER,INFIBEAM,INFY,INGERRAND,INOXWIND,INSILCO,INTELLECT,IOB,IOC,IONEXCHANG,IPCALAB,IPRINGS,ISMT,ISPAT,ITC,ITDC,ITDCEMEN,ITI,ITIETF,ITWSIGNO,JAGRAN,JAICORPLTD,JBCHEPHARM,JBMA,JETAIRWAYS,JGCHEM,JINDALPHOT,JINDALPOLY,JINDALSAW,JINDALSTEL,JISLJALEQS,JKCEMENT,JKTYRE,JPASSOCIAT,JPPOWER,JSL,JUBLFOOD,JUBLINGRY,KAJARIACER,KANSAINER,KARURVYSYA,KARUTURI,KINETIC,KMSUGAR,KOHINOOR,KOTAKBANK,KRBL,KRISHNA,KTKBANK,KUMARS,LAKSHMI,LALPATHLAB,LAURUSLABS,LICHSGFIN,LINDEINDIA,LT,LTF,LTTS,LUPIN,M& M,MADURA,MAFATIND,MAHABANK,MALWA,MANPASAND,MARICO,MARUTI,MASTEK,MATRIX,MAXIND,MCDOWELL,MCLEODRUSS,MERCK,MERIND,MFSL,MGL,MIRZAINT,MODIXEROX,MOREPENLAB,MOTHERSON,MOTHERSUMI,MPHASIS,MRF,MRPL,MTNL,NAGARFERT,NAHAR,NAHARPOLY,NAHARSPING,NATCOPHARM,NATIONAL,NATIONALUM,NAVA,NAVINFLUOR,NAVNETED,NCC,NESTLEIND,NETWORK18,NFL,NH,NILKAMAL,NIRMA,NITCO,NLCINDIA,NMDC,NTPC,OBC,OFSS,OILCOUNTUB,OLECTRA,OMAXAUTO,OMAXE,ONELIFECAP,ONGC,ONIDA,ORIENTCEM,PARAGMILK,PATANJALI,PATNI,PATSPIN,PCBL,PCJEWELLER,PDMJEPAPER,PEL,PENTAFOUR,PENTAMEDIA,PERSISTENT,PETRONET,PFIZER,PGHL,PHIL,PHILIPS,PHOENIX,PIDILITIND,PNB,POLARIS,POONAWALLA,PRAJIND,PREMIERENE,PRESTIGE,PSIDATA,PTC,PUNJABCHEM,PUNJTRACT,QUESS,RAASI,RAIN,RAJESHEXPO,RALLIS,RAMCOCEM,RAMCOSYS,RAYMOND,RBLBANK,RCF,RCOM,RECKITT,RECLTD,RECRON,REIAGRO,RELAXO,RELIANCE,RELIGARE,RELINFRA,RELMEDIA,RKFORGE,RPGTRANS,RPOWER,RSWM,RTNPOWER,RUPA,SAIL,SANGHI,SANOFI,SAREGAMA,SCHAEFFLER,SCHENECT,SCHNEIDER,SCI,SCILAL,SESASTERL,SESHAPAPER,SFL,SHARDACROP,SHAWWALLA,SHILPAMED,SHK,SHOPERSTOP,SHREECEM,SHRIRAMFIN,SHYAMTEL,SIEMENS,SIL,SJVN,SKFINDIA,SKSMICRO,SMLISUZU,SNOWMAN,SOLARINDS,SOMANYCERA,SONATSOFTW,SOUTHBANK,SPARC,SPLPETRO,SRF,STAR,STYROLUT,SUNCLAY,SUNDRMFAST,SUNPHARMA,SUPRAJIT,SUPREMEIND,SUVEN,SYMPHONY,SYNGENE,TAKE,TAMIL,TATACHEM,TATACOMM,TATACONSUM,TATAELXSI,TATAINVEST,TATAMETAL,TATAMOTORS,TATAPOWER,TATASPONGE,TATASTEEL,TCS,TECH,TEXRAIL,THERMAX,THIRU,THOMASCOOK,THYROCARE,TIMETECHNO,TIMEX,TIMKEN,TITAN,TMCV,TODAYS,TORNTPHARM,TORNTPOWER,TRANSPEK,TRENT,TRIDENT,TTKPRESTIG,TVSSRICHAK,TVTODAY,UBL,UCALFUEL,UFLEX,UJJIVAN,ULTRACEMCO,UNICHEMLAB,UNIONBANK,UNOMINDA,URBANCO,VARUN,VBL,VESUVIUS,VHL,VISHAL,VOLTAS,VTL,WELENT,WIDIA,WIMCO,WINDMACH,WINSOME,WIPRO,WOCKPHARMA,WSI,WSTCSTPAPR,ZANDU,ZEELEARN,ZENSARTECH"
2017-11-20,Nifty500,STARCEMENT,GAYAPROJ,"3MINDIA,8KMILES,AARTIIND,ABANOFFSH,ABB,ABBOTINDIA,ABREL,ACC,ADANIENSOL,ADANIENT,ADANIPOWER,ADVENZYMES,AEGISLOG,AGCNETWO,AIAENG,AKZOINDIA,ALKEM,ALLCARGO,ALTOS,AMBALAL,AMBUJACEM,ANDHRAVALY,APARINDS,APLAPOLLO,APOLLOHOSP,APOLLOTYRE,APPAPER,APPLE,ARVIND,ASHOKLEY,ASIANPAINT,ASTRAZENCA,ATUL,ATULAUTO,AUBANK,AVANTIFEED,AVERY,AXISBANK,BAJAJ,BAJAJ-AUTO,BAJAJHIND,BAJAJHLDNG,BAJFINANCE,BALMLAWRIE,BALRAMCHIN,BANKBARODA,BANKINDIA,BASF,BATAINDIA,BBTC,BEL,BEML,BERGEPAINT,BGRENERGY,BHARATFORG,BHARTIARTL,BHEL,BHUSHANSTL,BI,BIOCON,BIRLACORPN,BLISSGVS,BLOWPLAST,BLUEDART,BLUESTARCO,BOMDYEING,BOSCH-HCIL,BOSCHLTD,BPCL,BRABOURNE,BRFL,BRIGADE,BRITANNIA,BSE,BSOFT,CABLE,CANBK,CANFINHOME,CAPLIN,CASTROLIND,CCL,CEATLTD,CENTRALBK,CENTURYTEX,CERA,CESC,CGPOWER,CHAMBLFERT,CHEMINOR,CHEMPLASTS,CHENNPETRO,CHETTINAD,CHOLAFIN,CHOLAHLDNG,CIPLA,CMC,COALINDIA,COFFEEDAY,COFORGE,COLPAL,CONCOR,CONSOFINVT,COROMANDEL,CRISIL,CROMPTON,CUB,CUMMINSIND,CYBERTECH,DABUR,DALMIASUG,DBCORP,DBL,DCAL,DCLPOLYE,DCW,DEEPAKFERT,DHAMPURSUG,DHANBANK,DHFL,DICIND,DIGJAMLMTD,DISHTV,DLF,DMART,DRREDDY,DSQSOFTW,ECLERX,EICHERMOT,EIDPARRY,EIHOTEL,ELECON,ELECTREX,ELGIRUBCO,ENDURANCE,ENERGY,ENGINERSIN,ESCORTS,ESSAR,EXCELINDUS,EXIDEIND,FACT,FAGBEARI,FEDERALBNK,FINCABLES,FLFL,FLUOROCHEM,FORBES,FORTIS,FOSECOIND,FULFORD,GAEL,GAIL,GANESHBE,GARDEN,GESHIP,GHCL,GILLETTE,GKNDRIVE,GLAXO,GLENMARK,GLFL,GMDCLTD,GNFC,GODFRYPHLP,GODREJCP,GODREJIND,GOKEX,GOODRICKE,GOODYEAR,GPPL,GRANULES,GREAVESCOT,GRUH,GSFC,GSKCONS,GSPL,GUJALKALI,GUJGASLTD,GVT&D,HARRMALAYA,HAVELLS,HCC,HCL-INSYS,HCLTECH,HDFC,HDFCBANK,HEALTHCARE,HEIDELBERG,HERBERTS,HERITGFOOD,HEROMOTOCO,HEXT,HIMACHAL,HIMATSEIDE,HINDALCO,HINDCOPPER,HINDPETRO,HINDSYNTEX,HINDUJA,HINDUNILVR,HINDUSTAN,HINDZINC,HOGANAS,HUBTOWN,IBREALEST,IBULLSLTD,IBVENTURES,ICICIBANK,ICICIPRULI,ICIL,IDBI,IDFCFIRSTB,IFBIND,IFCI,IGARASHI,IGL,IL&FSTRANS,INDHOTEL,INDIACEM,INDIAGLYCO,INDIANB,INDIGO,INDOCO,INDUSINDBK,INDUSTOWER,INFIBEAM,INFY,INGERRAND,INOXWIND,INSILCO,INTELLECT,IOB,IOC,IONEXCHANG,IPCALAB,IPRINGS,ISMT,ISPAT,ITC,ITDC,ITDCEMEN,ITI,ITIETF,ITWSIGNO,JAGRAN,JAICORPLTD,JBCHEPHARM,JBMA,JETAIRWAYS,JGCHEM,JINDALPHOT,JINDALPOLY,JINDALSAW,JINDALSTEL,JISLJALEQS,JKCEMENT,JKTYRE,JPASSOCIAT,JPPOWER,JSL,JUBLFOOD,JUBLINGRY,KAJARIACER,KANSAINER,KARURVYSYA,KARUTURI,KINETIC,KMSUGAR,KOHINOOR,KOTAKBANK,KRBL,KRISHNA,KTKBANK,KUMARS,LAKSHMI,LALPATHLAB,LAURUSLABS,LICHSGFIN,LINDEINDIA,LT,LTF,LTTS,LUPIN,M& M,MADURA,MAFATIND,MAHABANK,MALWA,MANPASAND,MARICO,MARUTI,MASTEK,MATRIX,MAXIND,MCDOWELL,MCLEODRUSS,MERCK,MERIND,MFSL,MGL,MIRZAINT,MODIXEROX,MOREPENLAB,MOTHERSON,MOTHERSUMI,MPHASIS,MRF,MRPL,MTNL,NAGARFERT,NAHAR,NAHARPOLY,NAHARSPING,NATCOPHARM,NATIONAL,NATIONALUM,NAVA,NAVINFLUOR,NAVNETED,NCC,NESTLEIND,NETWORK18,NFL,NH,NILKAMAL,NIRMA,NITCO,NLCINDIA,NMDC,NTPC,OBC,OFSS,OILCOUNTUB,OLECTRA,OMAXAUTO,OMAXE,ONELIFECAP,ONGC,ONIDA,ORIENTCEM,PARAGMILK,PATANJALI,PATNI,PATSPIN,PCBL,PCJEWELLER,PDMJEPAPER,PEL,PENTAFOUR,PENTAMEDIA,PERSISTENT,PETRONET,PFIZER,PGHL,PHIL,PHILIPS,PHOENIX,PIDILITIND,PNB,POLARIS,POONAWALLA,PRAJIND,PREMIERENE,PRESTIGE,PSIDATA,PTC,PUNJABCHEM,PUNJTRACT,QUESS,RAASI,RAIN,RAJESHEXPO,RALLIS,RAMCOCEM,RAMCOSYS,RAYMOND,RBLBANK,RCF,RCOM,RECKITT,RECLTD,RECRON,REIAGRO,RELAXO,RELIANCE,RELIGARE,RELINFRA,RELMEDIA,RKFORGE,RPGTRANS,RPOWER,RSWM,RTNPOWER,RUPA,SAIL,SANGHI,SANOFI,SAREGAMA,SCHAEFFLER,SCHENECT,SCHNEIDER,SCI,SCILAL,SESASTERL,SESHAPAPER,SFL,SHARDACROP,SHAWWALLA,SHILPAMED,SHK,SHOPERSTOP,SHREECEM,SHRIRAMFIN,SHYAMTEL,SIEMENS,SIL,SJVN,SKFINDIA,SKSMICRO,SMLISUZU,SNOWMAN,SOLARINDS,SOMANYCERA,SONATSOFTW,SOUTHBANK,SPARC,SPLPETRO,SRF,STAR,STARCEMENT,STYROLUT,SUNCLAY,SUNDRMFAST,SUNPHARMA,SUPRAJIT,SUPREMEIND,SUVEN,SYMPHONY,SYNGENE,TAKE,TAMIL,TATACHEM,TATACOMM,TATACONSUM,TATAELXSI,TATAINVEST,TATAMETAL,TATAMOTORS,TATAPOWER,TATASPONGE,TATASTEEL,TCS,TECH,TEXRAIL,THERMAX,THIRU,THOMASCOOK,THYROCARE,TIMETECHNO,TIMEX,TIMKEN,TITAN,TMCV,TODAYS,TORNTPHARM,TORNTPOWER,TRANSPEK,TRENT,TRIDENT,TTKPRESTIG,TVSSRICHAK,TVTODAY,UBL,UCALFUEL,UFLEX,UJJIVAN,ULTRACEMCO,UNICHEMLAB,UNIONBANK,UNOMINDA,URBANCO,VARUN,VBL,VESUVIUS,VHL,VISHAL,VOLTAS,VTL,WELENT,WIDIA,WIMCO,WINDMACH,WINSOME,WIPRO,WOCKPHARMA,WSI,WSTCSTPAPR,ZANDU,ZEELEARN,ZENSARTECH"
2018-02-05,Nifty500,"TIFINAN,RELCAPITAL,HATSUN,COCHINSHIP","CESC,POLARIS,FORTIS,STAR","3MINDIA,8KMILES,AARTIIND,ABANOFFSH,ABB,ABBOTINDIA,ABREL,ACC,ADANIENSOL,ADANIENT,ADANIPOWER,ADVENZYMES,AEGISLOG,AGCNETWO,AIAENG,AKZOINDIA,ALKEM,ALLCARGO,ALTOS,AMBALAL,AMBUJACEM,ANDHRAVALY,APARINDS,APLAPOLLO,APOLLOHOSP,APOLLOTYRE,APPAPER,APPLE,ARVIND,ASHOKLEY,ASIANPAINT,ASTRAZENCA,ATUL,ATULAUTO,AUBANK,AVANTIFEED,AVERY,AXISBANK,BAJAJ,BAJAJ-AUTO,BAJAJHIND,BAJAJHLDNG,BAJFINANCE,BALMLAWRIE,BALRAMCHIN,BANKBARODA,BANKINDIA,BASF,BATAINDIA,BBTC,BEL,BEML,BERGEPAINT,BGRENERGY,BHARATFORG,BHARTIARTL,BHEL,BHUSHANSTL,BI,BIOCON,BIRLACORPN,BLISSGVS,BLOWPLAST,BLUEDART,BLUESTARCO,BOMDYEING,BOSCH-HCIL,BOSCHLTD,BPCL,BRABOURNE,BRFL,BRIGADE,BRITANNIA,BSE,BSOFT,CABLE,CANBK,CANFINHOME,CAPLIN,CASTROLIND,CCL,CEATLTD,CENTRALBK,CENTURYTEX,CERA,CGPOWER,CHAMBLFERT,CHEMINOR,CHEMPLASTS,CHENNPETRO,CHETTINAD,CHOLAFIN,CHOLAHLDNG,CIPLA,CMC,COALINDIA,COCHINSHIP,COFFEEDAY,COFORGE,COLPAL,CONCOR,CONSOFINVT,COROMANDEL,CRISIL,CROMPTON,CUB,CUMMINSIND,CYBERTECH,DABUR,DALMIASUG,DBCORP,DBL,DCAL,DCLPOLYE,DCW,DEEPAKFERT,DHAMPURSUG,DHANBANK,DHFL,DICIND,DIGJAMLMTD,DISHTV,DLF,DMART,DRREDDY,DSQSOFTW,ECLERX,EICHERMOT,EIDPARRY,EIHOTEL,ELECON,ELECTREX,ELGIRUBCO,ENDURANCE,ENERGY,ENGINERSIN,ESCORTS,ESSAR,EXCELINDUS,EXIDEIND,FACT,FAGBEARI,FEDERALBNK,FINCABLES,FLFL,FLUOROCHEM,FORBES,FOSECOIND,FULFORD,GAEL,GAIL,GANESHBE,GARDEN,GESHIP,GHCL,GILLETTE,GKNDRIVE,GLAXO,GLENMARK,GLFL,GMDCLTD,GNFC,GODFRYPHLP,GODREJCP,GODREJIND,GOKEX,GOODRICKE,GOODYEAR,GPPL,GRANULES,GREAVESCOT,GRUH,GSFC,GSKCONS,GSPL,GUJALKALI,GUJGASLTD,GVT&D,HARRMALAYA,HATSUN,HAVELLS,HCC,HCL-INSYS,HCLTECH,HDFC,HDFCBANK,HEALTHCARE,HEIDELBERG,HERBERTS,HERITGFOOD,HEROMOTOCO,HEXT,HIMACHAL,HIMATSEIDE,HINDALCO,HINDCOPPER,HINDPETRO,HINDSYNTEX,HINDUJA,HINDUNILVR,HINDUSTAN,HINDZINC,HOGANAS,HUBTOWN,IBREALEST,IBULLSLTD,IBVENTURES,ICICIBANK,ICICIPRULI,ICIL,IDBI,IDFCFIRSTB,IFBIND,IFCI,IGARASHI,IGL,IL&FSTRANS,INDHOTEL,INDIACEM,INDIAGLYCO,INDIANB,INDIGO,INDOCO,INDUSINDBK,INDUSTOWER,INFIBEAM,INFY,INGERRAND,INOXWIND,INSILCO,INTELLECT,IOB,IOC,IONEXCHANG,IPCALAB,IPRINGS,ISMT,ISPAT,ITC,ITDC,ITDCEMEN,ITI,ITIETF,ITWSIGNO,JAGRAN,JAICORPLTD,JBCHEPHARM,JBMA,JETAIRWAYS,JGCHEM,JINDALPHOT,JINDALPOLY,JINDALSAW,JINDALSTEL,JISLJALEQS,JKCEMENT,JKTYRE,JPASSOCIAT,JPPOWER,JSL,JUBLFOOD,JUBLINGRY,KAJARIACER,KANSAINER,KARURVYSYA,KARUTURI,KINETIC,KMSUGAR,KOHINOOR,KOTAKBANK,KRBL,KRISHNA,KTKBANK,KUMARS,LAKSHMI,LALPATHLAB,LAURUSLABS,LICHSGFIN,LINDEINDIA,LT,LTF,LTTS,LUPIN,M& M,MADURA,MAFATIND,MAHABANK,MALWA,MANPASAND,MARICO,MARUTI,MASTEK,MATRIX,MAXIND,MCDOWELL,MCLEODRUSS,MERCK,MERIND,MFSL,MGL,MIRZAINT,MODIXEROX,MOREPENLAB,MOTHERSON,MOTHERSUMI,MPHASIS,MRF,MRPL,MTNL,NAGARFERT,NAHAR,NAHARPOLY,NAHARSPING,NATCOPHARM,NATIONAL,NATIONALUM,NAVA,NAVINFLUOR,NAVNETED,NCC,NESTLEIND,NETWORK18,NFL,NH,NILKAMAL,NIRMA,NITCO,NLCINDIA,NMDC,NTPC,OBC,OFSS,OILCOUNTUB,OLECTRA,OMAXAUTO,OMAXE,ONELIFECAP,ONGC,ONIDA,ORIENTCEM,PARAGMILK,PATANJALI,PATNI,PATSPIN,PCBL,PCJEWELLER,PDMJEPAPER,PEL,PENTAFOUR,PENTAMEDIA,PERSISTENT,PETRONET,PFIZER,PGHL,PHIL,PHILIPS,PHOENIX,PIDILITIND,PNB,POONAWALLA,PRAJIND,PREMIERENE,PRESTIGE,PSIDATA,PTC,PUNJABCHEM,PUNJTRACT,QUESS,RAASI,RAIN,RAJESHEXPO,RALLIS,RAMCOCEM,RAMCOSYS,RAYMOND,RBLBANK,RCF,RCOM,RECKITT,RECLTD,RECRON,REIAGRO,RELAXO,RELCAPITAL,RELIANCE,RELIGARE,RELINFRA,RELMEDIA,RKFORGE,RPGTRANS,RPOWER,RSWM,RTNPOWER,RUPA,SAIL,SANGHI,SANOFI,SAREGAMA,SCHAEFFLER,SCHENECT,SCHNEIDER,SCI,SCILAL,SESASTERL,SESHAPAPER,SFL,SHARDACROP,SHAWWALLA,SHILPAMED,SHK,SHOPERSTOP,SHREECEM,SHRIRAMFIN,SHYAMTEL,SIEMENS,SIL,SJVN,SKFINDIA,SKSMICRO,SMLISUZU,SNOWMAN,SOLARINDS,SOMANYCERA,SONATSOFTW,SOUTHBANK,SPARC,SPLPETRO,SRF,STARCEMENT,STYROLUT,SUNCLAY,SUNDRMFAST,SUNPHARMA,SUPRAJIT,SUPREMEIND,SUVEN,SYMPHONY,SYNGENE,TAKE,TAMIL,TATACHEM,TATACOMM,TATACONSUM,TATAELXSI,TATAINVEST,TATAMETAL,TATAMOTORS,TATAPOWER,TATASPONGE,TATASTEEL,TCS,TECH,TEXRAIL,THERMAX,THIRU,THOMASCOOK,THYROCARE,TIFINAN,TIMETECHNO,TIMEX,TIMKEN,TITAN,TMCV,TODAYS,TORNTPHARM,TORNTPOWER,TRANSPEK,TRENT,TRIDENT,TTKPRESTIG,TVSSRICHAK,TVTODAY,UBL,UCALFUEL,UFLEX,UJJIVAN,ULTRACEMCO,UNICHEMLAB,UNIONBANK,UNOMINDA,URBANCO,VARUN,VBL,VESUVIUS,VHL,VISHAL,VOLTAS,VTL,WELENT,WIDIA,WIMCO,WINDMACH,WINSOME,WIPRO,WOCKPHARMA,WSI,WSTCSTPAPR,ZANDU,ZEELEARN,ZENSARTECH"
2018-03-13,Nifty500,ERIS,VIDEOIND,"3MINDIA,8KMILES,AARTIIND,ABANOFFSH,ABB,ABBOTINDIA,ABREL,ACC,ADANIENSOL,ADANIENT,ADANIPOWER,ADVENZYMES,AEGISLOG,AGCNETWO,AIAENG,AKZOINDIA,ALKEM,ALLCARGO,ALTOS,AMBALAL,AMBUJACEM,ANDHRAVALY,APARINDS,APLAPOLLO,APOLLOHOSP,APOLLOTYRE,APPAPER,APPLE,ARVIND,ASHOKLEY,ASIANPAINT,ASTRAZENCA,ATUL,ATULAUTO,AUBANK,AVANTIFEED,AVERY,AXISBANK,BAJAJ,BAJAJ-AUTO,BAJAJHIND,BAJAJHLDNG,BAJFINANCE,BALMLAWRIE,BALRAMCHIN,BANKBARODA,BANKINDIA,BASF,BATAINDIA,BBTC,BEL,BEML,BERGEPAINT,BGRENERGY,BHARATFORG,BHARTIARTL,BHEL,BHUSHANSTL,BI,BIOCON,BIRLACORPN,BLISSGVS,BLOWPLAST,BLUEDART,BLUESTARCO,BOMDYEING,BOSCH-HCIL,BOSCHLTD,BPCL,BRABOURNE,BRFL,BRIGADE,BRITANNIA,BSE,BSOFT,CABLE,CANBK,CANFINHOME,CAPLIN,CASTROLIND,CCL,CEATLTD,CENTRALBK,CENTURYTEX,CERA,CGPOWER,CHAMBLFERT,CHEMINOR,CHEMPLASTS,CHENNPETRO,CHETTINAD,CHOLAFIN,CHOLAHLDNG,CIPLA,CMC,COALINDIA,COCHINSHIP,COFFEEDAY,COFORGE,COLPAL,CONCOR,CONSOFINVT,COROMANDEL,CRISIL,CROMPTON,CUB,CUMMINSIND,CYBERTECH,DABUR,DALMIASUG,DBCORP,DBL,DCAL,DCLPOLYE,DCW,DEEPAKFERT,DHAMPURSUG,DHANBANK,DHFL,DICIND,DIGJAMLMTD,DISHTV,DLF,DMART,DRREDDY,DSQSOFTW,ECLERX,EICHERMOT,EIDPARRY,EIHOTEL,ELECON,ELECTREX,ELGIRUBCO,ENDURANCE,ENERGY,ENGINERSIN,ERIS,ESCORTS,ESSAR,EXCELINDUS,EXIDEIND,FACT,FAGBEARI,FEDERALBNK,FINCABLES,FLFL,FLUOROCHEM,FORBES,FOSECOIND,FULFORD,GAEL,GAIL,GANESHBE,GARDEN,GESHIP,GHCL,GILLETTE,GKNDRIVE,GLAXO,GLENMARK,GLFL,GMDCLTD,GNFC,GODFRYPHLP,GODREJCP,GODREJIND,GOKEX,GOODRICKE,GOODYEAR,GPPL,GRANULES,GREAVESCOT,GRUH,GSFC,GSKCONS,GSPL,GUJALKALI,GUJGASLTD,GVT&D,HARRMALAYA,HATSUN,HAVELLS,HCC,HCL-INSYS,HCLTECH,HDFC,HDFCBANK,HEALTHCARE,HEIDELBERG,HERBERTS,HERITGFOOD,HEROMOTOCO,HEXT,HIMACHAL,HIMATSEIDE,HINDALCO,HINDCOPPER,HINDPETRO,HINDSYNTEX,HINDUJA,HINDUNILVR,HINDUSTAN,HINDZINC,HOGANAS,HUBTOWN,IBREALEST,IBULLSLTD,IBVENTURES,ICICIBANK,ICICIPRULI,ICIL,IDBI,IDFCFIRSTB,IFBIND,IFCI,IGARASHI,IGL,IL&FSTRANS,INDHOTEL,INDIACEM,INDIAGLYCO,INDIANB,INDIGO,INDOCO,INDUSINDBK,INDUSTOWER,INFIBEAM,INFY,INGERRAND,INOXWIND,INSILCO,INTELLECT,IOB,IOC,IONEXCHANG,IPCALAB,IPRINGS,ISMT,ISPAT,ITC,ITDC,ITDCEMEN,ITI,ITIETF,ITWSIGNO,JAGRAN,JAICORPLTD,JBCHEPHARM,JBMA,JETAIRWAYS,JGCHEM,JINDALPHOT,JINDALPOLY,JINDALSAW,JINDALSTEL,JISLJALEQS,JKCEMENT,JKTYRE,JPASSOCIAT,JPPOWER,JSL,JUBLFOOD,JUBLINGRY,KAJARIACER,KANSAINER,KARURVYSYA,KARUTURI,KINETIC,KMSUGAR,KOHINOOR,KOTAKBANK,KRBL,KRISHNA,KTKBANK,KUMARS,LAKSHMI,LALPATHLAB,LAURUSLABS,LICHSGFIN,LINDEINDIA,LT,LTF,LTTS,LUPIN,M& M,MADURA,MAFATIND,MAHABANK,MALWA,MANPASAND,MARICO,MARUTI,MASTEK,MATRIX,MAXIND,MCDOWELL,MCLEODRUSS,MERCK,MERIND,MFSL,MGL,MIRZAINT,MODIXEROX,MOREPENLAB,MOTHERSON,MOTHERSUMI,MPHASIS,MRF,MRPL,MTNL,NAGARFERT,NAHAR,NAHARPOLY,NAHARSPING,NATCOPHARM,NATIONAL,NATIONALUM,NAVA,NAVINFLUOR,NAVNETED,NCC,NESTLEIND,NETWORK18,NFL,NH,NILKAMAL,NIRMA,NITCO,NLCINDIA,NMDC,NTPC,OBC,OFSS,OILCOUNTUB,OLECTRA,OMAXAUTO,OMAXE,ONELIFECAP,ONGC,ONIDA,ORIENTCEM,PARAGMILK,PATANJALI,PATNI,PATSPIN,PCBL,PCJEWELLER,PDMJEPAPER,PEL,PENTAFOUR,PENTAMEDIA,PERSISTENT,PETRONET,PFIZER,PGHL,PHIL,PHILIPS,PHOENIX,PIDILITIND,PNB,POONAWALLA,PRAJIND,PREMIERENE,PRESTIGE,PSIDATA,PTC,PUNJABCHEM,PUNJTRACT,QUESS,RAASI,RAIN,RAJESHEXPO,RALLIS,RAMCOCEM,RAMCOSYS,RAYMOND,RBLBANK,RCF,RCOM,RECKITT,RECLTD,RECRON,REIAGRO,RELAXO,RELCAPITAL,RELIANCE,RELIGARE,RELINFRA,RELMEDIA,RKFORGE,RPGTRANS,RPOWER,RSWM,RTNPOWER,RUPA,SAIL,SANGHI,SANOFI,SAREGAMA,SCHAEFFLER,SCHENECT,SCHNEIDER,SCI,SCILAL,SESASTERL,SESHAPAPER,SFL,SHARDACROP,SHAWWALLA,SHILPAMED,SHK,SHOPERSTOP,SHREECEM,SHRIRAMFIN,SHYAMTEL,SIEMENS,SIL,SJVN,SKFINDIA,SKSMICRO,SMLISUZU,SNOWMAN,SOLARINDS,SOMANYCERA,SONATSOFTW,SOUTHBANK,SPARC,SPLPETRO,SRF,STARCEMENT,STYROLUT,SUNCLAY,SUNDRMFAST,SUNPHARMA,SUPRAJIT,SUPREMEIND,SUVEN,SYMPHONY,SYNGENE,TAKE,TAMIL,TATACHEM,TATACOMM,TATACONSUM,TATAELXSI,TATAINVEST,TATAMETAL,TATAMOTORS,TATAPOWER,TATASPONGE,TATASTEEL,TCS,TECH,TEXRAIL,THERMAX,THIRU,THOMASCOOK,THYROCARE,TIMETECHNO,TIMEX,TIMKEN,TITAN,TMCV,TODAYS,TORNTPHARM,TORNTPOWER,TRANSPEK,TRENT,TRIDENT,TTKPRESTIG,TVSSRICHAK,TVTODAY,UBL,UCALFUEL,UFLEX,UJJIVAN,ULTRACEMCO,UNICHEMLAB,UNIONBANK,UNOMINDA,URBANCO,VARUN,VBL,VESUVIUS,VHL,VISHAL,VOLTAS,VTL,WELENT,WIDIA,WIMCO,WINDMACH,WINSOME,WIPRO,WOCKPHARMA,WSI,WSTCSTPAPR,ZANDU,ZEELEARN,ZENSARTECH"
2018-04-02,Nifty500,"CDSL,DCAL,ZTECH,GICRE,GODREJAGRO,GRAPHITE,GRASIM,HEG,HSCL,HONAUT,ICICIGI,KPEL,KNRCON,MASFIN,NESCO,LTF,SADBHAV,SBILIFE,SIS,SHANKARA,SINTEX,ASAHIINDIA,852IIFL29,ABCAPITAL","DHANBANK,VESUVIUS,ADANIENT,AHLUCONT,APARINDS,ASTRAZENCA,DALMIASUG,DHANUKA,ESSEL,ICRA,IGARASHI,ZENSARTECH,INGERRAND,MONSANTO,NAVNETED,SCHNEIDER,SHARDACROP,SHILPAMED,SNOWMAN,SOMANYCERA,SUPRAJIT,SPLPETRO,BANKINDIA,LINDEINDIA","3MINDIA,852IIFL29,8KMILES,AARTIIND,ABANOFFSH,ABB,ABBOTINDIA,ABCAPITAL,ABREL,ACC,ADANIENSOL,ADANIPOWER,ADVENZYMES,AEGISLOG,AGCNETWO,AIAENG,AKZOINDIA,ALKEM,ALLCARGO,ALTOS,AMBALAL,AMBUJACEM,ANDHRAVALY,APLAPOLLO,APOLLOHOSP,APOLLOTYRE,APPAPER,APPLE,ARVIND,ASAHIINDIA,ASHOKLEY,ASIANPAINT,ATUL,ATULAUTO,AUBANK,AVANTIFEED,AVERY,AXISBANK,BAJAJ,BAJAJ-AUTO,BAJAJHIND,BAJAJHLDNG,BAJFINANCE,BALMLAWRIE,BALRAMCHIN,BANKBARODA,BASF,BATAINDIA,BBTC,BEL,BEML,BERGEPAINT,BGRENERGY,BHARATFORG,BHARTIARTL,BHEL,BHUSHANSTL,BI,BIOCON,BIRLACORPN,BLISSGVS,BLOWPLAST,BLUEDART,BLUESTARCO,BOMDYEING,BOSCH-HCIL,BOSCHLTD,BPCL,BRFL,BRIGADE,BRITANNIA,BSE,BSOFT,CABLE,CANBK,CANFINHOME,CAPLIN,CASTROLIND,CCL,CDSL,CEATLTD,CENTRALBK,CENTURYTEX,CERA,CGPOWER,CHAMBLFERT,CHEMINOR,CHEMPLASTS,CHENNPETRO,CHETTINAD,CHOLAFIN,CHOLAHLDNG,CIPLA,CMC,COALINDIA,COCHINSHIP,COFFEEDAY,COFORGE,COLPAL,CONCOR,CONSOFINVT,COROMANDEL,CRISIL,CROMPTON,CUB,CUMMINSIND,CYBERTECH,DABUR,DBCORP,DBL,DCAL,DCLPOLYE,DCW,DEEPAKFERT,DHAMPURSUG,DHFL,DICIND,DIGJAMLMTD,DISHTV,DLF,DMART,DRREDDY,DSQSOFTW,ECLERX,EICHERMOT,EIDPARRY,EIHOTEL,ELECON,ELECTREX,ELGIRUBCO,ENDURANCE,ENERGY,ENGINERSIN,ERIS,ESCORTS,ESSAR,EXCELINDUS,EXIDEIND,FACT,FAGBEARI,FEDERALBNK,FINCABLES,FLFL,FLUOROCHEM,FORBES,FOSECOIND,FULFORD,GAEL,GAIL,GANESHBE,GARDEN,GESHIP,GHCL,GICRE,GILLETTE,GKNDRIVE,GLAXO,GLENMARK,GLFL,GMDCLTD,GNFC,GODFRYPHLP,GODREJAGRO,GODREJCP,GODREJIND,GOKEX,GOODRICKE,GOODYEAR,GPPL,GRANULES,GRAPHITE,GRASIM,GREAVESCOT,GRUH,GSFC,GSKCONS,GSPL,GUJALKALI,GUJGASLTD,GVT&D,HARRMALAYA,HATSUN,HAVELLS,HCC,HCL-INSYS,HCLTECH,HDFC,HDFCBANK,HEALTHCARE,HEG,HEIDELBERG,HERBERTS,HERITGFOOD,HEROMOTOCO,HEXT,HIMACHAL,HIMATSEIDE,HINDALCO,HINDCOPPER,HINDPETRO,HINDSYNTEX,HINDUJA,HINDUNILVR,HINDUSTAN,HINDZINC,HOGANAS,HONAUT,HSCL,HUBTOWN,IBREALEST,IBULLSLTD,IBVENTURES,ICICIBANK,ICICIGI,ICICIPRULI,ICIL,IDBI,IDFCFIRSTB,IFBIND,IFCI,IGL,IL&FSTRANS,INDHOTEL,INDIACEM,INDIAGLYCO,INDIANB,INDIGO,INDOCO,INDUSINDBK,INDUSTOWER,INFIBEAM,INFY,INOXWIND,INSILCO,INTELLECT,IOB,IOC,IONEXCHANG,IPCALAB,IPRINGS,ISMT,ISPAT,ITC,ITDC,ITDCEMEN,ITI,ITIETF,ITWSIGNO,JAGRAN,JAICORPLTD,JBCHEPHARM,JBMA,JETAIRWAYS,JGCHEM,JINDALPHOT,JINDALPOLY,JINDALSAW,JINDALSTEL,JISLJALEQS,JKCEMENT,JKTYRE,JPASSOCIAT,JPPOWER,JSL,JUBLFOOD,JUBLINGRY,KAJARIACER,KANSAINER,KARURVYSYA,KARUTURI,KINETIC,KMSUGAR,KNRCON,KOHINOOR,KOTAKBANK,KPEL,KRBL,KRISHNA,KTKBANK,KUMARS,LAKSHMI,LALPATHLAB,LAURUSLABS,LICHSGFIN,LT,LTF,LTTS,LUPIN,M& M,MADURA,MAFATIND,MAHABANK,MALWA,MANPASAND,MARICO,MARUTI,MASFIN,MASTEK,MATRIX,MAXIND,MCDOWELL,MCLEODRUSS,MERCK,MERIND,MFSL,MGL,MIRZAINT,MODIXEROX,MOREPENLAB,MOTHERSON,MOTHERSUMI,MPHASIS,MRF,MRPL,MTNL,NAGARFERT,NAHAR,NAHARPOLY,NAHARSPING,NATCOPHARM,NATIONAL,NATIONALUM,NAVA,NAVINFLUOR,NCC,NESCO,NESTLEIND,NETWORK18,NFL,NH,NILKAMAL,NIRMA,NITCO,NLCINDIA,NMDC,NTPC,OBC,OFSS,OILCOUNTUB,OLECTRA,OMAXAUTO,OMAXE,ONELIFECAP,ONGC,ONIDA,ORIENTCEM,PARAGMILK,PATANJALI,PATNI,PATSPIN,PCBL,PCJEWELLER,PDMJEPAPER,PEL,PENTAFOUR,PENTAMEDIA,PERSISTENT,PETRONET,PFIZER,PGHL,PHIL,PHILIPS,PHOENIX,PIDILITIND,PNB,POONAWALLA,PRAJIND,PREMIERENE,PRESTIGE,PSIDATA,PTC,PUNJABCHEM,PUNJTRACT,QUESS,RAASI,RAIN,RAJESHEXPO,RALLIS,RAMCOCEM,RAMCOSYS,RAYMOND,RBLBANK,RCF,RCOM,RECKITT,RECLTD,RECRON,REIAGRO,RELAXO,RELCAPITAL,RELIANCE,RELIGARE,RELINFRA,RELMEDIA,RKFORGE,RPGTRANS,RPOWER,RSWM,RTNPOWER,RUPA,SADBHAV,SAIL,SANGHI,SANOFI,SAREGAMA,SBILIFE,SCHAEFFLER,SCHENECT,SCI,SCILAL,SESASTERL,SESHAPAPER,SFL,SHANKARA,SHAWWALLA,SHK,SHOPERSTOP,SHREECEM,SHRIRAMFIN,SHYAMTEL,SIEMENS,SIL,SIS,SJVN,SKFINDIA,SKSMICRO,SMLISUZU,SOLARINDS,SONATSOFTW,SOUTHBANK,SPARC,SRF,STARCEMENT,STYROLUT,SUNCLAY,SUNDRMFAST,SUNPHARMA,SUPREMEIND,SUVEN,SYMPHONY,SYNGENE,TAKE,TAMIL,TATACHEM,TATACOMM,TATACONSUM,TATAELXSI,TATAINVEST,TATAMETAL,TATAMOTORS,TATAPOWER,TATASPONGE,TATASTEEL,TCS,TECH,TEXRAIL,THERMAX,THIRU,THOMASCOOK,THYROCARE,TIMETECHNO,TIMEX,TIMKEN,TITAN,TMCV,TODAYS,TORNTPHARM,TORNTPOWER,TRANSPEK,TRENT,TRIDENT,TTKPRESTIG,TVSSRICHAK,TVTODAY,UBL,UCALFUEL,UFLEX,UJJIVAN,ULTRACEMCO,UNICHEMLAB,UNIONBANK,UNOMINDA,URBANCO,VARUN,VBL,VHL,VISHAL,VOLTAS,VTL,WELENT,WIDIA,WIMCO,WINDMACH,WINSOME,WIPRO,WOCKPHARMA,WSI,WSTCSTPAPR,ZANDU,ZEELEARN"
2018-06-29,Nifty500,"KIOCL,TIINDIA,SDREAMS,ASTERDM","HTMEDIA,COX&KINGS,ARVIND,TATACOMM","3MINDIA,852IIFL29,8KMILES,AARTIIND,ABANOFFSH,ABB,ABBOTINDIA,ABCAPITAL,ABREL,ACC,ADANIENSOL,ADANIPOWER,ADVENZYMES,AEGISLOG,AGCNETWO,AIAENG,AKZOINDIA,ALKEM,ALLCARGO,ALTOS,AMBALAL,AMBUJACEM,ANDHRAVALY,APLAPOLLO,APOLLOHOSP,APOLLOTYRE,APPAPER,APPLE,ASAHIINDIA,ASHOKLEY,ASIANPAINT,ASTERDM,ATUL,ATULAUTO,AUBANK,AVANTIFEED,AVERY,AXISBANK,BAJAJ,BAJAJ-AUTO,BAJAJHIND,BAJAJHLDNG,BAJFINANCE,BALMLAWRIE,BALRAMCHIN,BANKBARODA,BASF,BATAINDIA,BBTC,BEL,BEML,BERGEPAINT,BGRENERGY,BHARATFORG,BHARTIARTL,BHEL,BHUSHANSTL,BI,BIOCON,BIRLACORPN,BLISSGVS,BLOWPLAST,BLUEDART,BLUESTARCO,BOMDYEING,BOSCH-HCIL,BOSCHLTD,BPCL,BRFL,BRIGADE,BRITANNIA,BSE,BSOFT,CABLE,CANBK,CANFINHOME,CAPLIN,CASTROLIND,CCL,CDSL,CEATLTD,CENTRALBK,CENTURYTEX,CERA,CGPOWER,CHAMBLFERT,CHEMINOR,CHEMPLASTS,CHENNPETRO,CHETTINAD,CHOLAFIN,CHOLAHLDNG,CIPLA,CMC,COALINDIA,COCHINSHIP,COFFEEDAY,COFORGE,COLPAL,CONCOR,CONSOFINVT,COROMANDEL,CRISIL,CROMPTON,CUB,CUMMINSIND,CYBERTECH,DABUR,DBCORP,DBL,DCAL,DCLPOLYE,DCW,DEEPAKFERT,DHAMPURSUG,DHFL,DICIND,DIGJAMLMTD,DISHTV,DLF,DMART,DRREDDY,DSQSOFTW,ECLERX,EICHERMOT,EIDPARRY,EIHOTEL,ELECON,ELECTREX,ELGIRUBCO,ENDURANCE,ENERGY,ENGINERSIN,ERIS,ESCORTS,ESSAR,EXCELINDUS,EXIDEIND,FACT,FAGBEARI,FEDERALBNK,FINCABLES,FLFL,FLUOROCHEM,FOSECOIND,FULFORD,GAEL,GAIL,GANESHBE,GARDEN,GESHIP,GHCL,GICRE,GILLETTE,GKNDRIVE,GLAXO,GLENMARK,GLFL,GMDCLTD,GNFC,GODFRYPHLP,GODREJAGRO,GODREJCP,GODREJIND,GOKEX,GOODRICKE,GOODYEAR,GPPL,GRANULES,GRAPHITE,GRASIM,GREAVESCOT,GRUH,GSFC,GSKCONS,GSPL,GUJALKALI,GUJGASLTD,GVT&D,HARRMALAYA,HATSUN,HAVELLS,HCC,HCL-INSYS,HCLTECH,HDFC,HDFCBANK,HEALTHCARE,HEG,HEIDELBERG,HERBERTS,HERITGFOOD,HEROMOTOCO,HEXT,HIMACHAL,HIMATSEIDE,HINDALCO,HINDCOPPER,HINDPETRO,HINDSYNTEX,HINDUJA,HINDUNILVR,HINDUSTAN,HINDZINC,HOGANAS,HONAUT,HSCL,HUBTOWN,IBREALEST,IBULLSLTD,IBVENTURES,ICICIBANK,ICICIGI,ICICIPRULI,ICIL,IDBI,IDFCFIRSTB,IFBIND,IFCI,IGL,IL&FSTRANS,INDHOTEL,INDIACEM,INDIAGLYCO,INDIANB,INDIGO,INDOCO,INDUSINDBK,INDUSTOWER,INFIBEAM,INFY,INOXWIND,INSILCO,INTELLECT,IOB,IOC,IONEXCHANG,IPCALAB,IPRINGS,ISMT,ITC,ITDC,ITDCEMEN,ITI,ITIETF,ITWSIGNO,JAGRAN,JAICORPLTD,JBCHEPHARM,JBMA,JETAIRWAYS,JGCHEM,JINDALPHOT,JINDALPOLY,JINDALSAW,JINDALSTEL,JISLJALEQS,JKCEMENT,JKTYRE,JPASSOCIAT,JPPOWER,JSL,JUBLFOOD,JUBLINGRY,KAJARIACER,KANSAINER,KARURVYSYA,KARUTURI,KINETIC,KIOCL,KMSUGAR,KNRCON,KOHINOOR,KOTAKBANK,KPEL,KRBL,KRISHNA,KTKBANK,KUMARS,LAKSHMI,LALPATHLAB,LAURUSLABS,LICHSGFIN,LT,LTF,LTTS,LUPIN,M& M,MADURA,MAFATIND,MAHABANK,MALWA,MANPASAND,MARICO,MARUTI,MASFIN,MASTEK,MATRIX,MAXIND,MCDOWELL,MCLEODRUSS,MERCK,MERIND,MFSL,MGL,MIRZAINT,MODIXEROX,MOREPENLAB,MOTHERSON,MOTHERSUMI,MPHASIS,MRF,MRPL,MTNL,NAGARFERT,NAHAR,NAHARPOLY,NAHARSPING,NATCOPHARM,NATIONAL,NATIONALUM,NAVA,NAVINFLUOR,NCC,NESCO,NESTLEIND,NETWORK18,NFL,NH,NILKAMAL,NIRMA,NITCO,NLCINDIA,NMDC,NTPC,OBC,OFSS,OILCOUNTUB,OLECTRA,OMAXAUTO,OMAXE,ONELIFECAP,ONGC,ONIDA,ORIENTCEM,PARAGMILK,PATANJALI,PATNI,PATSPIN,PCBL,PCJEWELLER,PDMJEPAPER,PEL,PENTAFOUR,PENTAMEDIA,PERSISTENT,PETRONET,PFIZER,PGHL,PHIL,PHILIPS,PHOENIX,PIDILITIND,PNB,POONAWALLA,PRAJIND,PREMIERENE,PRESTIGE,PSIDATA,PTC,PUNJABCHEM,PUNJTRACT,QUESS,RAASI,RAIN,RAJESHEXPO,RALLIS,RAMCOCEM,RAMCOSYS,RAYMOND,RBLBANK,RCF,RCOM,RECKITT,RECLTD,RECRON,REIAGRO,RELAXO,RELCAPITAL,RELIANCE,RELIGARE,RELINFRA,RELMEDIA,RKFORGE,RPGTRANS,RPOWER,RSWM,RTNPOWER,RUPA,SADBHAV,SAIL,SANGHI,SANOFI,SAREGAMA,SBILIFE,SCHAEFFLER,SCHENECT,SCI,SCILAL,SDREAMS,SESASTERL,SESHAPAPER,SFL,SHANKARA,SHAWWALLA,SHK,SHOPERSTOP,SHREECEM,SHRIRAMFIN,SHYAMTEL,SIEMENS,SIL,SIS,SJVN,SKFINDIA,SKSMICRO,SMLISUZU,SOLARINDS,SONATSOFTW,SOUTHBANK,SPARC,SRF,STARCEMENT,STYROLUT,SUNCLAY,SUNDRMFAST,SUNPHARMA,SUPREMEIND,SUVEN,SYMPHONY,SYNGENE,TAKE,TAMIL,TATACHEM,TATACONSUM,TATAELXSI,TATAINVEST,TATAMETAL,TATAMOTORS,TATAPOWER,TATASPONGE,TATASTEEL,TCS,TECH,TEXRAIL,THERMAX,THIRU,THOMASCOOK,THYROCARE,TIINDIA,TIMETECHNO,TIMEX,TIMKEN,TITAN,TMCV,TODAYS,TORNTPHARM,TORNTPOWER,TRANSPEK,TRENT,TRIDENT,TTKPRESTIG,TVSSRICHAK,TVTODAY,UBL,UCALFUEL,UFLEX,UJJIVAN,ULTRACEMCO,UNICHEMLAB,UNIONBANK,UNOMINDA,URBANCO,VARUN,VBL,VHL,VISHAL,VOLTAS,VTL,WELENT,WIDIA,WIMCO,WINDMACH,WINSOME,WIPRO,WOCKPHARMA,WSI,WSTCSTPAPR,ZANDU,ZEELEARN"
2018-08-08,Nifty500,BDL,TECHNO,"3MINDIA,852IIFL29,8KMILES,AARTIIND,ABANOFFSH,ABB,ABBOTINDIA,ABCAPITAL,ABREL,ACC,ADANIENSOL,ADANIPOWER,ADVENZYMES,AEGISLOG,AGCNETWO,AIAENG,AKZOINDIA,ALKEM,ALLCARGO,ALTOS,AMBALAL,AMBUJACEM,APLAPOLLO,APOLLOHOSP,APOLLOTYRE,APPAPER,APPLE,ASAHIINDIA,ASHOKLEY,ASIANPAINT,ASTERDM,ATUL,ATULAUTO,AUBANK,AVANTIFEED,AVERY,AXISBANK,BAJAJ,BAJAJ-AUTO,BAJAJHIND,BAJAJHLDNG,BAJFINANCE,BALMLAWRIE,BALRAMCHIN,BANKBARODA,BASF,BATAINDIA,BBTC,BDL,BEL,BEML,BERGEPAINT,BGRENERGY,BHARATFORG,BHARTIARTL,BHEL,BHUSHANSTL,BI,BIOCON,BIRLACORPN,BLISSGVS,BLOWPLAST,BLUEDART,BLUESTARCO,BOMDYEING,BOSCH-HCIL,BOSCHLTD,BPCL,BRFL,BRIGADE,BRITANNIA,BSE,BSOFT,CABLE,CANBK,CANFINHOME,CAPLIN,CASTROLIND,CCL,CDSL,CEATLTD,CENTRALBK,CENTURYTEX,CERA,CGPOWER,CHAMBLFERT,CHEMINOR,CHEMPLASTS,CHENNPETRO,CHETTINAD,CHOLAFIN,CHOLAHLDNG,CIPLA,CMC,COALINDIA,COCHINSHIP,COFFEEDAY,COFORGE,COLPAL,CONCOR,CONSOFINVT,COROMANDEL,CRISIL,CROMPTON,CUB,CUMMINSIND,CYBERTECH,DABUR,DBCORP,DBL,DCAL,DCLPOLYE,DCW,DEEPAKFERT,DHAMPURSUG,DHFL,DICIND,DIGJAMLMTD,DISHTV,DLF,DMART,DRREDDY,DSQSOFTW,ECLERX,EICHERMOT,EIDPARRY,EIHOTEL,ELECON,ELECTREX,ELGIRUBCO,ENDURANCE,ENERGY,ENGINERSIN,ERIS,ESCORTS,ESSAR,EXCELINDUS,EXIDEIND,FACT,FAGBEARI,FEDERALBNK,FINCABLES,FLFL,FLUOROCHEM,FOSECOIND,FULFORD,GAEL,GAIL,GANESHBE,GARDEN,GESHIP,GHCL,GICRE,GILLETTE,GKNDRIVE,GLAXO,GLENMARK,GLFL,GMDCLTD,GNFC,GODFRYPHLP,GODREJAGRO,GODREJCP,GODREJIND,GOKEX,GOODRICKE,GOODYEAR,GPPL,GRANULES,GRAPHITE,GRASIM,GREAVESCOT,GRUH,GSFC,GSKCONS,GSPL,GUJALKALI,GUJGASLTD,GVT&D,HARRMALAYA,HATSUN,HAVELLS,HCC,HCL-INSYS,HCLTECH,HDFC,HDFCBANK,HEALTHCARE,HEG,HEIDELBERG,HERBERTS,HERITGFOOD,HEROMOTOCO,HEXT,HIMACHAL,HIMATSEIDE,HINDALCO,HINDCOPPER,HINDPETRO,HINDSYNTEX,HINDUJA,HINDUNILVR,HINDUSTAN,HINDZINC,HOGANAS,HONAUT,HSCL,HUBTOWN,IBREALEST,IBULLSLTD,IBVENTURES,ICICIBANK,ICICIGI,ICICIPRULI,ICIL,IDBI,IDFCFIRSTB,IFBIND,IFCI,IGL,IL&FSTRANS,INDHOTEL,INDIACEM,INDIAGLYCO,INDIANB,INDIGO,INDOCO,INDUSINDBK,INDUSTOWER,INFIBEAM,INFY,INOXWIND,INSILCO,INTELLECT,IOB,IOC,IONEXCHANG,IPCALAB,IPRINGS,ISMT,ITC,ITDC,ITDCEMEN,ITI,ITIETF,ITWSIGNO,JAGRAN,JAICORPLTD,JBCHEPHARM,JBMA,JETAIRWAYS,JGCHEM,JINDALPHOT,JINDALPOLY,JINDALSAW,JINDALSTEL,JISLJALEQS,JKCEMENT,JKTYRE,JPASSOCIAT,JPPOWER,JSL,JUBLFOOD,JUBLINGRY,KAJARIACER,KANSAINER,KARURVYSYA,KARUTURI,KINETIC,KIOCL,KMSUGAR,KNRCON,KOHINOOR,KOTAKBANK,KPEL,KRBL,KRISHNA,KTKBANK,KUMARS,LAKSHMI,LALPATHLAB,LAURUSLABS,LICHSGFIN,LT,LTF,LTTS,LUPIN,M& M,MADURA,MAFATIND,MAHABANK,MALWA,MANPASAND,MARICO,MARUTI,MASFIN,MASTEK,MATRIX,MAXIND,MCDOWELL,MCLEODRUSS,MERCK,MERIND,MFSL,MGL,MIRZAINT,MODIXEROX,MOREPENLAB,MOTHERSON,MOTHERSUMI,MPHASIS,MRF,MRPL,MTNL,NAGARFERT,NAHAR,NAHARPOLY,NAHARSPING,NATCOPHARM,NATIONAL,NATIONALUM,NAVA,NAVINFLUOR,NCC,NESCO,NESTLEIND,NETWORK18,NFL,NH,NILKAMAL,NIRMA,NITCO,NLCINDIA,NMDC,NTPC,OBC,OFSS,OILCOUNTUB,OLECTRA,OMAXAUTO,OMAXE,ONELIFECAP,ONGC,ONIDA,ORIENTCEM,PARAGMILK,PATANJALI,PATNI,PATSPIN,PCBL,PCJEWELLER,PDMJEPAPER,PEL,PENTAFOUR,PENTAMEDIA,PERSISTENT,PETRONET,PFIZER,PGHL,PHIL,PHILIPS,PHOENIX,PIDILITIND,PNB,POONAWALLA,PRAJIND,PREMIERENE,PRESTIGE,PSIDATA,PTC,PUNJABCHEM,PUNJTRACT,QUESS,RAASI,RAIN,RAJESHEXPO,RALLIS,RAMCOCEM,RAMCOSYS,RAYMOND,RBLBANK,RCF,RCOM,RECKITT,RECLTD,RECRON,REIAGRO,RELAXO,RELCAPITAL,RELIANCE,RELIGARE,RELINFRA,RELMEDIA,RKFORGE,RPGTRANS,RPOWER,RSWM,RTNPOWER,RUPA,SADBHAV,SAIL,SANGHI,SANOFI,SAREGAMA,SBILIFE,SCHAEFFLER,SCHENECT,SCI,SCILAL,SDREAMS,SESASTERL,SESHAPAPER,SFL,SHANKARA,SHAWWALLA,SHK,SHOPERSTOP,SHREECEM,SHRIRAMFIN,SHYAMTEL,SIEMENS,SIL,SIS,SJVN,SKFINDIA,SKSMICRO,SMLISUZU,SOLARINDS,SONATSOFTW,SOUTHBANK,SPARC,SRF,STARCEMENT,STYROLUT,SUNCLAY,SUNDRMFAST,SUNPHARMA,SUPREMEIND,SUVEN,SYMPHONY,SYNGENE,TAKE,TAMIL,TATACHEM,TATACONSUM,TATAELXSI,TATAINVEST,TATAMETAL,TATAMOTORS,TATAPOWER,TATASPONGE,TATASTEEL,TCS,TECH,TEXRAIL,THERMAX,THIRU,THOMASCOOK,THYROCARE,TIINDIA,TIMETECHNO,TIMEX,TIMKEN,TITAN,TMCV,TODAYS,TORNTPHARM,TORNTPOWER,TRANSPEK,TRENT,TRIDENT,TTKPRESTIG,TVSSRICHAK,TVTODAY,UBL,UCALFUEL,UFLEX,UJJIVAN,ULTRACEMCO,UNICHEMLAB,UNIONBANK,UNOMINDA,URBANCO,VARUN,VBL,VHL,VISHAL,VOLTAS,VTL,WELENT,WIDIA,WIMCO,WINDMACH,WINSOME,WIPRO,WOCKPHARMA,WSI,WSTCSTPAPR,ZANDU,ZEELEARN"
2018-09-28,Nifty500,"PCBL,LUXIND,LINDEINDIA,LEMONTREE,HAL,GALAXYSURF,GRINDWELL,GAYAPROJ,FDC,EXCEL,HDFCLIFE,M&M,NAM-INDIA,ELGIEQUIP,SHILPAMED,STAR,SUNDARMFIN,TEAMLEASE,NIACL,VENKEYS,VMART,ZENSARTECH,ZYDUSWELL,MONSANTO,DHANBANK,ICICI","TECH,ZEELEARN,ASAHIINDIA,BAJAJHIND,WSI,BFUTILITIE,BGRENERGY,BHUSHANSTL,BRFL,DBREALTY,TI,HDIL,WSI,ABANOFFSH,WSI,KITEX,KPITTECH,KPL,MTNL,MARKSANS,RAMCOSYS,RTNPOWER,RELIGARE,SFL,SMLISUZU,JINDALPOLY","3MINDIA,852IIFL29,8KMILES,AARTIIND,ABB,ABBOTINDIA,ABCAPITAL,ABREL,ACC,ADANIENSOL,ADANIPOWER,ADVENZYMES,AEGISLOG,AGCNETWO,AIAENG,AKZOINDIA,ALKEM,ALLCARGO,ALTOS,AMBALAL,AMBUJACEM,APLAPOLLO,APOLLOHOSP,APOLLOTYRE,APPAPER,APPLE,ASHOKLEY,ASIANPAINT,ASTERDM,ATUL,ATULAUTO,AUBANK,AVANTIFEED,AVERY,AXISBANK,BAJAJ,BAJAJ-AUTO,BAJAJHLDNG,BAJFINANCE,BALMLAWRIE,BALRAMCHIN,BANKBARODA,BASF,BATAINDIA,BBTC,BDL,BEL,BEML,BERGEPAINT,BHARATFORG,BHARTIARTL,BHEL,BI,BIOCON,BIRLACORPN,BLISSGVS,BLUEDART,BLUESTARCO,BOMDYEING,BOSCH-HCIL,BOSCHLTD,BPCL,BRIGADE,BRITANNIA,BSE,BSOFT,CABLE,CANBK,CANFINHOME,CAPLIN,CASTROLIND,CCL,CDSL,CEATLTD,CENTRALBK,CENTURYTEX,CERA,CGPOWER,CHAMBLFERT,CHEMINOR,CHEMPLASTS,CHENNPETRO,CHETTINAD,CHOLAFIN,CHOLAHLDNG,CIPLA,CMC,COALINDIA,COCHINSHIP,COFFEEDAY,COFORGE,COLPAL,CONCOR,CONSOFINVT,COROMANDEL,CRISIL,CROMPTON,CUB,CUMMINSIND,CYBERTECH,DABUR,DBCORP,DBL,DCAL,DCLPOLYE,DCW,DEEPAKFERT,DHAMPURSUG,DHANBANK,DHFL,DICIND,DIGJAMLMTD,DISHTV,DLF,DMART,DRREDDY,DSQSOFTW,ECLERX,EICHERMOT,EIDPARRY,EIHOTEL,ELECON,ELGIEQUIP,ELGIRUBCO,ENDURANCE,ENERGY,ENGINERSIN,ERIS,ESCORTS,ESSAR,EXCEL,EXCELINDUS,EXIDEIND,FACT,FAGBEARI,FDC,FEDERALBNK,FINCABLES,FLFL,FLUOROCHEM,FOSECOIND,FULFORD,GAEL,GAIL,GALAXYSURF,GANESHBE,GARDEN,GAYAPROJ,GESHIP,GHCL,GICRE,GILLETTE,GLAXO,GLENMARK,GLFL,GMDCLTD,GNFC,GODFRYPHLP,GODREJAGRO,GODREJCP,GODREJIND,GOKEX,GOODRICKE,GOODYEAR,GPPL,GRANULES,GRAPHITE,GRASIM,GREAVESCOT,GRINDWELL,GRUH,GSFC,GSKCONS,GSPL,GUJALKALI,GUJGASLTD,GVT&D,HAL,HARRMALAYA,HATSUN,HAVELLS,HCC,HCL-INSYS,HCLTECH,HDFC,HDFCBANK,HDFCLIFE,HEALTHCARE,HEG,HEIDELBERG,HERBERTS,HERITGFOOD,HEROMOTOCO,HEXT,HIMACHAL,HIMATSEIDE,HINDALCO,HINDCOPPER,HINDPETRO,HINDSYNTEX,HINDUJA,HINDUNILVR,HINDUSTAN,HINDZINC,HOGANAS,HONAUT,HSCL,HUBTOWN,IBREALEST,IBULLSLTD,IBVENTURES,ICICI,ICICIBANK,ICICIGI,ICICIPRULI,ICIL,IDBI,IDFCFIRSTB,IFBIND,IFCI,IGL,IL&FSTRANS,INDHOTEL,INDIACEM,INDIAGLYCO,INDIANB,INDIGO,INDOCO,INDUSINDBK,INDUSTOWER,INFIBEAM,INFY,INOXWIND,INSILCO,INTELLECT,IOB,IOC,IONEXCHANG,IPCALAB,IPRINGS,ISMT,ITC,ITDC,ITDCEMEN,ITI,ITIETF,ITWSIGNO,JAGRAN,JAICORPLTD,JBCHEPHARM,JBMA,JETAIRWAYS,JGCHEM,JINDALPHOT,JINDALSAW,JINDALSTEL,JISLJALEQS,JKCEMENT,JKTYRE,JPASSOCIAT,JPPOWER,JSL,JUBLFOOD,JUBLINGRY,KAJARIACER,KANSAINER,KARURVYSYA,KARUTURI,KINETIC,KIOCL,KMSUGAR,KNRCON,KOHINOOR,KOTAKBANK,KPEL,KRBL,KRISHNA,KTKBANK,KUMARS,LAKSHMI,LALPATHLAB,LAURUSLABS,LEMONTREE,LICHSGFIN,LINDEINDIA,LT,LTF,LTTS,LUPIN,LUXIND,M& M,M&M,MADURA,MAFATIND,MAHABANK,MALWA,MANPASAND,MARICO,MARUTI,MASFIN,MASTEK,MATRIX,MAXIND,MCDOWELL,MCLEODRUSS,MERCK,MERIND,MFSL,MGL,MODIXEROX,MONSANTO,MOREPENLAB,MOTHERSON,MOTHERSUMI,MPHASIS,MRF,MRPL,NAGARFERT,NAHAR,NAHARPOLY,NAHARSPING,NAM-INDIA,NATCOPHARM,NATIONAL,NATIONALUM,NAVA,NAVINFLUOR,NCC,NESCO,NESTLEIND,NETWORK18,NFL,NH,NIACL,NILKAMAL,NIRMA,NITCO,NLCINDIA,NMDC,NTPC,OBC,OFSS,OILCOUNTUB,OLECTRA,OMAXAUTO,OMAXE,ONELIFECAP,ONGC,ONIDA,ORIENTCEM,PARAGMILK,PATANJALI,PATNI,PATSPIN,PCBL,PCJEWELLER,PDMJEPAPER,PEL,PENTAFOUR,PENTAMEDIA,PERSISTENT,PETRONET,PFIZER,PGHL,PHIL,PHILIPS,PHOENIX,PIDILITIND,PNB,POONAWALLA,PRAJIND,PREMIERENE,PRESTIGE,PSIDATA,PTC,PUNJABCHEM,PUNJTRACT,QUESS,RAASI,RAIN,RAJESHEXPO,RALLIS,RAMCOCEM,RAYMOND,RBLBANK,RCF,RCOM,RECKITT,RECLTD,REIAGRO,RELAXO,RELCAPITAL,RELIANCE,RELINFRA,RELMEDIA,RKFORGE,RPGTRANS,RPOWER,RSWM,RUPA,SADBHAV,SAIL,SANGHI,SANOFI,SAREGAMA,SBILIFE,SCHAEFFLER,SCHENECT,SCI,SCILAL,SESASTERL,SESHAPAPER,SHANKARA,SHAWWALLA,SHILPAMED,SHK,SHOPERSTOP,SHREECEM,SHRIRAMFIN,SHYAMTEL,SIEMENS,SIL,SIS,SJVN,SKFINDIA,SKSMICRO,SOLARINDS,SONATSOFTW,SOUTHBANK,SPARC,SRF,STAR,STARCEMENT,STYROLUT,SUNCLAY,SUNDARMFIN,SUNDRMFAST,SUNPHARMA,SUPREMEIND,SUVEN,SYMPHONY,SYNGENE,TAKE,TAMIL,TATACHEM,TATACONSUM,TATAELXSI,TATAINVEST,TATAMETAL,TATAMOTORS,TATAPOWER,TATASTEEL,TCS,TEAMLEASE,TEXRAIL,THERMAX,THIRU,THOMASCOOK,THYROCARE,TIINDIA,TIMETECHNO,TIMEX,TIMKEN,TITAN,TMCV,TODAYS,TORNTPHARM,TORNTPOWER,TRANSPEK,TRENT,TRIDENT,TTKPRESTIG,TVSSRICHAK,TVTODAY,UBL,UCALFUEL,UFLEX,UJJIVAN,ULTRACEMCO,UNICHEMLAB,UNIONBANK,UNOMINDA,URBANCO,VARUN,VBL,VENKEYS,VHL,VISHAL,VMART,VOLTAS,VTL,WELENT,WIDIA,WIMCO,WINDMACH,WIPRO,WOCKPHARMA,WSTCSTPAPR,ZENSARTECH,ZYDUSWELL"
2018-12-28,Nifty500,"VARROC,SFL,RITES,KPEL,FORTIS","SIL,CENTURYTEX,CAPITAL,BHARATFIN,852IIFL29","3MINDIA,8KMILES,AARTIIND,ABB,ABBOTINDIA,ABCAPITAL,ABREL,ACC,ADANIENSOL,ADANIPOWER,ADVENZYMES,AEGISLOG,AGCNETWO,AIAENG,AKZOINDIA,ALKEM,ALLCARGO,ALTOS,AMBALAL,AMBUJACEM,APLAPOLLO,APOLLOHOSP,APOLLOTYRE,APPAPER,APPLE,ASHOKLEY,ASIANPAINT,ASTERDM,ATUL,ATULAUTO,AUBANK,AVANTIFEED,AVERY,AXISBANK,BAJAJ,BAJAJ-AUTO,BAJAJHLDNG,BAJFINANCE,BALMLAWRIE,BALRAMCHIN,BANKBARODA,BASF,BATAINDIA,BBTC,BDL,BEL,BEML,BERGEPAINT,BHARATFORG,BHARTIARTL,BHEL,BI,BIOCON,BIRLACORPN,BLISSGVS,BLUEDART,BLUESTARCO,BOMDYEING,BOSCH-HCIL,BOSCHLTD,BPCL,BRIGADE,BRITANNIA,BSE,BSOFT,CABLE,CANBK,CANFINHOME,CAPLIN,CASTROLIND,CCL,CDSL,CEATLTD,CENTRALBK,CERA,CGPOWER,CHAMBLFERT,CHEMINOR,CHEMPLASTS,CHENNPETRO,CHETTINAD,CHOLAFIN,CHOLAHLDNG,CIPLA,CMC,COALINDIA,COCHINSHIP,COFFEEDAY,COFORGE,COLPAL,CONCOR,CONSOFINVT,COROMANDEL,CRISIL,CROMPTON,CUB,CUMMINSIND,CYBERTECH,DABUR,DBCORP,DBL,DCAL,DCLPOLYE,DCW,DEEPAKFERT,DHAMPURSUG,DHANBANK,DHFL,DICIND,DIGJAMLMTD,DISHTV,DLF,DMART,DRREDDY,DSQSOFTW,ECLERX,EICHERMOT,EIDPARRY,EIHOTEL,ELECON,ELGIEQUIP,ELGIRUBCO,ENDURANCE,ENERGY,ENGINERSIN,ERIS,ESCORTS,ESSAR,EXCEL,EXCELINDUS,EXIDEIND,FACT,FAGBEARI,FDC,FEDERALBNK,FINCABLES,FLFL,FLUOROCHEM,FORTIS,FOSECOIND,FULFORD,GAEL,GAIL,GALAXYSURF,GANESHBE,GARDEN,GAYAPROJ,GESHIP,GHCL,GICRE,GILLETTE,GLAXO,GLENMARK,GLFL,GMDCLTD,GNFC,GODFRYPHLP,GODREJAGRO,GODREJCP,GODREJIND,GOKEX,GOODRICKE,GOODYEAR,GPPL,GRANULES,GRAPHITE,GRASIM,GREAVESCOT,GRINDWELL,GRUH,GSFC,GSKCONS,GSPL,GUJALKALI,GUJGASLTD,GVT&D,HAL,HARRMALAYA,HATSUN,HAVELLS,HCC,HCL-INSYS,HCLTECH,HDFC,HDFCBANK,HDFCLIFE,HEALTHCARE,HEG,HEIDELBERG,HERBERTS,HERITGFOOD,HEROMOTOCO,HEXT,HIMACHAL,HIMATSEIDE,HINDALCO,HINDCOPPER,HINDPETRO,HINDSYNTEX,HINDUNILVR,HINDUSTAN,HINDZINC,HOGANAS,HONAUT,HSCL,HUBTOWN,IBREALEST,IBULLSLTD,IBVENTURES,ICICI,ICICIBANK,ICICIGI,ICICIPRULI,ICIL,IDBI,IDFCFIRSTB,IFBIND,IFCI,IGL,IL&FSTRANS,INDHOTEL,INDIACEM,INDIAGLYCO,INDIANB,INDIGO,INDOCO,INDUSINDBK,INDUSTOWER,INFIBEAM,INFY,INOXWIND,INSILCO,INTELLECT,IOB,IOC,IONEXCHANG,IPCALAB,IPRINGS,ISMT,ITC,ITDC,ITDCEMEN,ITI,ITIETF,ITWSIGNO,JAGRAN,JAICORPLTD,JBCHEPHARM,JBMA,JETAIRWAYS,JGCHEM,JINDALPHOT,JINDALSAW,JINDALSTEL,JISLJALEQS,JKCEMENT,JKTYRE,JPASSOCIAT,JPPOWER,JSL,JUBLFOOD,JUBLINGRY,KAJARIACER,KANSAINER,KARURVYSYA,KARUTURI,KINETIC,KIOCL,KMSUGAR,KNRCON,KOHINOOR,KOTAKBANK,KPEL,KRBL,KRISHNA,KTKBANK,KUMARS,LAKSHMI,LALPATHLAB,LAURUSLABS,LEMONTREE,LICHSGFIN,LINDEINDIA,LT,LTF,LTTS,LUPIN,LUXIND,M& M,M&M,MADURA,MAFATIND,MAHABANK,MALWA,MANPASAND,MARICO,MARUTI,MASFIN,MASTEK,MATRIX,MAXIND,MCDOWELL,MCLEODRUSS,MERCK,MERIND,MFSL,MGL,MODIXEROX,MONSANTO,MOREPENLAB,MOTHERSON,MOTHERSUMI,MPHASIS,MRF,MRPL,NAGARFERT,NAHAR,NAHARPOLY,NAHARSPING,NAM-INDIA,NATCOPHARM,NATIONAL,NATIONALUM,NAVA,NAVINFLUOR,NCC,NESCO,NESTLEIND,NETWORK18,NFL,NH,NIACL,NILKAMAL,NIRMA,NITCO,NLCINDIA,NMDC,NTPC,OBC,OFSS,OILCOUNTUB,OLECTRA,OMAXAUTO,OMAXE,ONELIFECAP,ONGC,ONIDA,ORIENTCEM,PARAGMILK,PATANJALI,PATNI,PATSPIN,PCBL,PCJEWELLER,PDMJEPAPER,PEL,PENTAFOUR,PENTAMEDIA,PERSISTENT,PETRONET,PFIZER,PGHL,PHIL,PHILIPS,PHOENIX,PIDILITIND,PNB,POONAWALLA,PRAJIND,PREMIERENE,PRESTIGE,PSIDATA,PTC,PUNJABCHEM,PUNJTRACT,QUESS,RAASI,RAIN,RAJESHEXPO,RALLIS,RAMCOCEM,RAYMOND,RBLBANK,RCF,RCOM,RECKITT,RECLTD,REIAGRO,RELAXO,RELCAPITAL,RELIANCE,RELINFRA,RELMEDIA,RITES,RKFORGE,RPGTRANS,RPOWER,RSWM,RUPA,SADBHAV,SAIL,SANGHI,SANOFI,SAREGAMA,SBILIFE,SCHAEFFLER,SCHENECT,SCI,SCILAL,SESASTERL,SESHAPAPER,SFL,SHANKARA,SHAWWALLA,SHILPAMED,SHK,SHOPERSTOP,SHREECEM,SHRIRAMFIN,SHYAMTEL,SIEMENS,SIS,SJVN,SKFINDIA,SKSMICRO,SOLARINDS,SONATSOFTW,SOUTHBANK,SPARC,SRF,STAR,STARCEMENT,STYROLUT,SUNCLAY,SUNDARMFIN,SUNDRMFAST,SUNPHARMA,SUPREMEIND,SUVEN,SYMPHONY,SYNGENE,TAKE,TAMIL,TATACHEM,TATACONSUM,TATAELXSI,TATAINVEST,TATAMETAL,TATAMOTORS,TATAPOWER,TATASTEEL,TCS,TEAMLEASE,TEXRAIL,THERMAX,THIRU,THOMASCOOK,THYROCARE,TIINDIA,TIMETECHNO,TIMEX,TIMKEN,TITAN,TMCV,TODAYS,TORNTPHARM,TORNTPOWER,TRANSPEK,TRENT,TRIDENT,TTKPRESTIG,TVSSRICHAK,TVTODAY,UBL,UCALFUEL,UFLEX,UJJIVAN,ULTRACEMCO,UNICHEMLAB,UNIONBANK,UNOMINDA,URBANCO,VARROC,VARUN,VBL,VENKEYS,VHL,VISHAL,VMART,VOLTAS,VTL,WELENT,WIDIA,WIMCO,WINDMACH,WIPRO,WOCKPHARMA,WSTCSTPAPR,ZENSARTECH,ZYDUSWELL"
2019-01-28,Nifty500,"DHANBANK,CREDITACC","J&KBANK,VIJAYA","3MINDIA,8KMILES,AARTIIND,ABB,ABBOTINDIA,ABCAPITAL,ABREL,ACC,ADANIENSOL,ADANIPOWER,ADVENZYMES,AEGISLOG,AGCNETWO,AIAENG,AKZOINDIA,ALKEM,ALLCARGO,ALTOS,AMBALAL,AMBUJACEM,APLAPOLLO,APOLLOHOSP,APOLLOTYRE,APPAPER,APPLE,ASHOKLEY,ASIANPAINT,ASTERDM,ATUL,ATULAUTO,AUBANK,AVANTIFEED,AVERY,AXISBANK,BAJAJ,BAJAJ-AUTO,BAJAJHLDNG,BAJFINANCE,BALMLAWRIE,BALRAMCHIN,BANKBARODA,BASF,BATAINDIA,BBTC,BDL,BEL,BEML,BERGEPAINT,BHARATFORG,BHARTIARTL,BHEL,BI,BIOCON,BIRLACORPN,BLISSGVS,BLUEDART,BLUESTARCO,BOMDYEING,BOSCH-HCIL,BOSCHLTD,BPCL,BRIGADE,BRITANNIA,BSE,BSOFT,CABLE,CANBK,CANFINHOME,CAPLIN,CASTROLIND,CCL,CDSL,CEATLTD,CENTRALBK,CERA,CGPOWER,CHAMBLFERT,CHEMINOR,CHEMPLASTS,CHENNPETRO,CHETTINAD,CHOLAFIN,CHOLAHLDNG,CIPLA,CMC,COALINDIA,COCHINSHIP,COFFEEDAY,COFORGE,COLPAL,CONCOR,CONSOFINVT,COROMANDEL,CREDITACC,CRISIL,CROMPTON,CUB,CUMMINSIND,CYBERTECH,DABUR,DBCORP,DBL,DCAL,DCLPOLYE,DCW,DEEPAKFERT,DHAMPURSUG,DHANBANK,DHFL,DICIND,DIGJAMLMTD,DISHTV,DLF,DMART,DRREDDY,DSQSOFTW,ECLERX,EICHERMOT,EIDPARRY,EIHOTEL,ELECON,ELGIEQUIP,ELGIRUBCO,ENDURANCE,ENERGY,ENGINERSIN,ERIS,ESCORTS,ESSAR,EXCEL,EXCELINDUS,EXIDEIND,FACT,FAGBEARI,FDC,FEDERALBNK,FINCABLES,FLFL,FLUOROCHEM,FORTIS,FOSECOIND,FULFORD,GAEL,GAIL,GALAXYSURF,GANESHBE,GARDEN,GAYAPROJ,GESHIP,GHCL,GICRE,GILLETTE,GLAXO,GLENMARK,GLFL,GMDCLTD,GNFC,GODFRYPHLP,GODREJAGRO,GODREJCP,GODREJIND,GOKEX,GOODRICKE,GOODYEAR,GPPL,GRANULES,GRAPHITE,GRASIM,GREAVESCOT,GRINDWELL,GRUH,GSFC,GSKCONS,GSPL,GUJALKALI,GUJGASLTD,GVT&D,HAL,HARRMALAYA,HATSUN,HAVELLS,HCC,HCL-INSYS,HCLTECH,HDFC,HDFCBANK,HDFCLIFE,HEALTHCARE,HEG,HEIDELBERG,HERBERTS,HERITGFOOD,HEROMOTOCO,HEXT,HIMACHAL,HIMATSEIDE,HINDALCO,HINDCOPPER,HINDPETRO,HINDSYNTEX,HINDUNILVR,HINDUSTAN,HINDZINC,HOGANAS,HONAUT,HSCL,HUBTOWN,IBREALEST,IBULLSLTD,IBVENTURES,ICICI,ICICIBANK,ICICIGI,ICICIPRULI,ICIL,IDBI,IDFCFIRSTB,IFBIND,IFCI,IGL,IL&FSTRANS,INDHOTEL,INDIACEM,INDIAGLYCO,INDIANB,INDIGO,INDOCO,INDUSINDBK,INDUSTOWER,INFIBEAM,INFY,INOXWIND,INSILCO,INTELLECT,IOB,IOC,IONEXCHANG,IPCALAB,IPRINGS,ISMT,ITC,ITDC,ITDCEMEN,ITI,ITIETF,ITWSIGNO,JAGRAN,JAICORPLTD,JBCHEPHARM,JBMA,JETAIRWAYS,JGCHEM,JINDALPHOT,JINDALSAW,JINDALSTEL,JISLJALEQS,JKCEMENT,JKTYRE,JPASSOCIAT,JPPOWER,JSL,JUBLFOOD,JUBLINGRY,KAJARIACER,KANSAINER,KARURVYSYA,KARUTURI,KINETIC,KIOCL,KMSUGAR,KNRCON,KOHINOOR,KOTAKBANK,KPEL,KRBL,KRISHNA,KTKBANK,KUMARS,LAKSHMI,LALPATHLAB,LAURUSLABS,LEMONTREE,LICHSGFIN,LINDEINDIA,LT,LTF,LTTS,LUPIN,LUXIND,M& M,M&M,MADURA,MAFATIND,MAHABANK,MALWA,MANPASAND,MARICO,MARUTI,MASFIN,MASTEK,MATRIX,MAXIND,MCLEODRUSS,MERCK,MERIND,MFSL,MGL,MODIXEROX,MONSANTO,MOREPENLAB,MOTHERSON,MOTHERSUMI,MPHASIS,MRF,MRPL,NAGARFERT,NAHAR,NAHARPOLY,NAHARSPING,NAM-INDIA,NATCOPHARM,NATIONAL,NATIONALUM,NAVA,NAVINFLUOR,NCC,NESCO,NESTLEIND,NETWORK18,NFL,NH,NIACL,NILKAMAL,NIRMA,NITCO,NLCINDIA,NMDC,NTPC,OBC,OFSS,OILCOUNTUB,OLECTRA,OMAXAUTO,OMAXE,ONELIFECAP,ONGC,ONIDA,ORIENTCEM,PARAGMILK,PATANJALI,PATNI,PATSPIN,PCBL,PCJEWELLER,PDMJEPAPER,PEL,PENTAFOUR,PENTAMEDIA,PERSISTENT,PETRONET,PFIZER,PGHL,PHIL,PHILIPS,PHOENIX,PIDILITIND,PNB,POONAWALLA,PRAJIND,PREMIERENE,PRESTIGE,PSIDATA,PTC,PUNJABCHEM,PUNJTRACT,QUESS,RAASI,RAIN,RAJESHEXPO,RALLIS,RAMCOCEM,RAYMOND,RBLBANK,RCF,RCOM,RECKITT,RECLTD,REIAGRO,RELAXO,RELCAPITAL,RELIANCE,RELINFRA,RELMEDIA,RITES,RKFORGE,RPGTRANS,RPOWER,RSWM,RUPA,SADBHAV,SAIL,SANGHI,SANOFI,SAREGAMA,SBILIFE,SCHAEFFLER,SCHENECT,SCI,SCILAL,SESASTERL,SESHAPAPER,SFL,SHANKARA,SHAWWALLA,SHILPAMED,SHK,SHOPERSTOP,SHREECEM,SHRIRAMFIN,SHYAMTEL,SIEMENS,SIS,SJVN,SKFINDIA,SKSMICRO,SOLARINDS,SONATSOFTW,SOUTHBANK,SPARC,SRF,STAR,STARCEMENT,STYROLUT,SUNCLAY,SUNDARMFIN,SUNDRMFAST,SUNPHARMA,SUPREMEIND,SUVEN,SYMPHONY,SYNGENE,TAKE,TAMIL,TATACHEM,TATACONSUM,TATAELXSI,TATAINVEST,TATAMETAL,TATAMOTORS,TATAPOWER,TATASTEEL,TCS,TEAMLEASE,TEXRAIL,THERMAX,THIRU,THOMASCOOK,THYROCARE,TIINDIA,TIMETECHNO,TIMEX,TIMKEN,TITAN,TMCV,TODAYS,TORNTPHARM,TORNTPOWER,TRANSPEK,TRENT,TRIDENT,TTKPRESTIG,TVSSRICHAK,TVTODAY,UBL,UCALFUEL,UFLEX,UJJIVAN,ULTRACEMCO,UNICHEMLAB,UNIONBANK,UNOMINDA,URBANCO,VARROC,VARUN,VBL,VENKEYS,VHL,VISHAL,VMART,VOLTAS,VTL,WELENT,WIDIA,WIMCO,WINDMACH,WIPRO,WOCKPHARMA,WSTCSTPAPR,ZENSARTECH,ZYDUSWELL"
2019-03-29,Nifty500,"IBULLSLTD,ICRA,HDFCAMC,WSI,MAHABANK,DEEPAKNTR,COX&KINGS,CESC,LTF,ESSEL,IRCON,ASTRAZENCA,JKPAPER,KEI,OIL,MAHSCOOTER,MAHSEAMLES,WSI,SHARDACROP,SUPRAJIT,TCNSCLOTH,TRITURBINE,WSI,AAVAS,ORIENTELEC","TVSSRICHAK,AARTIIND,DEN,DREDGECORP,EROSINTL,WSI,GREENPLY,GVKPIL,HCL-INSYS,HCC,IL&FSTRANS,8KMILES,ICIL,JPPOWER,JOHNSON,MANPASAND,MCLEODRUSS,NAVKARCORP,PTC,MBEL,SADBHAV,TATASPONGE,TEXRAIL,GRINFRA,UNICHEMLAB","3MINDIA,AAVAS,ABB,ABBOTINDIA,ABCAPITAL,ABREL,ACC,ADANIENSOL,ADANIPOWER,ADVENZYMES,AEGISLOG,AGCNETWO,AIAENG,AKZOINDIA,ALKEM,ALLCARGO,ALTOS,AMBALAL,AMBUJACEM,APLAPOLLO,APOLLOHOSP,APOLLOTYRE,APPAPER,APPLE,ASHOKLEY,ASIANPAINT,ASTERDM,ASTRAZENCA,ATUL,ATULAUTO,AUBANK,AVANTIFEED,AVERY,AXISBANK,BAJAJ,BAJAJ-AUTO,BAJAJHLDNG,BAJFINANCE,BALMLAWRIE,BALRAMCHIN,BANKBARODA,BASF,BATAINDIA,BBTC,BDL,BEL,BEML,BERGEPAINT,BHARATFORG,BHARTIARTL,BHEL,BI,BIOCON,BIRLACORPN,BLISSGVS,BLUEDART,BLUESTARCO,BOMDYEING,BOSCH-HCIL,BOSCHLTD,BPCL,BRIGADE,BRITANNIA,BSE,BSOFT,CABLE,CANBK,CANFINHOME,CAPLIN,CASTROLIND,CCL,CDSL,CEATLTD,CENTRALBK,CERA,CESC,CGPOWER,CHAMBLFERT,CHEMINOR,CHENNPETRO,CHETTINAD,CHOLAFIN,CHOLAHLDNG,CIPLA,CMC,COALINDIA,COCHINSHIP,COFFEEDAY,COFORGE,COLPAL,CONCOR,CONSOFINVT,COROMANDEL,COX&KINGS,CREDITACC,CRISIL,CROMPTON,CUB,CUMMINSIND,CYBERTECH,DABUR,DBCORP,DBL,DCAL,DCLPOLYE,DCW,DEEPAKFERT,DEEPAKNTR,DHAMPURSUG,DHANBANK,DHFL,DICIND,DIGJAMLMTD,DISHTV,DLF,DMART,DRREDDY,DSQSOFTW,ECLERX,EICHERMOT,EIDPARRY,EIHOTEL,ELECON,ELGIEQUIP,ELGIRUBCO,ENDURANCE,ENERGY,ENGINERSIN,ERIS,ESCORTS,ESSAR,EXCEL,EXCELINDUS,EXIDEIND,FACT,FDC,FEDERALBNK,FINCABLES,FLFL,FLUOROCHEM,FORTIS,FOSECOIND,FULFORD,GAEL,GAIL,GALAXYSURF,GANESHBE,GARDEN,GAYAPROJ,GESHIP,GHCL,GICRE,GILLETTE,GLAXO,GLENMARK,GLFL,GMDCLTD,GNFC,GODFRYPHLP,GODREJAGRO,GODREJCP,GODREJIND,GOKEX,GOODRICKE,GOODYEAR,GPPL,GRANULES,GRAPHITE,GRASIM,GREAVESCOT,GRINDWELL,GRUH,GSFC,GSKCONS,GSPL,GUJALKALI,GUJGASLTD,GVT&D,HAL,HARRMALAYA,HATSUN,HAVELLS,HCLTECH,HDFC,HDFCAMC,HDFCBANK,HDFCLIFE,HEALTHCARE,HEG,HEIDELBERG,HERBERTS,HERITGFOOD,HEROMOTOCO,HEXT,HIMACHAL,HIMATSEIDE,HINDALCO,HINDCOPPER,HINDPETRO,HINDSYNTEX,HINDUNILVR,HINDUSTAN,HINDZINC,HOGANAS,HONAUT,HSCL,HUBTOWN,IBREALEST,IBULLSLTD,IBVENTURES,ICICI,ICICIBANK,ICICIGI,ICICIPRULI,ICRA,IDBI,IDFCFIRSTB,IFBIND,IFCI,IGL,INDHOTEL,INDIACEM,INDIAGLYCO,INDIANB,INDIGO,INDOCO,INDUSINDBK,INDUSTOWER,INFIBEAM,INFY,INOXWIND,INSILCO,INTELLECT,IOB,IOC,IONEXCHANG,IPCALAB,IPRINGS,IRCON,ISMT,ITC,ITDC,ITDCEMEN,ITI,ITIETF,ITWSIGNO,JAGRAN,JAICORPLTD,JBCHEPHARM,JBMA,JETAIRWAYS,JGCHEM,JINDALPHOT,JINDALSAW,JINDALSTEL,JISLJALEQS,JKCEMENT,JKPAPER,JKTYRE,JPASSOCIAT,JSL,JUBLFOOD,JUBLINGRY,KAJARIACER,KANSAINER,KARURVYSYA,KARUTURI,KEI,KINETIC,KIOCL,KMSUGAR,KNRCON,KOHINOOR,KOTAKBANK,KPEL,KRBL,KRISHNA,KTKBANK,KUMARS,LALPATHLAB,LAURUSLABS,LEMONTREE,LICHSGFIN,LINDEINDIA,LT,LTF,LTTS,LUPIN,LUXIND,M& M,M&M,MADURA,MAFATIND,MAHABANK,MAHSCOOTER,MAHSEAMLES,MALWA,MARICO,MARUTI,MASFIN,MASTEK,MATRIX,MAXIND,MERCK,MERIND,MFSL,MGL,MODIXEROX,MONSANTO,MOREPENLAB,MOTHERSON,MOTHERSUMI,MPHASIS,MRF,MRPL,NAGARFERT,NAHAR,NAHARPOLY,NAHARSPING,NAM-INDIA,NATCOPHARM,NATIONAL,NATIONALUM,NAVA,NAVINFLUOR,NCC,NESCO,NESTLEIND,NETWORK18,NFL,NH,NIACL,NILKAMAL,NIRMA,NITCO,NLCINDIA,NMDC,NTPC,OBC,OFSS,OIL,OILCOUNTUB,OLECTRA,OMAXAUTO,OMAXE,ONELIFECAP,ONGC,ONIDA,ORIENTCEM,ORIENTELEC,PARAGMILK,PATANJALI,PATNI,PATSPIN,PCBL,PCJEWELLER,PDMJEPAPER,PEL,PENTAFOUR,PENTAMEDIA,PERSISTENT,PETRONET,PFIZER,PGHL,PHIL,PHILIPS,PHOENIX,PIDILITIND,PNB,POONAWALLA,PRAJIND,PREMIERENE,PRESTIGE,PSIDATA,PUNJABCHEM,PUNJTRACT,QUESS,RAASI,RAIN,RAJESHEXPO,RALLIS,RAMCOCEM,RAYMOND,RBLBANK,RCF,RCOM,RECKITT,RECLTD,REIAGRO,RELAXO,RELCAPITAL,RELIANCE,RELINFRA,RELMEDIA,RITES,RKFORGE,RPGTRANS,RPOWER,RSWM,RUPA,SAIL,SANGHI,SANOFI,SAREGAMA,SBILIFE,SCHAEFFLER,SCHENECT,SCI,SCILAL,SESASTERL,SESHAPAPER,SFL,SHANKARA,SHARDACROP,SHAWWALLA,SHILPAMED,SHK,SHOPERSTOP,SHREECEM,SHRIRAMFIN,SHYAMTEL,SIEMENS,SIS,SJVN,SKFINDIA,SKSMICRO,SOLARINDS,SONATSOFTW,SOUTHBANK,SPARC,SRF,STAR,STARCEMENT,STYROLUT,SUNCLAY,SUNDARMFIN,SUNDRMFAST,SUNPHARMA,SUPRAJIT,SUPREMEIND,SUVEN,SYMPHONY,SYNGENE,TAKE,TAMIL,TATACHEM,TATACONSUM,TATAELXSI,TATAINVEST,TATAMETAL,TATAMOTORS,TATAPOWER,TATASTEEL,TCNSCLOTH,TCS,TEAMLEASE,THERMAX,THIRU,THOMASCOOK,THYROCARE,TIINDIA,TIMETECHNO,TIMEX,TIMKEN,TITAN,TMCV,TORNTPHARM,TORNTPOWER,TRANSPEK,TRENT,TRIDENT,TRITURBINE,TTKPRESTIG,TVTODAY,UBL,UCALFUEL,UFLEX,UJJIVAN,ULTRACEMCO,UNIONBANK,UNOMINDA,URBANCO,VARROC,VARUN,VBL,VENKEYS,VISHAL,VMART,VOLTAS,VTL,WELENT,WIDIA,WIMCO,WINDMACH,WIPRO,WOCKPHARMA,WSI,WSTCSTPAPR,ZENSARTECH,ZYDUSWELL"
2019-04-15,Nifty500,SUNCLAY,EXCEL,"3MINDIA,AAVAS,ABB,ABBOTINDIA,ABCAPITAL,ABREL,ACC,ADANIENSOL,ADANIPOWER,ADVENZYMES,AEGISLOG,AGCNETWO,AIAENG,AKZOINDIA,ALKEM,ALLCARGO,ALTOS,AMBALAL,AMBUJACEM,APLAPOLLO,APOLLOHOSP,APOLLOTYRE,APPAPER,APPLE,ASAHIINDIA,ASHOKLEY,ASIANPAINT,ASTERDM,ASTRAZENCA,ATUL,ATULAUTO,AUBANK,AVANTIFEED,AVERY,AXISBANK,BAJAJ,BAJAJ-AUTO,BAJAJHLDNG,BAJFINANCE,BALMLAWRIE,BALRAMCHIN,BANKBARODA,BASF,BATAINDIA,BBTC,BDL,BEL,BEML,BERGEPAINT,BHARATFORG,BHARTIARTL,BHEL,BI,BIOCON,BIRLACORPN,BLISSGVS,BLUEDART,BLUESTARCO,BOMDYEING,BOSCH-HCIL,BOSCHLTD,BPCL,BRIGADE,BRITANNIA,BSE,BSOFT,CABLE,CANBK,CANFINHOME,CAPLIN,CASTROLIND,CCL,CDSL,CEATLTD,CENTRALBK,CERA,CESC,CGPOWER,CHAMBLFERT,CHEMINOR,CHENNPETRO,CHETTINAD,CHOLAFIN,CHOLAHLDNG,CIPLA,CMC,COALINDIA,COCHINSHIP,COFFEEDAY,COFORGE,COLPAL,CONCOR,CONSOFINVT,COROMANDEL,COX&KINGS,CREDITACC,CRISIL,CROMPTON,CUB,CUMMINSIND,CYBERTECH,DABUR,DBCORP,DBL,DCAL,DCLPOLYE,DCW,DEEPAKFERT,DEEPAKNTR,DHAMPURSUG,DHANBANK,DHFL,DICIND,DIGJAMLMTD,DISHTV,DLF,DMART,DRREDDY,DSQSOFTW,ECLERX,EICHERMOT,EIDPARRY,EIHOTEL,ELECON,ELGIEQUIP,ELGIRUBCO,ENDURANCE,ENERGY,ENGINERSIN,ERIS,ESCORTS,ESSAR,EXCELINDUS,EXIDEIND,FACT,FDC,FEDERALBNK,FINCABLES,FLFL,FLUOROCHEM,FORTIS,FOSECOIND,FULFORD,GAEL,GAIL,GALAXYSURF,GANESHBE,GARDEN,GAYAPROJ,GESHIP,GHCL,GICRE,GILLETTE,GLAXO,GLENMARK,GLFL,GMDCLTD,GNFC,GODFRYPHLP,GODREJAGRO,GODREJCP,GODREJIND,GOKEX,GOODRICKE,GOODYEAR,GPPL,GRANULES,GRAPHITE,GRASIM,GREAVESCOT,GRINDWELL,GRUH,GSFC,GSKCONS,GSPL,GUJALKALI,GUJGASLTD,GVT&D,HAL,HARRMALAYA,HATSUN,HAVELLS,HCLTECH,HDFC,HDFCAMC,HDFCBANK,HDFCLIFE,HEALTHCARE,HEG,HEIDELBERG,HERBERTS,HERITGFOOD,HEROMOTOCO,HEXT,HIMACHAL,HIMATSEIDE,HINDALCO,HINDCOPPER,HINDPETRO,HINDSYNTEX,HINDUNILVR,HINDUSTAN,HINDZINC,HOGANAS,HONAUT,HSCL,HUBTOWN,IBREALEST,IBULLSLTD,IBVENTURES,ICICI,ICICIBANK,ICICIGI,ICICIPRULI,ICRA,IDBI,IDFCFIRSTB,IFBIND,IFCI,IGL,INDHOTEL,INDIACEM,INDIAGLYCO,INDIANB,INDIGO,INDOCO,INDUSINDBK,INDUSTOWER,INFIBEAM,INFY,INOXWIND,INSILCO,INTELLECT,IOB,IOC,IONEXCHANG,IPCALAB,IPRINGS,IRCON,ISMT,ITC,ITDC,ITDCEMEN,ITI,ITIETF,ITWSIGNO,JAGRAN,JAICORPLTD,JBCHEPHARM,JBMA,JETAIRWAYS,JGCHEM,JINDALPHOT,JINDALSAW,JINDALSTEL,JISLJALEQS,JKCEMENT,JKPAPER,JKTYRE,JPASSOCIAT,JSL,JUBLFOOD,JUBLINGRY,KAJARIACER,KANSAINER,KARURVYSYA,KARUTURI,KEI,KINETIC,KIOCL,KMSUGAR,KNRCON,KOHINOOR,KOTAKBANK,KPEL,KRBL,KRISHNA,KTKBANK,KUMARS,LALPATHLAB,LAURUSLABS,LEMONTREE,LICHSGFIN,LINDEINDIA,LT,LTF,LTTS,LUPIN,LUXIND,M& M,M&M,MADURA,MAFATIND,MAHABANK,MAHSCOOTER,MAHSEAMLES,MALWA,MARICO,MARUTI,MASFIN,MASTEK,MATRIX,MAXIND,MERCK,MERIND,MFSL,MGL,MODIXEROX,MONSANTO,MOREPENLAB,MOTHERSON,MOTHERSUMI,MPHASIS,MRF,MRPL,NAGARFERT,NAHAR,NAHARPOLY,NAHARSPING,NAM-INDIA,NATCOPHARM,NATIONAL,NATIONALUM,NAVA,NAVINFLUOR,NCC,NESCO,NESTLEIND,NETWORK18,NFL,NH,NIACL,NILKAMAL,NIRMA,NITCO,NLCINDIA,NMDC,NTPC,OBC,OFSS,OIL,OILCOUNTUB,OLECTRA,OMAXAUTO,OMAXE,ONELIFECAP,ONGC,ONIDA,ORIENTCEM,ORIENTELEC,PARAGMILK,PATANJALI,PATNI,PATSPIN,PCBL,PCJEWELLER,PDMJEPAPER,PEL,PENTAFOUR,PENTAMEDIA,PERSISTENT,PETRONET,PFIZER,PGHL,PHIL,PHILIPS,PHOENIX,PIDILITIND,PNB,POONAWALLA,PRAJIND,PREMIERENE,PRESTIGE,PSIDATA,PUNJABCHEM,PUNJTRACT,QUESS,RAASI,RAIN,RAJESHEXPO,RALLIS,RAMCOCEM,RAYMOND,RBLBANK,RCF,RCOM,RECKITT,RECLTD,REIAGRO,RELAXO,RELCAPITAL,RELIANCE,RELINFRA,RELMEDIA,RITES,RKFORGE,RPGTRANS,RPOWER,RSWM,RUPA,SAIL,SANGHI,SANOFI,SAREGAMA,SBILIFE,SCHAEFFLER,SCHENECT,SCI,SCILAL,SESASTERL,SESHAPAPER,SFL,SHANKARA,SHARDACROP,SHAWWALLA,SHILPAMED,SHK,SHOPERSTOP,SHREECEM,SHRIRAMFIN,SHYAMTEL,SIEMENS,SIS,SJVN,SKFINDIA,SKSMICRO,SOLARINDS,SONATSOFTW,SOUTHBANK,SPARC,SRF,STAR,STARCEMENT,STYROLUT,SUNCLAY,SUNDARMFIN,SUNDRMFAST,SUNPHARMA,SUPRAJIT,SUPREMEIND,SUVEN,SYMPHONY,SYNGENE,TAKE,TAMIL,TATACHEM,TATACONSUM,TATAELXSI,TATAINVEST,TATAMETAL,TATAMOTORS,TATAPOWER,TATASTEEL,TCNSCLOTH,TCS,TEAMLEASE,THERMAX,THIRU,THOMASCOOK,THYROCARE,TIINDIA,TIMETECHNO,TIMEX,TIMKEN,TITAN,TMCV,TORNTPHARM,TORNTPOWER,TRANSPEK,TRENT,TRIDENT,TRITURBINE,TTKPRESTIG,TVTODAY,UBL,UCALFUEL,UFLEX,UJJIVAN,ULTRACEMCO,UNIONBANK,UNOMINDA,URBANCO,VARROC,VARUN,VBL,VENKEYS,VISHAL,VMART,VOLTAS,VTL,WELENT,WIDIA,WIMCO,WINDMACH,WIPRO,WOCKPHARMA,WSI,WSTCSTPAPR,ZENSARTECH,ZYDUSWELL"
2019-06-28,Nifty500,"CHALET,DALMIASUG","FLUOROCHEM,MONSANTO","3MINDIA,AAVAS,ABB,ABBOTINDIA,ABCAPITAL,ABREL,ACC,ADANIENSOL,ADANIPOWER,ADVENZYMES,AEGISLOG,AGCNETWO,AIAENG,AKZOINDIA,ALKEM,ALLCARGO,ALTOS,AMBALAL,AMBUJACEM,APLAPOLLO,APOLLOHOSP,APOLLOTYRE,APPAPER,APPLE,ASAHIINDIA,ASHOKLEY,ASIANPAINT,ASTERDM,ASTRAZENCA,ATUL,ATULAUTO,AUBANK,AVANTIFEED,AVERY,AXISBANK,BAJAJ,BAJAJ-AUTO,BAJAJHLDNG,BAJFINANCE,BALMLAWRIE,BALRAMCHIN,BANKBARODA,BASF,BATAINDIA,BBTC,BDL,BEL,BEML,BERGEPAINT,BHARATFORG,BHARTIARTL,BHEL,BI,BIOCON,BIRLACORPN,BLISSGVS,BLUEDART,BLUESTARCO,BOMDYEING,BOSCH-HCIL,BOSCHLTD,BPCL,BRIGADE,BRITANNIA,BSE,BSOFT,CABLE,CANBK,CANFINHOME,CAPLIN,CASTROLIND,CCL,CDSL,CEATLTD,CENTRALBK,CERA,CESC,CGPOWER,CHALET,CHAMBLFERT,CHEMINOR,CHENNPETRO,CHETTINAD,CHOLAFIN,CHOLAHLDNG,CIPLA,CMC,COALINDIA,COCHINSHIP,COFFEEDAY,COFORGE,COLPAL,CONCOR,CONSOFINVT,COROMANDEL,COX&KINGS,CREDITACC,CRISIL,CROMPTON,CUB,CUMMINSIND,CYBERTECH,DABUR,DALMIASUG,DBCORP,DBL,DCAL,DCLPOLYE,DCW,DEEPAKFERT,DEEPAKNTR,DHAMPURSUG,DHANBANK,DHFL,DICIND,DIGJAMLMTD,DISHTV,DLF,DMART,DRREDDY,DSQSOFTW,ECLERX,EICHERMOT,EIDPARRY,EIHOTEL,ELECON,ELGIEQUIP,ELGIRUBCO,ENDURANCE,ENERGY,ENGINERSIN,ERIS,ESCORTS,ESSAR,EXCELINDUS,EXIDEIND,FACT,FDC,FEDERALBNK,FINCABLES,FLFL,FORTIS,FOSECOIND,FULFORD,GAEL,GAIL,GALAXYSURF,GANESHBE,GARDEN,GAYAPROJ,GESHIP,GHCL,GICRE,GILLETTE,GLAXO,GLENMARK,GLFL,GMDCLTD,GNFC,GODFRYPHLP,GODREJAGRO,GODREJCP,GODREJIND,GOKEX,GOODRICKE,GOODYEAR,GPPL,GRANULES,GRAPHITE,GRASIM,GREAVESCOT,GRINDWELL,GRUH,GSFC,GSKCONS,GSPL,GUJALKALI,GUJGASLTD,GVT&D,HAL,HARRMALAYA,HATSUN,HAVELLS,HCLTECH,HDFC,HDFCAMC,HDFCBANK,HDFCLIFE,HEALTHCARE,HEG,HEIDELBERG,HERBERTS,HERITGFOOD,HEROMOTOCO,HEXT,HIMACHAL,HIMATSEIDE,HINDALCO,HINDCOPPER,HINDPETRO,HINDSYNTEX,HINDUNILVR,HINDUSTAN,HINDZINC,HOGANAS,HONAUT,HSCL,HUBTOWN,IBREALEST,IBULLSLTD,IBVENTURES,ICICI,ICICIBANK,ICICIGI,ICICIPRULI,ICRA,IDBI,IDFCFIRSTB,IFBIND,IFCI,IGL,INDHOTEL,INDIACEM,INDIAGLYCO,INDIANB,INDIGO,INDOCO,INDUSINDBK,INDUSTOWER,INFIBEAM,INFY,INOXWIND,INSILCO,INTELLECT,IOB,IOC,IONEXCHANG,IPCALAB,IPRINGS,IRCON,ISMT,ITC,ITDC,ITDCEMEN,ITI,ITIETF,ITWSIGNO,JAGRAN,JAICORPLTD,JBCHEPHARM,JBMA,JETAIRWAYS,JGCHEM,JINDALPHOT,JINDALSAW,JINDALSTEL,JISLJALEQS,JKCEMENT,JKPAPER,JKTYRE,JPASSOCIAT,JSL,JUBLFOOD,JUBLINGRY,KAJARIACER,KANSAINER,KARURVYSYA,KARUTURI,KEI,KINETIC,KIOCL,KMSUGAR,KNRCON,KOHINOOR,KOTAKBANK,KPEL,KRBL,KRISHNA,KTKBANK,KUMARS,LALPATHLAB,LAURUSLABS,LEMONTREE,LICHSGFIN,LINDEINDIA,LT,LTF,LTTS,LUPIN,LUXIND,M& M,M&M,MADURA,MAFATIND,MAHABANK,MAHSCOOTER,MAHSEAMLES,MALWA,MARICO,MARUTI,MASFIN,MASTEK,MATRIX,MAXIND,MERCK,MERIND,MFSL,MGL,MODIXEROX,MOREPENLAB,MOTHERSON,MOTHERSUMI,MPHASIS,MRF,MRPL,NAGARFERT,NAHAR,NAHARPOLY,NAHARSPING,NAM-INDIA,NATCOPHARM,NATIONAL,NATIONALUM,NAVA,NAVINFLUOR,NCC,NESCO,NESTLEIND,NETWORK18,NFL,NH,NIACL,NILKAMAL,NIRMA,NITCO,NLCINDIA,NMDC,NTPC,OBC,OFSS,OIL,OILCOUNTUB,OLECTRA,OMAXAUTO,OMAXE,ONELIFECAP,ONGC,ONIDA,ORIENTCEM,ORIENTELEC,PARAGMILK,PATANJALI,PATNI,PATSPIN,PCBL,PCJEWELLER,PDMJEPAPER,PEL,PENTAFOUR,PENTAMEDIA,PERSISTENT,PETRONET,PFIZER,PGHL,PHIL,PHILIPS,PHOENIX,PIDILITIND,PNB,POONAWALLA,PRAJIND,PREMIERENE,PRESTIGE,PSIDATA,PUNJABCHEM,PUNJTRACT,QUESS,RAASI,RAIN,RAJESHEXPO,RALLIS,RAMCOCEM,RAYMOND,RBLBANK,RCF,RCOM,RECKITT,RECLTD,REIAGRO,RELAXO,RELCAPITAL,RELIANCE,RELINFRA,RELMEDIA,RITES,RKFORGE,RPGTRANS,RPOWER,RSWM,RUPA,SAIL,SANGHI,SANOFI,SAREGAMA,SBILIFE,SCHAEFFLER,SCHENECT,SCI,SCILAL,SESASTERL,SESHAPAPER,SFL,SHANKARA,SHARDACROP,SHAWWALLA,SHILPAMED,SHK,SHOPERSTOP,SHREECEM,SHRIRAMFIN,SHYAMTEL,SIEMENS,SIS,SJVN,SKFINDIA,SKSMICRO,SOLARINDS,SONATSOFTW,SOUTHBANK,SPARC,SRF,STAR,STARCEMENT,STYROLUT,SUNCLAY,SUNDARMFIN,SUNDRMFAST,SUNPHARMA,SUPRAJIT,SUPREMEIND,SUVEN,SYMPHONY,SYNGENE,TAKE,TAMIL,TATACHEM,TATACONSUM,TATAELXSI,TATAINVEST,TATAMETAL,TATAMOTORS,TATAPOWER,TATASTEEL,TCNSCLOTH,TCS,TEAMLEASE,THERMAX,THIRU,THOMASCOOK,THYROCARE,TIINDIA,TIMETECHNO,TIMEX,TIMKEN,TITAN,TMCV,TORNTPHARM,TORNTPOWER,TRANSPEK,TRENT,TRIDENT,TRITURBINE,TTKPRESTIG,TVTODAY,UBL,UCALFUEL,UFLEX,UJJIVAN,ULTRACEMCO,UNIONBANK,UNOMINDA,URBANCO,VARROC,VARUN,VBL,VENKEYS,VISHAL,VMART,VOLTAS,VTL,WELENT,WIDIA,WIMCO,WINDMACH,WIPRO,WOCKPHARMA,WSI,WSTCSTPAPR,ZENSARTECH,ZYDUSWELL"
2019-09-24,Nifty500,VAIBHAVGBL,JETAIRWAYS,"3MINDIA,AAVAS,ABB,ABBOTINDIA,ABCAPITAL,ABREL,ACC,ADANIENSOL,ADANIPOWER,ADVENZYMES,AEGISLOG,AGCNETWO,AIAENG,AKZOINDIA,ALKEM,ALLCARGO,ALTOS,AMBALAL,AMBUJACEM,APLAPOLLO,APOLLOHOSP,APOLLOTYRE,APPAPER,APPLE,ASAHIINDIA,ASHOKLEY,ASIANPAINT,ASTERDM,ASTRAZENCA,ATUL,ATULAUTO,AUBANK,AVANTIFEED,AVERY,AXISBANK,BAJAJ,BAJAJ-AUTO,BAJAJHLDNG,BAJFINANCE,BALMLAWRIE,BALRAMCHIN,BANKBARODA,BASF,BATAINDIA,BBTC,BDL,BEL,BEML,BERGEPAINT,BHARATFORG,BHARTIARTL,BHEL,BI,BIOCON,BIRLACORPN,BLISSGVS,BLUEDART,BLUESTARCO,BOMDYEING,BOSCH-HCIL,BOSCHLTD,BPCL,BRIGADE,BRITANNIA,BSE,BSOFT,CABLE,CANBK,CANFINHOME,CAPLIN,CASTROLIND,CCL,CDSL,CEATLTD,CENTRALBK,CERA,CESC,CGPOWER,CHALET,CHAMBLFERT,CHEMINOR,CHENNPETRO,CHETTINAD,CHOLAFIN,CHOLAHLDNG,CIPLA,CMC,COALINDIA,COCHINSHIP,COFFEEDAY,COFORGE,COLPAL,CONCOR,CONSOFINVT,COROMANDEL,COX&KINGS,CREDITACC,CRISIL,CROMPTON,CUB,CUMMINSIND,CYBERTECH,DABUR,DALMIASUG,DBCORP,DBL,DCAL,DCLPOLYE,DCW,DEEPAKFERT,DEEPAKNTR,DHAMPURSUG,DHANBANK,DHFL,DICIND,DIGJAMLMTD,DISHTV,DLF,DMART,DRREDDY,DSQSOFTW,ECLERX,EICHERMOT,EIDPARRY,EIHOTEL,ELECON,ELGIEQUIP,ELGIRUBCO,ENDURANCE,ENERGY,ENGINERSIN,ERIS,ESCORTS,ESSAR,EXCELINDUS,EXIDEIND,FACT,FDC,FEDERALBNK,FINCABLES,FLFL,FORTIS,FOSECOIND,FULFORD,GAEL,GAIL,GALAXYSURF,GANESHBE,GARDEN,GAYAPROJ,GESHIP,GHCL,GICRE,GILLETTE,GLAXO,GLENMARK,GLFL,GMDCLTD,GNFC,GODFRYPHLP,GODREJAGRO,GODREJCP,GODREJIND,GOKEX,GOODRICKE,GOODYEAR,GPPL,GRANULES,GRAPHITE,GRASIM,GREAVESCOT,GRINDWELL,GRUH,GSFC,GSKCONS,GSPL,GUJALKALI,GUJGASLTD,GVT&D,HAL,HARRMALAYA,HATSUN,HAVELLS,HCLTECH,HDFC,HDFCAMC,HDFCBANK,HDFCLIFE,HEALTHCARE,HEG,HEIDELBERG,HERBERTS,HERITGFOOD,HEROMOTOCO,HEXT,HIMACHAL,HIMATSEIDE,HINDALCO,HINDCOPPER,HINDPETRO,HINDSYNTEX,HINDUNILVR,HINDUSTAN,HINDZINC,HOGANAS,HONAUT,HSCL,HUBTOWN,IBREALEST,IBULLSLTD,IBVENTURES,ICICI,ICICIBANK,ICICIGI,ICICIPRULI,ICRA,IDBI,IDFCFIRSTB,IFBIND,IFCI,IGL,INDHOTEL,INDIACEM,INDIAGLYCO,INDIANB,INDIGO,INDOCO,INDUSINDBK,INDUSTOWER,INFIBEAM,INFY,INOXWIND,INSILCO,INTELLECT,IOB,IOC,IONEXCHANG,IPCALAB,IPRINGS,IRCON,ISMT,ITC,ITDC,ITDCEMEN,ITI,ITIETF,ITWSIGNO,JAGRAN,JAICORPLTD,JBCHEPHARM,JBMA,JGCHEM,JINDALPHOT,JINDALSAW,JINDALSTEL,JISLJALEQS,JKCEMENT,JKPAPER,JKTYRE,JPASSOCIAT,JSL,JUBLFOOD,JUBLINGRY,KAJARIACER,KANSAINER,KARURVYSYA,KARUTURI,KEI,KINETIC,KIOCL,KMSUGAR,KNRCON,KOHINOOR,KOTAKBANK,KPEL,KRBL,KRISHNA,KTKBANK,KUMARS,LALPATHLAB,LAURUSLABS,LEMONTREE,LICHSGFIN,LINDEINDIA,LT,LTF,LTTS,LUPIN,LUXIND,M& M,M&M,MADURA,MAFATIND,MAHABANK,MAHSCOOTER,MAHSEAMLES,MALWA,MARICO,MARUTI,MASFIN,MASTEK,MATRIX,MAXIND,MERCK,MERIND,MFSL,MGL,MODIXEROX,MOREPENLAB,MOTHERSON,MOTHERSUMI,MPHASIS,MRF,MRPL,NAGARFERT,NAHAR,NAHARPOLY,NAHARSPING,NAM-INDIA,NATCOPHARM,NATIONAL,NATIONALUM,NAVA,NAVINFLUOR,NCC,NESCO,NESTLEIND,NETWORK18,NFL,NH,NIACL,NILKAMAL,NIRMA,NITCO,NLCINDIA,NMDC,NTPC,OBC,OFSS,OIL,OILCOUNTUB,OLECTRA,OMAXAUTO,OMAXE,ONELIFECAP,ONGC,ONIDA,ORIENTCEM,ORIENTELEC,PARAGMILK,PATANJALI,PATNI,PATSPIN,PCBL,PCJEWELLER,PDMJEPAPER,PEL,PENTAFOUR,PENTAMEDIA,PERSISTENT,PETRONET,PFIZER,PGHL,PHIL,PHILIPS,PHOENIX,PIDILITIND,PNB,POONAWALLA,PRAJIND,PREMIERENE,PRESTIGE,PSIDATA,PUNJABCHEM,PUNJTRACT,QUESS,RAASI,RAIN,RAJESHEXPO,RALLIS,RAMCOCEM,RAYMOND,RBLBANK,RCF,RCOM,RECKITT,RECLTD,REIAGRO,RELAXO,RELCAPITAL,RELIANCE,RELINFRA,RELMEDIA,RITES,RKFORGE,RPGTRANS,RPOWER,RSWM,RUPA,SAIL,SANGHI,SANOFI,SAREGAMA,SBILIFE,SCHAEFFLER,SCHENECT,SCI,SCILAL,SESASTERL,SESHAPAPER,SFL,SHANKARA,SHARDACROP,SHAWWALLA,SHILPAMED,SHK,SHOPERSTOP,SHREECEM,SHRIRAMFIN,SHYAMTEL,SIEMENS,SIS,SJVN,SKFINDIA,SKSMICRO,SOLARINDS,SONATSOFTW,SOUTHBANK,SPARC,SRF,STAR,STARCEMENT,STYROLUT,SUNCLAY,SUNDARMFIN,SUNDRMFAST,SUNPHARMA,SUPRAJIT,SUPREMEIND,SUVEN,SYMPHONY,SYNGENE,TAKE,TAMIL,TATACHEM,TATACONSUM,TATAELXSI,TATAINVEST,TATAMETAL,TATAMOTORS,TATAPOWER,TATASTEEL,TCNSCLOTH,TCS,TEAMLEASE,THERMAX,THIRU,THOMASCOOK,THYROCARE,TIINDIA,TIMETECHNO,TIMEX,TIMKEN,TITAN,TMCV,TORNTPHARM,TORNTPOWER,TRANSPEK,TRENT,TRIDENT,TRITURBINE,TTKPRESTIG,TVTODAY,UBL,UCALFUEL,UFLEX,UJJIVAN,ULTRACEMCO,UNIONBANK,UNOMINDA,URBANCO,VAIBHAVGBL,VARROC,VARUN,VBL,VENKEYS,VISHAL,VMART,VOLTAS,VTL,WELENT,WIDIA,WIMCO,WINDMACH,WIPRO,WOCKPHARMA,WSI,WSTCSTPAPR,ZENSARTECH,ZYDUSWELL"
2019-09-27,Nifty500,"MCX,RATNAMANI,ORIENTREF,POLYCAB,NESTLEIND,RVNL,TCIEXP,TECHNOE,METROPOLIS,ABBOTINDIA,ATGL,AMBER,BAYERCROP,BSOFT,CGCL,DEN,FMGOETZE,ARVIND,KPITTECH,IIFL,JOHNSON,GARWARE","RCOM,RKFORGE,RUPA,SREINFRA,SINTEX,SHARDACROP,SCILAL,TAMIL,TATACOFFEE,THOMASCOOK,TRITURBINE,SHANKARA,LTF,KIOCL,ABB,IGPL,GATEWAY,GSKCONS,GRUH,INDOCO,INOXWIND,JPASSOCIAT","3MINDIA,AAVAS,ABBOTINDIA,ABCAPITAL,ABREL,ACC,ADANIENSOL,ADANIPOWER,ADVENZYMES,AEGISLOG,AGCNETWO,AIAENG,AKZOINDIA,ALKEM,ALLCARGO,ALTOS,AMBALAL,AMBER,AMBUJACEM,APLAPOLLO,APOLLOHOSP,APOLLOTYRE,APPAPER,APPLE,ARVIND,ASAHIINDIA,ASHOKLEY,ASIANPAINT,ASTERDM,ASTRAZENCA,ATGL,ATUL,ATULAUTO,AUBANK,AVANTIFEED,AVERY,AXISBANK,BAJAJ,BAJAJ-AUTO,BAJAJHLDNG,BAJFINANCE,BALMLAWRIE,BALRAMCHIN,BANKBARODA,BASF,BATAINDIA,BAYERCROP,BBTC,BDL,BEL,BEML,BERGEPAINT,BHARATFORG,BHARTIARTL,BHEL,BI,BIOCON,BIRLACORPN,BLISSGVS,BLUEDART,BLUESTARCO,BOMDYEING,BOSCH-HCIL,BOSCHLTD,BPCL,BRIGADE,BRITANNIA,BSE,BSOFT,CABLE,CANBK,CANFINHOME,CAPLIN,CASTROLIND,CCL,CDSL,CEATLTD,CENTRALBK,CERA,CESC,CGCL,CGPOWER,CHALET,CHAMBLFERT,CHEMINOR,CHENNPETRO,CHETTINAD,CHOLAFIN,CHOLAHLDNG,CIPLA,CMC,COALINDIA,COCHINSHIP,COFFEEDAY,COFORGE,COLPAL,CONCOR,CONSOFINVT,COROMANDEL,COX&KINGS,CREDITACC,CRISIL,CROMPTON,CUB,CUMMINSIND,CYBERTECH,DABUR,DALMIASUG,DBCORP,DBL,DCAL,DCLPOLYE,DCW,DEEPAKFERT,DEEPAKNTR,DEN,DHAMPURSUG,DHANBANK,DHFL,DICIND,DIGJAMLMTD,DISHTV,DLF,DMART,DRREDDY,DSQSOFTW,ECLERX,EICHERMOT,EIDPARRY,EIHOTEL,ELECON,ELGIEQUIP,ELGIRUBCO,ENDURANCE,ENERGY,ENGINERSIN,ERIS,ESCORTS,ESSAR,EXCELINDUS,EXIDEIND,FACT,FDC,FEDERALBNK,FINCABLES,FLFL,FMGOETZE,FORTIS,FOSECOIND,FULFORD,GAEL,GAIL,GALAXYSURF,GANESHBE,GARDEN,GARWARE,GAYAPROJ,GESHIP,GHCL,GICRE,GILLETTE,GLAXO,GLENMARK,GLFL,GMDCLTD,GNFC,GODFRYPHLP,GODREJAGRO,GODREJCP,GODREJIND,GOKEX,GOODRICKE,GOODYEAR,GPPL,GRANULES,GRAPHITE,GRASIM,GREAVESCOT,GRINDWELL,GSFC,GSPL,GUJALKALI,GUJGASLTD,GVT&D,HAL,HARRMALAYA,HATSUN,HAVELLS,HCLTECH,HDFC,HDFCAMC,HDFCBANK,HDFCLIFE,HEALTHCARE,HEG,HEIDELBERG,HERBERTS,HERITGFOOD,HEROMOTOCO,HEXT,HIMACHAL,HIMATSEIDE,HINDALCO,HINDCOPPER,HINDPETRO,HINDSYNTEX,HINDUNILVR,HINDUSTAN,HINDZINC,HOGANAS,HONAUT,HSCL,HUBTOWN,IBREALEST,IBULLSLTD,IBVENTURES,ICICI,ICICIBANK,ICICIGI,ICICIPRULI,ICRA,IDBI,IDFCFIRSTB,IFBIND,IFCI,IGL,IIFL,INDHOTEL,INDIACEM,INDIAGLYCO,INDIANB,INDIGO,INDUSINDBK,INDUSTOWER,INFIBEAM,INFY,INSILCO,INTELLECT,IOB,IOC,IONEXCHANG,IPCALAB,IPRINGS,IRCON,ISMT,ITC,ITDC,ITDCEMEN,ITI,ITIETF,ITWSIGNO,JAGRAN,JAICORPLTD,JBCHEPHARM,JBMA,JGCHEM,JINDALPHOT,JINDALSAW,JINDALSTEL,JISLJALEQS,JKCEMENT,JKPAPER,JKTYRE,JSL,JUBLFOOD,JUBLINGRY,KAJARIACER,KANSAINER,KARURVYSYA,KARUTURI,KEI,KINETIC,KMSUGAR,KNRCON,KOHINOOR,KOTAKBANK,KPEL,KPITTECH,KRBL,KRISHNA,KTKBANK,KUMARS,LALPATHLAB,LAURUSLABS,LEMONTREE,LICHSGFIN,LINDEINDIA,LT,LTTS,LUPIN,LUXIND,M& M,M&M,MADURA,MAFATIND,MAHABANK,MAHSCOOTER,MAHSEAMLES,MALWA,MARICO,MARUTI,MASFIN,MASTEK,MATRIX,MAXIND,MCX,MERCK,MERIND,METROPOLIS,MFSL,MGL,MODIXEROX,MOREPENLAB,MOTHERSON,MOTHERSUMI,MPHASIS,MRF,MRPL,NAGARFERT,NAHAR,NAHARPOLY,NAHARSPING,NAM-INDIA,NATCOPHARM,NATIONAL,NATIONALUM,NAVA,NAVINFLUOR,NCC,NESCO,NESTLEIND,NETWORK18,NFL,NH,NIACL,NILKAMAL,NIRMA,NITCO,NLCINDIA,NMDC,NTPC,OBC,OFSS,OIL,OILCOUNTUB,OLECTRA,OMAXAUTO,OMAXE,ONELIFECAP,ONGC,ONIDA,ORIENTCEM,ORIENTELEC,ORIENTREF,PARAGMILK,PATANJALI,PATNI,PATSPIN,PCBL,PCJEWELLER,PDMJEPAPER,PEL,PENTAFOUR,PENTAMEDIA,PERSISTENT,PETRONET,PFIZER,PGHL,PHIL,PHILIPS,PHOENIX,PIDILITIND,PNB,POLYCAB,POONAWALLA,PRAJIND,PREMIERENE,PRESTIGE,PSIDATA,PUNJABCHEM,PUNJTRACT,QUESS,RAASI,RAIN,RAJESHEXPO,RALLIS,RAMCOCEM,RATNAMANI,RAYMOND,RBLBANK,RCF,RECKITT,RECLTD,REIAGRO,RELAXO,RELCAPITAL,RELIANCE,RELINFRA,RELMEDIA,RITES,RPGTRANS,RPOWER,RSWM,RVNL,SAIL,SANGHI,SANOFI,SAREGAMA,SBILIFE,SCHAEFFLER,SCHENECT,SCI,SESASTERL,SESHAPAPER,SFL,SHAWWALLA,SHILPAMED,SHK,SHOPERSTOP,SHREECEM,SHRIRAMFIN,SHYAMTEL,SIEMENS,SIS,SJVN,SKFINDIA,SKSMICRO,SOLARINDS,SONATSOFTW,SOUTHBANK,SPARC,SRF,STAR,STARCEMENT,STYROLUT,SUNCLAY,SUNDARMFIN,SUNDRMFAST,SUNPHARMA,SUPRAJIT,SUPREMEIND,SUVEN,SYMPHONY,SYNGENE,TAKE,TATACHEM,TATACONSUM,TATAELXSI,TATAINVEST,TATAMETAL,TATAMOTORS,TATAPOWER,TATASTEEL,TCIEXP,TCNSCLOTH,TCS,TEAMLEASE,TECHNOE,THERMAX,THIRU,THYROCARE,TIINDIA,TIMETECHNO,TIMEX,TIMKEN,TITAN,TMCV,TORNTPHARM,TORNTPOWER,TRANSPEK,TRENT,TRIDENT,TTKPRESTIG,TVTODAY,UBL,UCALFUEL,UFLEX,UJJIVAN,ULTRACEMCO,UNIONBANK,UNOMINDA,URBANCO,VARROC,VARUN,VBL,VENKEYS,VISHAL,VMART,VOLTAS,VTL,WELENT,WIDIA,WIMCO,WINDMACH,WIPRO,WOCKPHARMA,WSI,WSTCSTPAPR,ZENSARTECH,ZYDUSWELL"
2019-12-26,Nifty500,"RESPONIND,MIDHANI,AFFLE","COX&KINGS,CGPOWER,COFFEEDAY","3MINDIA,AAVAS,ABBOTINDIA,ABCAPITAL,ABREL,ACC,ADANIENSOL,ADANIPOWER,ADVENZYMES,AEGISLOG,AFFLE,AGCNETWO,AIAENG,AKZOINDIA,ALKEM,ALLCARGO,ALTOS,AMBALAL,AMBER,AMBUJACEM,APLAPOLLO,APOLLOHOSP,APOLLOTYRE,APPAPER,APPLE,ARVIND,ASAHIINDIA,ASHOKLEY,ASIANPAINT,ASTERDM,ASTRAZENCA,ATGL,ATUL,ATULAUTO,AUBANK,AVANTIFEED,AVERY,AXISBANK,BAJAJ,BAJAJ-AUTO,BAJAJHLDNG,BAJFINANCE,BALMLAWRIE,BALRAMCHIN,BANKBARODA,BASF,BATAINDIA,BAYERCROP,BBTC,BDL,BEL,BEML,BERGEPAINT,BHARATFORG,BHARTIARTL,BHEL,BI,BIOCON,BIRLACORPN,BLISSGVS,BLUEDART,BLUESTARCO,BOMDYEING,BOSCH-HCIL,BOSCHLTD,BPCL,BRIGADE,BRITANNIA,BSE,BSOFT,CABLE,CANBK,CANFINHOME,CAPLIN,CASTROLIND,CCL,CDSL,CEATLTD,CENTRALBK,CERA,CESC,CGCL,CHALET,CHAMBLFERT,CHEMINOR,CHENNPETRO,CHETTINAD,CHOLAFIN,CHOLAHLDNG,CIPLA,CMC,COALINDIA,COCHINSHIP,COFORGE,COLPAL,CONCOR,CONSOFINVT,COROMANDEL,CREDITACC,CRISIL,CROMPTON,CUB,CUMMINSIND,CYBERTECH,DABUR,DALMIASUG,DBCORP,DBL,DCAL,DCLPOLYE,DCW,DEEPAKFERT,DEEPAKNTR,DEN,DHAMPURSUG,DHANBANK,DHFL,DICIND,DIGJAMLMTD,DISHTV,DLF,DMART,DRREDDY,DSQSOFTW,ECLERX,EICHERMOT,EIDPARRY,EIHOTEL,ELECON,ELGIEQUIP,ELGIRUBCO,ENDURANCE,ENERGY,ENGINERSIN,ERIS,ESCORTS,ESSAR,EXCELINDUS,EXIDEIND,FACT,FDC,FEDERALBNK,FINCABLES,FLFL,FMGOETZE,FORTIS,FOSECOIND,FULFORD,GAEL,GAIL,GALAXYSURF,GANESHBE,GARDEN,GARWARE,GAYAPROJ,GESHIP,GHCL,GICRE,GILLETTE,GLAXO,GLENMARK,GLFL,GMDCLTD,GNFC,GODFRYPHLP,GODREJAGRO,GODREJCP,GODREJIND,GOKEX,GOODRICKE,GOODYEAR,GPPL,GRANULES,GRAPHITE,GRASIM,GREAVESCOT,GRINDWELL,GSFC,GSPL,GUJALKALI,GUJGASLTD,GVT&D,HAL,HARRMALAYA,HATSUN,HAVELLS,HCLTECH,HDFC,HDFCAMC,HDFCBANK,HDFCLIFE,HEALTHCARE,HEG,HEIDELBERG,HERBERTS,HERITGFOOD,HEROMOTOCO,HEXT,HIMACHAL,HIMATSEIDE,HINDALCO,HINDCOPPER,HINDPETRO,HINDSYNTEX,HINDUNILVR,HINDUSTAN,HINDZINC,HOGANAS,HONAUT,HSCL,HUBTOWN,IBREALEST,IBULLSLTD,IBVENTURES,ICICI,ICICIBANK,ICICIGI,ICICIPRULI,ICRA,IDBI,IDFCFIRSTB,IFBIND,IFCI,IGL,IIFL,INDHOTEL,INDIACEM,INDIAGLYCO,INDIANB,INDIGO,INDUSINDBK,INDUSTOWER,INFIBEAM,INFY,INSILCO,INTELLECT,IOB,IOC,IONEXCHANG,IPCALAB,IPRINGS,IRCON,ISMT,ITC,ITDC,ITDCEMEN,ITI,ITIETF,ITWSIGNO,JAGRAN,JAICORPLTD,JBCHEPHARM,JBMA,JGCHEM,JINDALPHOT,JINDALSAW,JINDALSTEL,JISLJALEQS,JKCEMENT,JKPAPER,JKTYRE,JSL,JUBLFOOD,JUBLINGRY,KAJARIACER,KANSAINER,KARURVYSYA,KARUTURI,KEI,KINETIC,KMSUGAR,KNRCON,KOHINOOR,KOTAKBANK,KPEL,KPITTECH,KRBL,KRISHNA,KTKBANK,KUMARS,LALPATHLAB,LAURUSLABS,LEMONTREE,LICHSGFIN,LINDEINDIA,LT,LTTS,LUPIN,LUXIND,M& M,M&M,MADURA,MAFATIND,MAHABANK,MAHSCOOTER,MAHSEAMLES,MALWA,MARICO,MARUTI,MASFIN,MASTEK,MATRIX,MAXIND,MCX,MERCK,MERIND,METROPOLIS,MFSL,MGL,MIDHANI,MODIXEROX,MOREPENLAB,MOTHERSON,MOTHERSUMI,MPHASIS,MRF,MRPL,NAGARFERT,NAHAR,NAHARPOLY,NAHARSPING,NAM-INDIA,NATCOPHARM,NATIONAL,NATIONALUM,NAVA,NAVINFLUOR,NCC,NESCO,NESTLEIND,NETWORK18,NFL,NH,NIACL,NILKAMAL,NIRMA,NITCO,NLCINDIA,NMDC,NTPC,OBC,OFSS,OIL,OILCOUNTUB,OLECTRA,OMAXAUTO,OMAXE,ONELIFECAP,ONGC,ONIDA,ORIENTCEM,ORIENTELEC,ORIENTREF,PARAGMILK,PATANJALI,PATNI,PATSPIN,PCBL,PCJEWELLER,PDMJEPAPER,PEL,PENTAFOUR,PENTAMEDIA,PERSISTENT,PETRONET,PFIZER,PGHL,PHIL,PHILIPS,PHOENIX,PIDILITIND,PNB,POLYCAB,POONAWALLA,PRAJIND,PREMIERENE,PRESTIGE,PSIDATA,PUNJABCHEM,PUNJTRACT,QUESS,RAASI,RAIN,RAJESHEXPO,RALLIS,RAMCOCEM,RATNAMANI,RAYMOND,RBLBANK,RCF,RECKITT,RECLTD,REIAGRO,RELAXO,RELCAPITAL,RELIANCE,RELINFRA,RELMEDIA,RESPONIND,RITES,RPGTRANS,RPOWER,RSWM,RVNL,SAIL,SANGHI,SANOFI,SAREGAMA,SBILIFE,SCHAEFFLER,SCHENECT,SCI,SESASTERL,SESHAPAPER,SFL,SHAWWALLA,SHILPAMED,SHK,SHOPERSTOP,SHREECEM,SHRIRAMFIN,SHYAMTEL,SIEMENS,SIS,SJVN,SKFINDIA,SKSMICRO,SOLARINDS,SONATSOFTW,SOUTHBANK,SPARC,SRF,STAR,STARCEMENT,STYROLUT,SUNCLAY,SUNDARMFIN,SUNDRMFAST,SUNPHARMA,SUPRAJIT,SUPREMEIND,SUVEN,SYMPHONY,SYNGENE,TAKE,TATACHEM,TATACONSUM,TATAELXSI,TATAINVEST,TATAMETAL,TATAMOTORS,TATAPOWER,TATASTEEL,TCIEXP,TCNSCLOTH,TCS,TEAMLEASE,TECHNOE,THERMAX,THIRU,THYROCARE,TIINDIA,TIMETECHNO,TIMEX,TIMKEN,TITAN,TMCV,TORNTPHARM,TORNTPOWER,TRANSPEK,TRENT,TRIDENT,TTKPRESTIG,TVTODAY,UBL,UCALFUEL,UFLEX,UJJIVAN,ULTRACEMCO,UNIONBANK,UNOMINDA,URBANCO,VARROC,VARUN,VBL,VENKEYS,VISHAL,VMART,VOLTAS,VTL,WELENT,WIDIA,WIMCO,WINDMACH,WIPRO,WOCKPHARMA,WSI,WSTCSTPAPR,ZENSARTECH,ZYDUSWELL"
2019-12-27,Nifty500,"TRITURBINE,TASTYBITE,SPICEJET,SPANDANA,WESTLIFE,INDIAMART,ASAHIINDIA,AARTIIND,KENNAMET","OBC,TATACHEM,J&KBANK,MAXIND,HATHWAY,DEN,DHANBANK,J&KBANK,J&KBANK","3MINDIA,AARTIIND,AAVAS,ABBOTINDIA,ABCAPITAL,ABREL,ACC,ADANIENSOL,ADANIPOWER,ADVENZYMES,AEGISLOG,AFFLE,AGCNETWO,AIAENG,AKZOINDIA,ALKEM,ALLCARGO,ALTOS,AMBALAL,AMBER,AMBUJACEM,APLAPOLLO,APOLLOHOSP,APOLLOTYRE,APPAPER,APPLE,ARVIND,ASAHIINDIA,ASHOKLEY,ASIANPAINT,ASTERDM,ASTRAZENCA,ATGL,ATUL,ATULAUTO,AUBANK,AVANTIFEED,AVERY,AXISBANK,BAJAJ,BAJAJ-AUTO,BAJAJHLDNG,BAJFINANCE,BALMLAWRIE,BALRAMCHIN,BANKBARODA,BASF,BATAINDIA,BAYERCROP,BBTC,BDL,BEL,BEML,BERGEPAINT,BHARATFORG,BHARTIARTL,BHEL,BI,BIOCON,BIRLACORPN,BLISSGVS,BLUEDART,BLUESTARCO,BOMDYEING,BOSCH-HCIL,BOSCHLTD,BPCL,BRIGADE,BRITANNIA,BSE,BSOFT,CABLE,CANBK,CANFINHOME,CAPLIN,CASTROLIND,CCL,CDSL,CEATLTD,CENTRALBK,CERA,CESC,CGCL,CHALET,CHAMBLFERT,CHEMINOR,CHENNPETRO,CHETTINAD,CHOLAFIN,CHOLAHLDNG,CIPLA,CMC,COALINDIA,COCHINSHIP,COFORGE,COLPAL,CONCOR,CONSOFINVT,COROMANDEL,CREDITACC,CRISIL,CROMPTON,CUB,CUMMINSIND,CYBERTECH,DABUR,DALMIASUG,DBCORP,DBL,DCAL,DCLPOLYE,DCW,DEEPAKFERT,DEEPAKNTR,DHAMPURSUG,DHFL,DICIND,DIGJAMLMTD,DISHTV,DLF,DMART,DRREDDY,DSQSOFTW,ECLERX,EICHERMOT,EIDPARRY,EIHOTEL,ELECON,ELGIEQUIP,ELGIRUBCO,ENDURANCE,ENERGY,ENGINERSIN,ERIS,ESCORTS,ESSAR,EXCELINDUS,EXIDEIND,FACT,FDC,FEDERALBNK,FINCABLES,FLFL,FMGOETZE,FORTIS,FOSECOIND,FULFORD,GAEL,GAIL,GALAXYSURF,GANESHBE,GARDEN,GARWARE,GAYAPROJ,GESHIP,GHCL,GICRE,GILLETTE,GLAXO,GLENMARK,GLFL,GMDCLTD,GNFC,GODFRYPHLP,GODREJAGRO,GODREJCP,GODREJIND,GOKEX,GOODRICKE,GOODYEAR,GPPL,GRANULES,GRAPHITE,GRASIM,GREAVESCOT,GRINDWELL,GSFC,GSPL,GUJALKALI,GUJGASLTD,GVT&D,HAL,HARRMALAYA,HATSUN,HAVELLS,HCLTECH,HDFC,HDFCAMC,HDFCBANK,HDFCLIFE,HEALTHCARE,HEG,HEIDELBERG,HERBERTS,HERITGFOOD,HEROMOTOCO,HEXT,HIMACHAL,HIMATSEIDE,HINDALCO,HINDCOPPER,HINDPETRO,HINDSYNTEX,HINDUNILVR,HINDUSTAN,HINDZINC,HOGANAS,HONAUT,HSCL,HUBTOWN,IBREALEST,IBULLSLTD,IBVENTURES,ICICI,ICICIBANK,ICICIGI,ICICIPRULI,ICRA,IDBI,IDFCFIRSTB,IFBIND,IFCI,IGL,IIFL,INDHOTEL,INDIACEM,INDIAGLYCO,INDIAMART,INDIANB,INDIGO,INDUSINDBK,INDUSTOWER,INFIBEAM,INFY,INSILCO,INTELLECT,IOB,IOC,IONEXCHANG,IPCALAB,IPRINGS,IRCON,ISMT,ITC,ITDC,ITDCEMEN,ITI,ITIETF,ITWSIGNO,JAGRAN,JAICORPLTD,JBCHEPHARM,JBMA,JGCHEM,JINDALPHOT,JINDALSAW,JINDALSTEL,JISLJALEQS,JKCEMENT,JKPAPER,JKTYRE,JSL,JUBLFOOD,JUBLINGRY,KAJARIACER,KANSAINER,KARURVYSYA,KARUTURI,KEI,KINETIC,KMSUGAR,KNRCON,KOHINOOR,KOTAKBANK,KPEL,KPITTECH,KRBL,KRISHNA,KTKBANK,KUMARS,LALPATHLAB,LAURUSLABS,LEMONTREE,LICHSGFIN,LINDEINDIA,LT,LTTS,LUPIN,LUXIND,M& M,M&M,MADURA,MAFATIND,MAHABANK,MAHSCOOTER,MAHSEAMLES,MALWA,MARICO,MARUTI,MASFIN,MASTEK,MATRIX,MCX,MERCK,MERIND,METROPOLIS,MFSL,MGL,MIDHANI,MODIXEROX,MOREPENLAB,MOTHERSON,MOTHERSUMI,MPHASIS,MRF,MRPL,NAGARFERT,NAHAR,NAHARPOLY,NAHARSPING,NAM-INDIA,NATCOPHARM,NATIONAL,NATIONALUM,NAVA,NAVINFLUOR,NCC,NESCO,NESTLEIND,NETWORK18,NFL,NH,NIACL,NILKAMAL,NIRMA,NITCO,NLCINDIA,NMDC,NTPC,OFSS,OIL,OILCOUNTUB,OLECTRA,OMAXAUTO,OMAXE,ONELIFECAP,ONGC,ONIDA,ORIENTCEM,ORIENTELEC,PARAGMILK,PATANJALI,PATNI,PATSPIN,PCBL,PCJEWELLER,PDMJEPAPER,PEL,PENTAFOUR,PENTAMEDIA,PERSISTENT,PETRONET,PFIZER,PGHL,PHIL,PHILIPS,PHOENIX,PIDILITIND,PNB,POLYCAB,POONAWALLA,PRAJIND,PREMIERENE,PRESTIGE,PSIDATA,PUNJABCHEM,PUNJTRACT,QUESS,RAASI,RAIN,RAJESHEXPO,RALLIS,RAMCOCEM,RATNAMANI,RAYMOND,RBLBANK,RCF,RECKITT,RECLTD,REIAGRO,RELAXO,RELCAPITAL,RELIANCE,RELINFRA,RELMEDIA,RESPONIND,RITES,RPGTRANS,RPOWER,RSWM,RVNL,SAIL,SANGHI,SANOFI,SAREGAMA,SBILIFE,SCHAEFFLER,SCHENECT,SCI,SESASTERL,SESHAPAPER,SFL,SHAWWALLA,SHILPAMED,SHK,SHOPERSTOP,SHREECEM,SHRIRAMFIN,SHYAMTEL,SIEMENS,SIS,SJVN,SKFINDIA,SKSMICRO,SOLARINDS,SONATSOFTW,SOUTHBANK,SPARC,SPICEJET,SRF,STAR,STARCEMENT,STYROLUT,SUNCLAY,SUNDARMFIN,SUNDRMFAST,SUNPHARMA,SUPRAJIT,SUPREMEIND,SUVEN,SYMPHONY,SYNGENE,TAKE,TASTYBITE,TATACONSUM,TATAELXSI,TATAINVEST,TATAMETAL,TATAMOTORS,TATAPOWER,TATASTEEL,TCIEXP,TCNSCLOTH,TCS,TEAMLEASE,TECHNOE,THERMAX,THIRU,THYROCARE,TIINDIA,TIMETECHNO,TIMEX,TIMKEN,TITAN,TMCV,TORNTPHARM,TORNTPOWER,TRANSPEK,TRENT,TRIDENT,TRITURBINE,TTKPRESTIG,TVTODAY,UBL,UCALFUEL,UFLEX,UJJIVAN,ULTRACEMCO,UNIONBANK,UNOMINDA,URBANCO,VARROC,VARUN,VBL,VENKEYS,VISHAL,VMART,VOLTAS,VTL,WELENT,WESTLIFE,WIDIA,WIMCO,WINDMACH,WIPRO,WOCKPHARMA,WSI,WSTCSTPAPR,ZENSARTECH,ZYDUSWELL"
2020-01-16,Nifty500,TATASTEEL,SUVEN,"3MINDIA,AARTIIND,AAVAS,ABB,ABBOTINDIA,ABCAPITAL,ABREL,ACC,ADANIENSOL,ADANIPOWER,ADVENZYMES,AEGISLOG,AFFLE,AGCNETWO,AIAENG,AKZOINDIA,ALKEM,ALLCARGO,ALTOS,AMBALAL,AMBER,AMBUJACEM,APLAPOLLO,APOLLOHOSP,APOLLOTYRE,APPAPER,APPLE,ARVIND,ASAHIINDIA,ASHOKLEY,ASIANPAINT,ASTERDM,ASTRAZENCA,ATGL,ATUL,ATULAUTO,AUBANK,AVANTIFEED,AVERY,AXISBANK,BAJAJ,BAJAJ-AUTO,BAJAJHLDNG,BAJFINANCE,BALMLAWRIE,BALRAMCHIN,BANKBARODA,BASF,BATAINDIA,BAYERCROP,BBTC,BDL,BEL,BEML,BERGEPAINT,BHARATFORG,BHARTIARTL,BHEL,BI,BIOCON,BIRLACORPN,BLISSGVS,BLUEDART,BLUESTARCO,BOMDYEING,BOSCH-HCIL,BOSCHLTD,BPCL,BRIGADE,BRITANNIA,BSE,BSOFT,CABLE,CANBK,CANFINHOME,CAPLIN,CASTROLIND,CCL,CDSL,CEATLTD,CENTRALBK,CERA,CESC,CGCL,CHALET,CHAMBLFERT,CHEMINOR,CHENNPETRO,CHETTINAD,CHOLAFIN,CHOLAHLDNG,CIPLA,CMC,COALINDIA,COCHINSHIP,COFORGE,COLPAL,CONCOR,CONSOFINVT,COROMANDEL,CREDITACC,CRISIL,CROMPTON,CUB,CUMMINSIND,CYBERTECH,DABUR,DALMIASUG,DBCORP,DBL,DCAL,DCLPOLYE,DCW,DEEPAKFERT,DEEPAKNTR,DHAMPURSUG,DHFL,DICIND,DIGJAMLMTD,DISHTV,DLF,DMART,DRREDDY,DSQSOFTW,ECLERX,EICHERMOT,EIDPARRY,EIHOTEL,ELECON,ELGIEQUIP,ELGIRUBCO,ENDURANCE,ENERGY,ENGINERSIN,ERIS,ESCORTS,ESSAR,EXCELINDUS,EXIDEIND,FACT,FDC,FEDERALBNK,FINCABLES,FLFL,FMGOETZE,FORTIS,FOSECOIND,FULFORD,GAEL,GAIL,GALAXYSURF,GANESHBE,GARDEN,GARWARE,GAYAPROJ,GESHIP,GHCL,GICRE,GILLETTE,GLAXO,GLENMARK,GLFL,GMDCLTD,GNFC,GODFRYPHLP,GODREJAGRO,GODREJCP,GODREJIND,GOKEX,GOODRICKE,GOODYEAR,GPPL,GRANULES,GRAPHITE,GRASIM,GREAVESCOT,GRINDWELL,GSFC,GSPL,GUJALKALI,GUJGASLTD,GVT&D,HAL,HARRMALAYA,HATSUN,HAVELLS,HCLTECH,HDFC,HDFCAMC,HDFCBANK,HDFCLIFE,HEALTHCARE,HEG,HEIDELBERG,HERBERTS,HERITGFOOD,HEROMOTOCO,HEXT,HIMACHAL,HIMATSEIDE,HINDALCO,HINDCOPPER,HINDPETRO,HINDSYNTEX,HINDUNILVR,HINDUSTAN,HINDZINC,HOGANAS,HONAUT,HSCL,HUBTOWN,IBREALEST,IBULLSLTD,IBVENTURES,ICICI,ICICIBANK,ICICIGI,ICICIPRULI,ICRA,IDBI,IDFCFIRSTB,IFBIND,IFCI,IGL,IIFL,INDHOTEL,INDIACEM,INDIAGLYCO,INDIAMART,INDIANB,INDIGO,INDUSINDBK,INDUSTOWER,INFIBEAM,INFY,INSILCO,INTELLECT,IOB,IOC,IONEXCHANG,IPCALAB,IPRINGS,IRCON,ISMT,ITC,ITDC,ITDCEMEN,ITI,ITIETF,ITWSIGNO,JAGRAN,JAICORPLTD,JBCHEPHARM,JBMA,JGCHEM,JINDALPHOT,JINDALSAW,JINDALSTEL,JISLJALEQS,JKCEMENT,JKPAPER,JKTYRE,JSL,JUBLFOOD,JUBLINGRY,KAJARIACER,KANSAINER,KARURVYSYA,KARUTURI,KEI,KINETIC,KMSUGAR,KNRCON,KOHINOOR,KOTAKBANK,KPEL,KPITTECH,KRBL,KRISHNA,KTKBANK,KUMARS,LALPATHLAB,LAURUSLABS,LEMONTREE,LICHSGFIN,LINDEINDIA,LT,LTTS,LUPIN,LUXIND,M& M,M&M,MADURA,MAFATIND,MAHABANK,MAHSCOOTER,MAHSEAMLES,MALWA,MARICO,MARUTI,MASFIN,MASTEK,MATRIX,MCX,MERCK,MERIND,METROPOLIS,MFSL,MGL,MIDHANI,MODIXEROX,MOREPENLAB,MOTHERSON,MOTHERSUMI,MPHASIS,MRF,MRPL,NAGARFERT,NAHAR,NAHARPOLY,NAHARSPING,NAM-INDIA,NATCOPHARM,NATIONAL,NATIONALUM,NAVA,NAVINFLUOR,NCC,NESCO,NESTLEIND,NETWORK18,NFL,NH,NIACL,NILKAMAL,NIRMA,NITCO,NLCINDIA,NMDC,NTPC,OFSS,OIL,OILCOUNTUB,OLECTRA,OMAXAUTO,OMAXE,ONELIFECAP,ONGC,ONIDA,ORIENTCEM,ORIENTELEC,PARAGMILK,PATANJALI,PATNI,PATSPIN,PCBL,PCJEWELLER,PDMJEPAPER,PEL,PENTAFOUR,PENTAMEDIA,PERSISTENT,PETRONET,PFIZER,PGHL,PHIL,PHILIPS,PHOENIX,PIDILITIND,PNB,POLYCAB,POONAWALLA,PRAJIND,PREMIERENE,PRESTIGE,PSIDATA,PUNJABCHEM,PUNJTRACT,QUESS,RAASI,RAIN,RAJESHEXPO,RALLIS,RAMCOCEM,RATNAMANI,RAYMOND,RBLBANK,RCF,RECKITT,RECLTD,REIAGRO,RELAXO,RELCAPITAL,RELIANCE,RELINFRA,RELMEDIA,RESPONIND,RITES,RPGTRANS,RPOWER,RSWM,RVNL,SAIL,SANGHI,SANOFI,SAREGAMA,SBILIFE,SCHAEFFLER,SCHENECT,SCI,SESASTERL,SESHAPAPER,SFL,SHAWWALLA,SHILPAMED,SHK,SHOPERSTOP,SHREECEM,SHRIRAMFIN,SHYAMTEL,SIEMENS,SIS,SJVN,SKFINDIA,SKSMICRO,SOLARINDS,SONATSOFTW,SOUTHBANK,SPARC,SPICEJET,SRF,STAR,STARCEMENT,STYROLUT,SUNCLAY,SUNDARMFIN,SUNDRMFAST,SUNPHARMA,SUPRAJIT,SUPREMEIND,SYMPHONY,SYNGENE,TAKE,TASTYBITE,TATACONSUM,TATAELXSI,TATAINVEST,TATAMETAL,TATAMOTORS,TATAPOWER,TATASTEEL,TCIEXP,TCNSCLOTH,TCS,TEAMLEASE,TECHNOE,THERMAX,THIRU,THYROCARE,TIINDIA,TIMETECHNO,TIMEX,TIMKEN,TITAN,TMCV,TORNTPHARM,TORNTPOWER,TRANSPEK,TRENT,TRIDENT,TRITURBINE,TTKPRESTIG,TVTODAY,UBL,UCALFUEL,UFLEX,UJJIVAN,ULTRACEMCO,UNIONBANK,UNOMINDA,URBANCO,VARROC,VARUN,VBL,VENKEYS,VISHAL,VMART,VOLTAS,VTL,WELENT,WESTLIFE,WIDIA,WIMCO,WINDMACH,WIPRO,WOCKPHARMA,WSI,WSTCSTPAPR,ZENSARTECH,ZYDUSWELL"
2020-03-19,Nifty500,SWSOLAR,YESBANK,"3MINDIA,AARTIIND,AAVAS,ABB,ABBOTINDIA,ABCAPITAL,ABREL,ACC,ADANIENSOL,ADANIPOWER,ADVENZYMES,AEGISLOG,AFFLE,AGCNETWO,AIAENG,AKZOINDIA,ALKEM,ALLCARGO,ALTOS,AMBALAL,AMBER,AMBUJACEM,APLAPOLLO,APOLLOHOSP,APOLLOTYRE,APPAPER,APPLE,ARVIND,ASAHIINDIA,ASHOKLEY,ASIANPAINT,ASTERDM,ASTRAZENCA,ATGL,ATUL,ATULAUTO,AUBANK,AVANTIFEED,AVERY,AXISBANK,BAJAJ,BAJAJ-AUTO,BAJAJHLDNG,BAJFINANCE,BALMLAWRIE,BALRAMCHIN,BANKBARODA,BASF,BATAINDIA,BAYERCROP,BBTC,BDL,BEL,BEML,BERGEPAINT,BHARATFORG,BHARTIARTL,BHEL,BI,BIOCON,BIRLACORPN,BLISSGVS,BLUEDART,BLUESTARCO,BOMDYEING,BOSCH-HCIL,BOSCHLTD,BPCL,BRIGADE,BRITANNIA,BSE,BSOFT,CABLE,CANBK,CANFINHOME,CAPLIN,CASTROLIND,CCL,CDSL,CEATLTD,CENTRALBK,CERA,CESC,CGCL,CHALET,CHAMBLFERT,CHEMINOR,CHENNPETRO,CHETTINAD,CHOLAFIN,CHOLAHLDNG,CIPLA,CMC,COALINDIA,COCHINSHIP,COFORGE,COLPAL,CONCOR,CONSOFINVT,COROMANDEL,CREDITACC,CRISIL,CROMPTON,CUB,CUMMINSIND,CYBERTECH,DABUR,DALMIASUG,DBCORP,DBL,DCAL,DCLPOLYE,DCW,DEEPAKFERT,DEEPAKNTR,DHAMPURSUG,DHFL,DICIND,DIGJAMLMTD,DISHTV,DLF,DMART,DRREDDY,DSQSOFTW,ECLERX,EICHERMOT,EIDPARRY,EIHOTEL,ELECON,ELGIEQUIP,ELGIRUBCO,ENDURANCE,ENERGY,ENGINERSIN,ERIS,ESCORTS,ESSAR,EXCELINDUS,EXIDEIND,FACT,FDC,FEDERALBNK,FINCABLES,FLFL,FMGOETZE,FORTIS,FOSECOIND,FULFORD,GAEL,GAIL,GALAXYSURF,GANESHBE,GARDEN,GARWARE,GAYAPROJ,GESHIP,GHCL,GICRE,GILLETTE,GLAXO,GLENMARK,GLFL,GMDCLTD,GNFC,GODFRYPHLP,GODREJAGRO,GODREJCP,GODREJIND,GOKEX,GOODRICKE,GOODYEAR,GPPL,GRANULES,GRAPHITE,GRASIM,GREAVESCOT,GRINDWELL,GSFC,GSPL,GUJALKALI,GUJGASLTD,GVT&D,HAL,HARRMALAYA,HATSUN,HAVELLS,HCLTECH,HDFC,HDFCAMC,HDFCBANK,HDFCLIFE,HEALTHCARE,HEG,HEIDELBERG,HERBERTS,HERITGFOOD,HEROMOTOCO,HEXT,HIMACHAL,HIMATSEIDE,HINDALCO,HINDCOPPER,HINDPETRO,HINDSYNTEX,HINDUNILVR,HINDUSTAN,HINDZINC,HOGANAS,HONAUT,HSCL,HUBTOWN,IBREALEST,IBULLSLTD,IBVENTURES,ICICI,ICICIBANK,ICICIGI,ICICIPRULI,ICRA,IDBI,IDFCFIRSTB,IFBIND,IFCI,IGL,IIFL,INDHOTEL,INDIACEM,INDIAGLYCO,INDIAMART,INDIANB,INDIGO,INDUSINDBK,INDUSTOWER,INFIBEAM,INFY,INSILCO,INTELLECT,IOB,IOC,IONEXCHANG,IPCALAB,IPRINGS,IRCON,ISMT,ITC,ITDC,ITDCEMEN,ITI,ITIETF,ITWSIGNO,JAGRAN,JAICORPLTD,JBCHEPHARM,JBMA,JGCHEM,JINDALPHOT,JINDALSAW,JINDALSTEL,JISLJALEQS,JKCEMENT,JKPAPER,JKTYRE,JSL,JUBLFOOD,JUBLINGRY,KAJARIACER,KANSAINER,KARURVYSYA,KARUTURI,KEI,KINETIC,KMSUGAR,KNRCON,KOHINOOR,KOTAKBANK,KPEL,KPITTECH,KRBL,KRISHNA,KTKBANK,KUMARS,LALPATHLAB,LAURUSLABS,LEMONTREE,LICHSGFIN,LINDEINDIA,LT,LTTS,LUPIN,LUXIND,M& M,M&M,MADURA,MAFATIND,MAHABANK,MAHSCOOTER,MAHSEAMLES,MALWA,MARICO,MARUTI,MASFIN,MASTEK,MATRIX,MCX,MERCK,MERIND,METROPOLIS,MFSL,MGL,MIDHANI,MODIXEROX,MOREPENLAB,MOTHERSON,MOTHERSUMI,MPHASIS,MRF,MRPL,NAGARFERT,NAHAR,NAHARPOLY,NAHARSPING,NAM-INDIA,NATCOPHARM,NATIONAL,NATIONALUM,NAVA,NAVINFLUOR,NCC,NESCO,NESTLEIND,NETWORK18,NFL,NH,NIACL,NILKAMAL,NIRMA,NITCO,NLCINDIA,NMDC,NTPC,OFSS,OIL,OILCOUNTUB,OLECTRA,OMAXAUTO,OMAXE,ONELIFECAP,ONGC,ONIDA,ORIENTCEM,ORIENTELEC,PARAGMILK,PATANJALI,PATNI,PATSPIN,PCBL,PCJEWELLER,PDMJEPAPER,PEL,PENTAFOUR,PENTAMEDIA,PERSISTENT,PETRONET,PFIZER,PGHL,PHIL,PHILIPS,PHOENIX,PIDILITIND,PNB,POLYCAB,POONAWALLA,PRAJIND,PREMIERENE,PRESTIGE,PSIDATA,PUNJABCHEM,PUNJTRACT,QUESS,RAASI,RAIN,RAJESHEXPO,RALLIS,RAMCOCEM,RATNAMANI,RAYMOND,RBLBANK,RCF,RECKITT,RECLTD,REIAGRO,RELAXO,RELCAPITAL,RELIANCE,RELINFRA,RELMEDIA,RESPONIND,RITES,RPGTRANS,RPOWER,RSWM,RVNL,SAIL,SANGHI,SANOFI,SAREGAMA,SBILIFE,SCHAEFFLER,SCHENECT,SCI,SESASTERL,SESHAPAPER,SFL,SHAWWALLA,SHILPAMED,SHK,SHOPERSTOP,SHREECEM,SHRIRAMFIN,SHYAMTEL,SIEMENS,SIS,SJVN,SKFINDIA,SKSMICRO,SOLARINDS,SONATSOFTW,SOUTHBANK,SPARC,SPICEJET,SRF,STAR,STARCEMENT,STYROLUT,SUNCLAY,SUNDARMFIN,SUNDRMFAST,SUNPHARMA,SUPRAJIT,SUPREMEIND,SWSOLAR,SYMPHONY,SYNGENE,TAKE,TATACONSUM,TATAELXSI,TATAINVEST,TATAMETAL,TATAMOTORS,TATAPOWER,TATASTEEL,TCIEXP,TCNSCLOTH,TCS,TEAMLEASE,TECHNOE,THERMAX,THIRU,THYROCARE,TIINDIA,TIMETECHNO,TIMEX,TIMKEN,TITAN,TMCV,TORNTPHARM,TORNTPOWER,TRANSPEK,TRENT,TRIDENT,TRITURBINE,TTKPRESTIG,TVTODAY,UBL,UCALFUEL,UFLEX,UJJIVAN,ULTRACEMCO,UNIONBANK,UNOMINDA,URBANCO,VARROC,VARUN,VBL,VENKEYS,VISHAL,VMART,VOLTAS,VTL,WELENT,WESTLIFE,WIDIA,WIMCO,WINDMACH,WIPRO,WOCKPHARMA,WSI,WSTCSTPAPR,ZENSARTECH,ZYDUSWELL"
2020-06-26,Nifty500,"POLYMED,SCHNEIDER,DHANUKA,SEQUENT,SUMICHEM,GMMPFAUDLR,ENGINERSIN,IIFLWEALTH,IRCTC,FLUOROCHEM,CSBBANK,LTF,HATHWAY,JGCHEM,ABB,BHARATRAS,CENTURYTEX,ESABINDIA,INGERRAND,KSB,SCILAL,TATACOMM,LAOPALA,INDOCO,VESUVIUS","IBULLSLTD,GAYAPROJ,TRITURBINE,SUNCLAY,PCJEWELLER,FLFL,SHK,KENNAMET,TECHNOE,CHALET,OIL,PARAGMILK,RESPONIND,RELCAPITAL,RELINFRA,DHFL,FMGOETZE,WABAG,SHILPAMED,NETWORK18,RPOWER,JISLJALEQS,ITDCEMEN,J&KBANK,UYFINCORP","3MINDIA,AARTIIND,AAVAS,ABB,ABBOTINDIA,ABCAPITAL,ABREL,ACC,ADANIENSOL,ADANIPOWER,ADVENZYMES,AEGISLOG,AFFLE,AGCNETWO,AIAENG,AKZOINDIA,ALKEM,ALLCARGO,ALTOS,AMBALAL,AMBER,AMBUJACEM,APLAPOLLO,APOLLOHOSP,APOLLOTYRE,APPAPER,APPLE,ARVIND,ASAHIINDIA,ASHOKLEY,ASIANPAINT,ASTERDM,ASTRAZENCA,ATGL,ATUL,ATULAUTO,AUBANK,AVANTIFEED,AVERY,AXISBANK,BAJAJ,BAJAJ-AUTO,BAJAJHLDNG,BAJFINANCE,BALMLAWRIE,BALRAMCHIN,BANKBARODA,BASF,BATAINDIA,BAYERCROP,BBTC,BDL,BEL,BEML,BERGEPAINT,BHARATFORG,BHARATRAS,BHARTIARTL,BHEL,BI,BIOCON,BIRLACORPN,BLISSGVS,BLUEDART,BLUESTARCO,BOMDYEING,BOSCH-HCIL,BOSCHLTD,BPCL,BRIGADE,BRITANNIA,BSE,BSOFT,CABLE,CANBK,CANFINHOME,CAPLIN,CASTROLIND,CCL,CDSL,CEATLTD,CENTRALBK,CENTURYTEX,CERA,CESC,CGCL,CHAMBLFERT,CHEMINOR,CHENNPETRO,CHETTINAD,CHOLAFIN,CHOLAHLDNG,CIPLA,CMC,COALINDIA,COCHINSHIP,COFORGE,COLPAL,CONCOR,CONSOFINVT,COROMANDEL,CREDITACC,CRISIL,CROMPTON,CSBBANK,CUB,CUMMINSIND,CYBERTECH,DABUR,DALMIASUG,DBCORP,DBL,DCAL,DCLPOLYE,DCW,DEEPAKFERT,DEEPAKNTR,DHAMPURSUG,DHANUKA,DICIND,DIGJAMLMTD,DISHTV,DLF,DMART,DRREDDY,DSQSOFTW,ECLERX,EICHERMOT,EIDPARRY,EIHOTEL,ELECON,ELGIEQUIP,ELGIRUBCO,ENDURANCE,ENERGY,ENGINERSIN,ERIS,ESABINDIA,ESCORTS,ESSAR,EXCELINDUS,EXIDEIND,FACT,FDC,FEDERALBNK,FINCABLES,FLUOROCHEM,FORTIS,FOSECOIND,FULFORD,GAEL,GAIL,GALAXYSURF,GANESHBE,GARDEN,GARWARE,GESHIP,GHCL,GICRE,GILLETTE,GLAXO,GLENMARK,GLFL,GMDCLTD,GMMPFAUDLR,GNFC,GODFRYPHLP,GODREJAGRO,GODREJCP,GODREJIND,GOKEX,GOODRICKE,GOODYEAR,GPPL,GRANULES,GRAPHITE,GRASIM,GREAVESCOT,GRINDWELL,GSFC,GSPL,GUJALKALI,GUJGASLTD,GVT&D,HAL,HARRMALAYA,HATHWAY,HATSUN,HAVELLS,HCLTECH,HDFC,HDFCAMC,HDFCBANK,HDFCLIFE,HEALTHCARE,HEG,HEIDELBERG,HERBERTS,HERITGFOOD,HEROMOTOCO,HEXT,HIMACHAL,HIMATSEIDE,HINDALCO,HINDCOPPER,HINDPETRO,HINDSYNTEX,HINDUNILVR,HINDUSTAN,HINDZINC,HOGANAS,HONAUT,HSCL,HUBTOWN,IBREALEST,IBVENTURES,ICICI,ICICIBANK,ICICIGI,ICICIPRULI,ICRA,IDBI,IDFCFIRSTB,IFBIND,IFCI,IGL,IIFL,INDHOTEL,INDIACEM,INDIAGLYCO,INDIAMART,INDIANB,INDIGO,INDOCO,INDUSINDBK,INDUSTOWER,INFIBEAM,INFY,INGERRAND,INSILCO,INTELLECT,IOB,IOC,IONEXCHANG,IPCALAB,IPRINGS,IRCON,IRCTC,ISMT,ITC,ITDC,ITI,ITIETF,ITWSIGNO,JAGRAN,JAICORPLTD,JBCHEPHARM,JBMA,JGCHEM,JINDALPHOT,JINDALSAW,JINDALSTEL,JKCEMENT,JKPAPER,JKTYRE,JSL,JUBLFOOD,JUBLINGRY,KAJARIACER,KANSAINER,KARURVYSYA,KARUTURI,KEI,KINETIC,KMSUGAR,KNRCON,KOHINOOR,KOTAKBANK,KPEL,KPITTECH,KRBL,KRISHNA,KSB,KTKBANK,KUMARS,LALPATHLAB,LAOPALA,LAURUSLABS,LEMONTREE,LICHSGFIN,LINDEINDIA,LT,LTF,LTTS,LUPIN,LUXIND,M& M,M&M,MADURA,MAFATIND,MAHABANK,MAHSCOOTER,MAHSEAMLES,MALWA,MARICO,MARUTI,MASFIN,MASTEK,MATRIX,MCX,MERCK,MERIND,METROPOLIS,MFSL,MGL,MIDHANI,MODIXEROX,MOREPENLAB,MOTHERSON,MOTHERSUMI,MPHASIS,MRF,MRPL,NAGARFERT,NAHAR,NAHARPOLY,NAHARSPING,NAM-INDIA,NATCOPHARM,NATIONAL,NATIONALUM,NAVA,NAVINFLUOR,NCC,NESCO,NESTLEIND,NFL,NH,NIACL,NILKAMAL,NIRMA,NITCO,NLCINDIA,NMDC,NTPC,OFSS,OILCOUNTUB,OLECTRA,OMAXAUTO,OMAXE,ONELIFECAP,ONGC,ONIDA,ORIENTCEM,ORIENTELEC,PATANJALI,PATNI,PATSPIN,PCBL,PDMJEPAPER,PEL,PENTAFOUR,PENTAMEDIA,PERSISTENT,PETRONET,PFIZER,PGHL,PHIL,PHILIPS,PHOENIX,PIDILITIND,PNB,POLYCAB,POLYMED,POONAWALLA,PRAJIND,PREMIERENE,PRESTIGE,PSIDATA,PUNJABCHEM,PUNJTRACT,QUESS,RAASI,RAIN,RAJESHEXPO,RALLIS,RAMCOCEM,RATNAMANI,RAYMOND,RBLBANK,RCF,RECKITT,RECLTD,REIAGRO,RELAXO,RELIANCE,RELMEDIA,RITES,RPGTRANS,RSWM,RVNL,SAIL,SANGHI,SANOFI,SAREGAMA,SBILIFE,SCHAEFFLER,SCHENECT,SCHNEIDER,SCI,SCILAL,SEQUENT,SESASTERL,SESHAPAPER,SFL,SHAWWALLA,SHOPERSTOP,SHREECEM,SHRIRAMFIN,SHYAMTEL,SIEMENS,SIS,SJVN,SKFINDIA,SKSMICRO,SOLARINDS,SONATSOFTW,SOUTHBANK,SPARC,SPICEJET,SRF,STAR,STARCEMENT,STYROLUT,SUMICHEM,SUNDARMFIN,SUNDRMFAST,SUNPHARMA,SUPRAJIT,SUPREMEIND,SWSOLAR,SYMPHONY,SYNGENE,TAKE,TATACOMM,TATACONSUM,TATAELXSI,TATAINVEST,TATAMETAL,TATAMOTORS,TATAPOWER,TATASTEEL,TCIEXP,TCNSCLOTH,TCS,TEAMLEASE,THERMAX,THIRU,THYROCARE,TIINDIA,TIMETECHNO,TIMEX,TIMKEN,TITAN,TMCV,TORNTPHARM,TORNTPOWER,TRANSPEK,TRENT,TRIDENT,TTKPRESTIG,TVTODAY,UBL,UCALFUEL,UFLEX,UJJIVAN,ULTRACEMCO,UNIONBANK,UNOMINDA,URBANCO,VARROC,VARUN,VBL,VENKEYS,VESUVIUS,VISHAL,VMART,VOLTAS,VTL,WELENT,WESTLIFE,WIDIA,WIMCO,WINDMACH,WIPRO,WOCKPHARMA,WSI,WSTCSTPAPR,ZENSARTECH,ZYDUSWELL"
2020-07-31,Nifty500,SBICARD,VEDL,"3MINDIA,AARTIIND,AAVAS,ABB,ABBOTINDIA,ABCAPITAL,ABREL,ACC,ADANIENSOL,ADANIPOWER,ADVENZYMES,AEGISLOG,AFFLE,AGCNETWO,AIAENG,AKZOINDIA,ALKEM,ALLCARGO,ALTOS,AMBALAL,AMBER,AMBUJACEM,APLAPOLLO,APOLLOHOSP,APOLLOTYRE,APPAPER,APPLE,ARVIND,ASAHIINDIA,ASHOKLEY,ASIANPAINT,ASTERDM,ASTRAZENCA,ATGL,ATUL,ATULAUTO,AUBANK,AVANTIFEED,AVERY,AXISBANK,BAJAJ,BAJAJ-AUTO,BAJAJHLDNG,BAJFINANCE,BALMLAWRIE,BALRAMCHIN,BANKBARODA,BASF,BATAINDIA,BAYERCROP,BBTC,BDL,BEL,BEML,BERGEPAINT,BHARATFORG,BHARATRAS,BHARTIARTL,BHEL,BI,BIOCON,BIRLACORPN,BLISSGVS,BLUEDART,BLUESTARCO,BOMDYEING,BOSCH-HCIL,BOSCHLTD,BPCL,BRIGADE,BRITANNIA,BSE,BSOFT,CABLE,CANBK,CANFINHOME,CAPLIN,CASTROLIND,CCL,CDSL,CEATLTD,CENTRALBK,CENTURYTEX,CERA,CESC,CGCL,CHAMBLFERT,CHEMINOR,CHENNPETRO,CHETTINAD,CHOLAFIN,CHOLAHLDNG,CIPLA,CMC,COALINDIA,COCHINSHIP,COFORGE,COLPAL,CONCOR,CONSOFINVT,COROMANDEL,CREDITACC,CRISIL,CROMPTON,CSBBANK,CUB,CUMMINSIND,CYBERTECH,DABUR,DALMIASUG,DBCORP,DBL,DCAL,DCLPOLYE,DCW,DEEPAKFERT,DEEPAKNTR,DHAMPURSUG,DICIND,DIGJAMLMTD,DISHTV,DLF,DMART,DRREDDY,DSQSOFTW,ECLERX,EICHERMOT,EIDPARRY,EIHOTEL,ELECON,ELGIEQUIP,ELGIRUBCO,ENDURANCE,ENERGY,ENGINERSIN,ERIS,ESABINDIA,ESCORTS,ESSAR,EXCELINDUS,EXIDEIND,FACT,FDC,FEDERALBNK,FINCABLES,FLUOROCHEM,FORTIS,FOSECOIND,FULFORD,GAEL,GAIL,GALAXYSURF,GANESHBE,GARDEN,GARWARE,GESHIP,GHCL,GICRE,GILLETTE,GLAXO,GLENMARK,GLFL,GMDCLTD,GMMPFAUDLR,GNFC,GODFRYPHLP,GODREJAGRO,GODREJCP,GODREJIND,GOKEX,GOODRICKE,GOODYEAR,GPPL,GRANULES,GRAPHITE,GRASIM,GREAVESCOT,GRINDWELL,GSFC,GSPL,GUJALKALI,GUJGASLTD,GVT&D,HAL,HARRMALAYA,HATHWAY,HATSUN,HAVELLS,HCLTECH,HDFC,HDFCAMC,HDFCBANK,HDFCLIFE,HEALTHCARE,HEG,HEIDELBERG,HERBERTS,HERITGFOOD,HEROMOTOCO,HEXT,HIMACHAL,HIMATSEIDE,HINDALCO,HINDCOPPER,HINDPETRO,HINDSYNTEX,HINDUNILVR,HINDUSTAN,HINDZINC,HOGANAS,HONAUT,HSCL,HUBTOWN,IBREALEST,IBVENTURES,ICICI,ICICIBANK,ICICIGI,ICICIPRULI,ICRA,IDBI,IDFCFIRSTB,IFBIND,IFCI,IGL,IIFL,INDHOTEL,INDIACEM,INDIAGLYCO,INDIAMART,INDIANB,INDIGO,INDOCO,INDUSINDBK,INDUSTOWER,INFIBEAM,INFY,INGERRAND,INSILCO,INTELLECT,IOB,IOC,IONEXCHANG,IPCALAB,IPRINGS,IRCON,IRCTC,ISMT,ITC,ITDC,ITI,ITIETF,ITWSIGNO,JAGRAN,JAICORPLTD,JBCHEPHARM,JBMA,JGCHEM,JINDALPHOT,JINDALSAW,JINDALSTEL,JKCEMENT,JKPAPER,JKTYRE,JSL,JUBLFOOD,JUBLINGRY,KAJARIACER,KANSAINER,KARURVYSYA,KARUTURI,KEI,KINETIC,KMSUGAR,KNRCON,KOHINOOR,KOTAKBANK,KPEL,KPITTECH,KRBL,KRISHNA,KSB,KTKBANK,KUMARS,LALPATHLAB,LAOPALA,LAURUSLABS,LEMONTREE,LICHSGFIN,LINDEINDIA,LT,LTF,LTTS,LUPIN,LUXIND,M& M,M&M,MADURA,MAFATIND,MAHABANK,MAHSCOOTER,MAHSEAMLES,MALWA,MARICO,MARUTI,MASFIN,MASTEK,MATRIX,MCX,MERCK,MERIND,METROPOLIS,MFSL,MGL,MIDHANI,MODIXEROX,MOREPENLAB,MOTHERSON,MOTHERSUMI,MPHASIS,MRF,MRPL,NAGARFERT,NAHAR,NAHARPOLY,NAHARSPING,NAM-INDIA,NATCOPHARM,NATIONAL,NATIONALUM,NAVA,NAVINFLUOR,NCC,NESCO,NESTLEIND,NFL,NH,NIACL,NILKAMAL,NIRMA,NITCO,NLCINDIA,NMDC,NTPC,OFSS,OILCOUNTUB,OLECTRA,OMAXAUTO,OMAXE,ONELIFECAP,ONGC,ONIDA,ORIENTCEM,ORIENTELEC,PATANJALI,PATNI,PATSPIN,PCBL,PDMJEPAPER,PEL,PENTAFOUR,PENTAMEDIA,PERSISTENT,PETRONET,PFIZER,PGHL,PHIL,PHILIPS,PHOENIX,PIDILITIND,PNB,POLYCAB,POLYMED,POONAWALLA,PRAJIND,PREMIERENE,PRESTIGE,PSIDATA,PUNJABCHEM,PUNJTRACT,QUESS,RAASI,RAIN,RAJESHEXPO,RALLIS,RAMCOCEM,RATNAMANI,RAYMOND,RBLBANK,RCF,RECKITT,RECLTD,REIAGRO,RELAXO,RELIANCE,RELMEDIA,RITES,RPGTRANS,RSWM,RVNL,SAIL,SANGHI,SANOFI,SAREGAMA,SBICARD,SBILIFE,SCHAEFFLER,SCHENECT,SCHNEIDER,SCI,SCILAL,SEQUENT,SESASTERL,SESHAPAPER,SFL,SHAWWALLA,SHOPERSTOP,SHREECEM,SHRIRAMFIN,SHYAMTEL,SIEMENS,SIS,SJVN,SKFINDIA,SKSMICRO,SOLARINDS,SONATSOFTW,SOUTHBANK,SPARC,SPICEJET,SRF,STAR,STARCEMENT,STYROLUT,SUMICHEM,SUNDARMFIN,SUNDRMFAST,SUNPHARMA,SUPRAJIT,SUPREMEIND,SWSOLAR,SYMPHONY,SYNGENE,TAKE,TATACOMM,TATACONSUM,TATAELXSI,TATAINVEST,TATAMETAL,TATAMOTORS,TATAPOWER,TATASTEEL,TCIEXP,TCNSCLOTH,TCS,TEAMLEASE,THERMAX,THIRU,THYROCARE,TIINDIA,TIMETECHNO,TIMEX,TIMKEN,TITAN,TMCV,TORNTPHARM,TORNTPOWER,TRANSPEK,TRENT,TRIDENT,TTKPRESTIG,TVTODAY,UBL,UCALFUEL,UFLEX,UJJIVAN,ULTRACEMCO,UNIONBANK,UNOMINDA,URBANCO,VARROC,VARUN,VBL,VENKEYS,VESUVIUS,VISHAL,VMART,VOLTAS,VTL,WELENT,WESTLIFE,WIDIA,WIMCO,WINDMACH,WIPRO,WOCKPHARMA,WSI,WSTCSTPAPR,ZENSARTECH,ZYDUSWELL"
2020-09-14,Nifty500,JTEKTINDIA,ASAHIINDIA,"3MINDIA,AARTIIND,AAVAS,ABB,ABBOTINDIA,ABCAPITAL,ABREL,ACC,ADANIENSOL,ADANIPOWER,ADVENZYMES,AEGISLOG,AFFLE,AGCNETWO,AIAENG,AKZOINDIA,ALKEM,ALLCARGO,ALTOS,AMBALAL,AMBER,AMBUJACEM,APLAPOLLO,APOLLOHOSP,APOLLOTYRE,APPAPER,APPLE,ARVIND,ASHOKLEY,ASIANPAINT,ASTERDM,ASTRAZENCA,ATGL,ATUL,ATULAUTO,AUBANK,AVANTIFEED,AVERY,AXISBANK,BAJAJ,BAJAJ-AUTO,BAJAJHLDNG,BAJFINANCE,BALMLAWRIE,BALRAMCHIN,BANKBARODA,BASF,BATAINDIA,BAYERCROP,BBTC,BDL,BEL,BEML,BERGEPAINT,BHARATFORG,BHARATRAS,BHARTIARTL,BHEL,BI,BIOCON,BIRLACORPN,BLISSGVS,BLUEDART,BLUESTARCO,BOMDYEING,BOSCH-HCIL,BOSCHLTD,BPCL,BRIGADE,BRITANNIA,BSE,BSOFT,CABLE,CANBK,CANFINHOME,CAPLIN,CASTROLIND,CCL,CDSL,CEATLTD,CENTRALBK,CENTURYTEX,CERA,CESC,CGCL,CHAMBLFERT,CHEMINOR,CHENNPETRO,CHETTINAD,CHOLAFIN,CHOLAHLDNG,CIPLA,CMC,COALINDIA,COCHINSHIP,COFORGE,COLPAL,CONCOR,CONSOFINVT,COROMANDEL,CREDITACC,CRISIL,CROMPTON,CSBBANK,CUB,CUMMINSIND,CYBERTECH,DABUR,DALMIASUG,DBCORP,DBL,DCAL,DCLPOLYE,DCW,DEEPAKFERT,DEEPAKNTR,DHAMPURSUG,DICIND,DIGJAMLMTD,DISHTV,DLF,DMART,DRREDDY,DSQSOFTW,ECLERX,EICHERMOT,EIDPARRY,EIHOTEL,ELECON,ELGIEQUIP,ELGIRUBCO,ENDURANCE,ENERGY,ENGINERSIN,ERIS,ESABINDIA,ESCORTS,ESSAR,EXCELINDUS,EXIDEIND,FACT,FDC,FEDERALBNK,FINCABLES,FLUOROCHEM,FORTIS,FOSECOIND,FULFORD,GAEL,GAIL,GALAXYSURF,GANESHBE,GARDEN,GARWARE,GESHIP,GHCL,GICRE,GILLETTE,GLAXO,GLENMARK,GLFL,GMDCLTD,GMMPFAUDLR,GNFC,GODFRYPHLP,GODREJAGRO,GODREJCP,GODREJIND,GOKEX,GOODRICKE,GOODYEAR,GPPL,GRANULES,GRAPHITE,GRASIM,GREAVESCOT,GRINDWELL,GSFC,GSPL,GUJALKALI,GUJGASLTD,GVT&D,HAL,HARRMALAYA,HATHWAY,HATSUN,HAVELLS,HCLTECH,HDFC,HDFCAMC,HDFCBANK,HDFCLIFE,HEALTHCARE,HEG,HEIDELBERG,HERBERTS,HERITGFOOD,HEROMOTOCO,HEXT,HIMACHAL,HIMATSEIDE,HINDALCO,HINDCOPPER,HINDPETRO,HINDSYNTEX,HINDUNILVR,HINDUSTAN,HINDZINC,HOGANAS,HONAUT,HSCL,HUBTOWN,IBREALEST,IBVENTURES,ICICI,ICICIBANK,ICICIGI,ICICIPRULI,ICRA,IDBI,IDFCFIRSTB,IFBIND,IFCI,IGL,IIFL,INDHOTEL,INDIACEM,INDIAGLYCO,INDIAMART,INDIANB,INDIGO,INDOCO,INDUSINDBK,INDUSTOWER,INFIBEAM,INFY,INGERRAND,INSILCO,INTELLECT,IOB,IOC,IONEXCHANG,IPCALAB,IPRINGS,IRCON,IRCTC,ISMT,ITC,ITDC,ITI,ITIETF,ITWSIGNO,JAGRAN,JAICORPLTD,JBCHEPHARM,JBMA,JGCHEM,JINDALPHOT,JINDALSAW,JINDALSTEL,JKCEMENT,JKPAPER,JKTYRE,JSL,JTEKTINDIA,JUBLFOOD,JUBLINGRY,KAJARIACER,KANSAINER,KARURVYSYA,KARUTURI,KEI,KINETIC,KMSUGAR,KNRCON,KOHINOOR,KOTAKBANK,KPEL,KPITTECH,KRBL,KRISHNA,KSB,KTKBANK,KUMARS,LALPATHLAB,LAOPALA,LAURUSLABS,LEMONTREE,LICHSGFIN,LINDEINDIA,LT,LTF,LTTS,LUPIN,LUXIND,M& M,M&M,MADURA,MAFATIND,MAHABANK,MAHSCOOTER,MAHSEAMLES,MALWA,MARICO,MARUTI,MASFIN,MASTEK,MATRIX,MCX,MERCK,MERIND,METROPOLIS,MFSL,MGL,MIDHANI,MODIXEROX,MOREPENLAB,MOTHERSON,MOTHERSUMI,MPHASIS,MRF,MRPL,NAGARFERT,NAHAR,NAHARPOLY,NAHARSPING,NAM-INDIA,NATCOPHARM,NATIONAL,NATIONALUM,NAVA,NAVINFLUOR,NCC,NESCO,NESTLEIND,NFL,NH,NIACL,NILKAMAL,NIRMA,NITCO,NLCINDIA,NMDC,NTPC,OFSS,OILCOUNTUB,OLECTRA,OMAXAUTO,OMAXE,ONELIFECAP,ONGC,ONIDA,ORIENTCEM,ORIENTELEC,PATANJALI,PATNI,PATSPIN,PCBL,PDMJEPAPER,PEL,PENTAFOUR,PENTAMEDIA,PERSISTENT,PETRONET,PFIZER,PGHL,PHIL,PHILIPS,PHOENIX,PIDILITIND,PNB,POLYCAB,POLYMED,POONAWALLA,PRAJIND,PREMIERENE,PRESTIGE,PSIDATA,PUNJABCHEM,PUNJTRACT,QUESS,RAASI,RAIN,RAJESHEXPO,RALLIS,RAMCOCEM,RATNAMANI,RAYMOND,RBLBANK,RCF,RECKITT,RECLTD,REIAGRO,RELAXO,RELIANCE,RELMEDIA,RITES,RPGTRANS,RSWM,RVNL,SAIL,SANGHI,SANOFI,SAREGAMA,SBICARD,SBILIFE,SCHAEFFLER,SCHENECT,SCHNEIDER,SCI,SCILAL,SEQUENT,SESASTERL,SESHAPAPER,SFL,SHAWWALLA,SHOPERSTOP,SHREECEM,SHRIRAMFIN,SHYAMTEL,SIEMENS,SIS,SJVN,SKFINDIA,SKSMICRO,SOLARINDS,SONATSOFTW,SOUTHBANK,SPARC,SPICEJET,SRF,STAR,STARCEMENT,STYROLUT,SUMICHEM,SUNDARMFIN,SUNDRMFAST,SUNPHARMA,SUPRAJIT,SUPREMEIND,SWSOLAR,SYMPHONY,SYNGENE,TAKE,TATACOMM,TATACONSUM,TATAELXSI,TATAINVEST,TATAMETAL,TATAMOTORS,TATAPOWER,TATASTEEL,TCIEXP,TCNSCLOTH,TCS,TEAMLEASE,THERMAX,THIRU,THYROCARE,TIINDIA,TIMETECHNO,TIMEX,TIMKEN,TITAN,TMCV,TORNTPHARM,TORNTPOWER,TRANSPEK,TRENT,TRIDENT,TTKPRESTIG,TVTODAY,UBL,UCALFUEL,UFLEX,UJJIVAN,ULTRACEMCO,UNIONBANK,UNOMINDA,URBANCO,VARROC,VARUN,VBL,VENKEYS,VESUVIUS,VISHAL,VMART,VOLTAS,VTL,WELENT,WESTLIFE,WIDIA,WIMCO,WINDMACH,WIPRO,WOCKPHARMA,WSI,WSTCSTPAPR,ZENSARTECH,ZYDUSWELL"
2020-09-30,Nifty500,"WSI,ROUTE,ROSSARI","PCJEWELLER,DHFL,IDEA","3MINDIA,AARTIIND,AAVAS,ABB,ABBOTINDIA,ABCAPITAL,ABREL,ACC,ADANIENSOL,ADANIPOWER,ADVENZYMES,AEGISLOG,AFFLE,AGCNETWO,AIAENG,AKZOINDIA,ALKEM,ALLCARGO,ALTOS,AMBALAL,AMBER,AMBUJACEM,APLAPOLLO,APOLLOHOSP,APOLLOTYRE,APPAPER,APPLE,ARVIND,ASHOKLEY,ASIANPAINT,ASTERDM,ASTRAZENCA,ATGL,ATUL,ATULAUTO,AUBANK,AVANTIFEED,AVERY,AXISBANK,BAJAJ,BAJAJ-AUTO,BAJAJHLDNG,BAJFINANCE,BALMLAWRIE,BALRAMCHIN,BANKBARODA,BASF,BATAINDIA,BAYERCROP,BBTC,BDL,BEL,BEML,BERGEPAINT,BHARATFORG,BHARTIARTL,BHEL,BI,BIOCON,BIRLACORPN,BLISSGVS,BLUEDART,BLUESTARCO,BOMDYEING,BOSCH-HCIL,BOSCHLTD,BPCL,BRIGADE,BRITANNIA,BSE,BSOFT,CABLE,CANBK,CANFINHOME,CAPLIN,CASTROLIND,CCL,CDSL,CEATLTD,CENTRALBK,CENTURYTEX,CERA,CESC,CGCL,CHAMBLFERT,CHEMINOR,CHENNPETRO,CHETTINAD,CHOLAFIN,CHOLAHLDNG,CIPLA,CMC,COALINDIA,COCHINSHIP,COFORGE,COLPAL,CONCOR,CONSOFINVT,COROMANDEL,CREDITACC,CRISIL,CROMPTON,CSBBANK,CUB,CUMMINSIND,CYBERTECH,DABUR,DALMIASUG,DBCORP,DBL,DCAL,DCLPOLYE,DCW,DEEPAKFERT,DEEPAKNTR,DHAMPURSUG,DICIND,DIGJAMLMTD,DISHTV,DLF,DMART,DRREDDY,DSQSOFTW,ECLERX,EICHERMOT,EIDPARRY,EIHOTEL,ELECON,ELGIEQUIP,ELGIRUBCO,ENDURANCE,ENERGY,ENGINERSIN,ERIS,ESABINDIA,ESCORTS,ESSAR,EXCELINDUS,EXIDEIND,FACT,FDC,FEDERALBNK,FINCABLES,FLUOROCHEM,FORTIS,FOSECOIND,FULFORD,GAEL,GAIL,GALAXYSURF,GANESHBE,GARDEN,GARWARE,GESHIP,GHCL,GICRE,GILLETTE,GLAXO,GLENMARK,GLFL,GMDCLTD,GMMPFAUDLR,GNFC,GODFRYPHLP,GODREJAGRO,GODREJCP,GODREJIND,GOKEX,GOODRICKE,GOODYEAR,GPPL,GRANULES,GRAPHITE,GRASIM,GREAVESCOT,GRINDWELL,GSFC,GSPL,GUJALKALI,GUJGASLTD,GVT&D,HAL,HARRMALAYA,HATHWAY,HATSUN,HAVELLS,HCLTECH,HDFC,HDFCAMC,HDFCBANK,HDFCLIFE,HEALTHCARE,HEG,HEIDELBERG,HERBERTS,HERITGFOOD,HEROMOTOCO,HEXT,HIMACHAL,HIMATSEIDE,HINDALCO,HINDCOPPER,HINDPETRO,HINDSYNTEX,HINDUNILVR,HINDUSTAN,HINDZINC,HOGANAS,HONAUT,HSCL,HUBTOWN,IBREALEST,IBVENTURES,ICICI,ICICIBANK,ICICIGI,ICICIPRULI,ICRA,IDBI,IDFCFIRSTB,IFBIND,IFCI,IGL,IIFL,INDHOTEL,INDIACEM,INDIAGLYCO,INDIAMART,INDIANB,INDIGO,INDOCO,INDUSINDBK,INDUSTOWER,INFIBEAM,INFY,INGERRAND,INSILCO,INTELLECT,IOB,IOC,IONEXCHANG,IPCALAB,IPRINGS,IRCON,IRCTC,ISMT,ITC,ITDC,ITI,ITIETF,ITWSIGNO,JAGRAN,JAICORPLTD,JBCHEPHARM,JBMA,JGCHEM,JINDALPHOT,JINDALSAW,JINDALSTEL,JKCEMENT,JKPAPER,JKTYRE,JSL,JUBLFOOD,JUBLINGRY,KAJARIACER,KANSAINER,KARURVYSYA,KARUTURI,KEI,KINETIC,KMSUGAR,KNRCON,KOHINOOR,KOTAKBANK,KPEL,KPITTECH,KRBL,KRISHNA,KSB,KTKBANK,KUMARS,LALPATHLAB,LAOPALA,LAURUSLABS,LEMONTREE,LICHSGFIN,LINDEINDIA,LT,LTF,LTTS,LUPIN,LUXIND,M& M,M&M,MADURA,MAFATIND,MAHABANK,MAHSCOOTER,MAHSEAMLES,MALWA,MARICO,MARUTI,MASFIN,MASTEK,MATRIX,MCX,MERCK,MERIND,METROPOLIS,MFSL,MGL,MIDHANI,MODIXEROX,MOREPENLAB,MOTHERSON,MOTHERSUMI,MPHASIS,MRF,MRPL,NAGARFERT,NAHAR,NAHARPOLY,NAHARSPING,NAM-INDIA,NATCOPHARM,NATIONAL,NATIONALUM,NAVA,NAVINFLUOR,NCC,NESCO,NESTLEIND,NFL,NH,NIACL,NILKAMAL,NIRMA,NITCO,NLCINDIA,NMDC,NTPC,OFSS,OILCOUNTUB,OLECTRA,OMAXAUTO,OMAXE,ONELIFECAP,ONGC,ONIDA,ORIENTCEM,ORIENTELEC,PATANJALI,PATNI,PATSPIN,PCBL,PDMJEPAPER,PEL,PENTAFOUR,PENTAMEDIA,PERSISTENT,PETRONET,PFIZER,PGHL,PHIL,PHILIPS,PHOENIX,PIDILITIND,PNB,POLYCAB,POLYMED,POONAWALLA,PRAJIND,PREMIERENE,PRESTIGE,PSIDATA,PUNJABCHEM,PUNJTRACT,QUESS,RAASI,RAIN,RAJESHEXPO,RALLIS,RAMCOCEM,RATNAMANI,RAYMOND,RBLBANK,RCF,RECKITT,RECLTD,REIAGRO,RELAXO,RELIANCE,RELMEDIA,RITES,ROSSARI,ROUTE,RPGTRANS,RSWM,RVNL,SAIL,SANGHI,SANOFI,SAREGAMA,SBICARD,SBILIFE,SCHAEFFLER,SCHENECT,SCHNEIDER,SCI,SCILAL,SEQUENT,SESASTERL,SESHAPAPER,SFL,SHAWWALLA,SHOPERSTOP,SHREECEM,SHRIRAMFIN,SHYAMTEL,SIEMENS,SIS,SJVN,SKFINDIA,SKSMICRO,SOLARINDS,SONATSOFTW,SOUTHBANK,SPARC,SPICEJET,SRF,STAR,STARCEMENT,STYROLUT,SUMICHEM,SUNDARMFIN,SUNDRMFAST,SUNPHARMA,SUPRAJIT,SUPREMEIND,SWSOLAR,SYMPHONY,SYNGENE,TAKE,TATACOMM,TATACONSUM,TATAELXSI,TATAINVEST,TATAMETAL,TATAMOTORS,TATAPOWER,TATASTEEL,TCIEXP,TCNSCLOTH,TCS,TEAMLEASE,THERMAX,THIRU,THYROCARE,TIINDIA,TIMETECHNO,TIMEX,TIMKEN,TITAN,TMCV,TORNTPHARM,TORNTPOWER,TRANSPEK,TRENT,TRIDENT,TTKPRESTIG,TVTODAY,UBL,UCALFUEL,UFLEX,UJJIVAN,ULTRACEMCO,UNIONBANK,UNOMINDA,URBANCO,VARROC,VARUN,VBL,VENKEYS,VESUVIUS,VISHAL,VMART,VOLTAS,VTL,WELENT,WESTLIFE,WIDIA,WIMCO,WINDMACH,WIPRO,WOCKPHARMA,WSI,WSTCSTPAPR,ZENSARTECH,ZYDUSWELL"
2021-03-31,Nifty500,"HAPPSTMNDS,BURGER,GLAND","RELIANCE,SDREAMS,WSI","3MINDIA,AARTIIND,AAVAS,ABB,ABBOTINDIA,ABCAPITAL,ABREL,ACC,ADANIENSOL,ADANIPOWER,ADVENZYMES,AEGISLOG,AFFLE,AGCNETWO,AIAENG,AKZOINDIA,ALKEM,ALLCARGO,ALTOS,AMBALAL,AMBER,AMBUJACEM,APLAPOLLO,APOLLOHOSP,APOLLOTYRE,APPAPER,APPLE,ARVIND,ASHOKLEY,ASIANPAINT,ASTERDM,ASTRAZENCA,ATGL,ATUL,ATULAUTO,AUBANK,AVANTIFEED,AVERY,AXISBANK,BAJAJ,BAJAJ-AUTO,BAJAJHLDNG,BAJFINANCE,BALMLAWRIE,BALRAMCHIN,BANKBARODA,BASF,BATAINDIA,BAYERCROP,BBTC,BDL,BEL,BEML,BERGEPAINT,BHARATFORG,BHARTIARTL,BHEL,BI,BIOCON,BIRLACORPN,BLISSGVS,BLUEDART,BLUESTARCO,BOMDYEING,BOSCH-HCIL,BOSCHLTD,BPCL,BRIGADE,BRITANNIA,BSE,BSOFT,BURGER,CABLE,CANBK,CANFINHOME,CAPLIN,CASTROLIND,CCL,CDSL,CEATLTD,CENTRALBK,CENTURYTEX,CERA,CESC,CGCL,CHAMBLFERT,CHEMINOR,CHENNPETRO,CHETTINAD,CHOLAFIN,CHOLAHLDNG,CIPLA,CMC,COALINDIA,COCHINSHIP,COFORGE,COLPAL,CONCOR,CONSOFINVT,COROMANDEL,CREDITACC,CRISIL,CROMPTON,CSBBANK,CUB,CUMMINSIND,CYBERTECH,DABUR,DALMIASUG,DBCORP,DBL,DCAL,DCLPOLYE,DCW,DEEPAKFERT,DEEPAKNTR,DHAMPURSUG,DICIND,DIGJAMLMTD,DISHTV,DLF,DMART,DRREDDY,DSQSOFTW,ECLERX,EICHERMOT,EIDPARRY,EIHOTEL,ELECON,ELGIEQUIP,ELGIRUBCO,ENDURANCE,ENERGY,ENGINERSIN,ERIS,ESABINDIA,ESCORTS,ESSAR,EXCELINDUS,EXIDEIND,FACT,FDC,FEDERALBNK,FINCABLES,FLUOROCHEM,FORTIS,FOSECOIND,FULFORD,GAEL,GAIL,GALAXYSURF,GANESHBE,GARDEN,GARWARE,GESHIP,GHCL,GICRE,GILLETTE,GLAND,GLAXO,GLENMARK,GLFL,GMDCLTD,GMMPFAUDLR,GNFC,GODFRYPHLP,GODREJAGRO,GODREJCP,GODREJIND,GOKEX,GOODRICKE,GOODYEAR,GPPL,GRANULES,GRAPHITE,GRASIM,GREAVESCOT,GRINDWELL,GSFC,GSPL,GUJALKALI,GUJGASLTD,GVT&D,HAL,HARRMALAYA,HATHWAY,HATSUN,HAVELLS,HCLTECH,HDFC,HDFCAMC,HDFCBANK,HDFCLIFE,HEALTHCARE,HEG,HEIDELBERG,HERBERTS,HERITGFOOD,HEROMOTOCO,HEXT,HIMACHAL,HIMATSEIDE,HINDALCO,HINDCOPPER,HINDPETRO,HINDSYNTEX,HINDUNILVR,HINDUSTAN,HINDZINC,HOGANAS,HONAUT,HSCL,HUBTOWN,IBREALEST,IBVENTURES,ICICI,ICICIBANK,ICICIGI,ICICIPRULI,ICRA,IDBI,IDFCFIRSTB,IFBIND,IFCI,IGL,IIFL,INDHOTEL,INDIACEM,INDIAGLYCO,INDIAMART,INDIANB,INDIGO,INDOCO,INDUSINDBK,INDUSTOWER,INFIBEAM,INFY,INGERRAND,INSILCO,INTELLECT,IOB,IOC,IONEXCHANG,IPCALAB,IPRINGS,IRCON,IRCTC,ISMT,ITC,ITDC,ITI,ITIETF,ITWSIGNO,JAGRAN,JAICORPLTD,JBCHEPHARM,JBMA,JGCHEM,JINDALPHOT,JINDALSAW,JINDALSTEL,JKCEMENT,JKPAPER,JKTYRE,JSL,JUBLFOOD,JUBLINGRY,KAJARIACER,KANSAINER,KARURVYSYA,KARUTURI,KEI,KINETIC,KMSUGAR,KNRCON,KOHINOOR,KOTAKBANK,KPEL,KPITTECH,KRBL,KRISHNA,KSB,KTKBANK,KUMARS,LALPATHLAB,LAOPALA,LAURUSLABS,LEMONTREE,LICHSGFIN,LINDEINDIA,LT,LTF,LTTS,LUPIN,LUXIND,M& M,M&M,MADURA,MAFATIND,MAHABANK,MAHSCOOTER,MAHSEAMLES,MALWA,MARICO,MARUTI,MASFIN,MASTEK,MATRIX,MCX,MERCK,MERIND,METROPOLIS,MFSL,MGL,MIDHANI,MODIXEROX,MOREPENLAB,MOTHERSON,MOTHERSUMI,MPHASIS,MRF,MRPL,NAGARFERT,NAHAR,NAHARPOLY,NAHARSPING,NAM-INDIA,NATCOPHARM,NATIONAL,NATIONALUM,NAVA,NAVINFLUOR,NCC,NESCO,NESTLEIND,NFL,NH,NIACL,NILKAMAL,NIRMA,NITCO,NLCINDIA,NMDC,NTPC,OFSS,OILCOUNTUB,OLECTRA,OMAXAUTO,OMAXE,ONELIFECAP,ONGC,ONIDA,ORIENTCEM,ORIENTELEC,PATANJALI,PATNI,PATSPIN,PCBL,PDMJEPAPER,PEL,PENTAFOUR,PENTAMEDIA,PERSISTENT,PETRONET,PFIZER,PGHL,PHIL,PHILIPS,PHOENIX,PIDILITIND,PNB,POLYCAB,POLYMED,POONAWALLA,PRAJIND,PREMIERENE,PRESTIGE,PSIDATA,PUNJABCHEM,PUNJTRACT,QUESS,RAASI,RAIN,RAJESHEXPO,RALLIS,RAMCOCEM,RATNAMANI,RAYMOND,RBLBANK,RCF,RECKITT,RECLTD,REIAGRO,RELAXO,RELMEDIA,RITES,ROSSARI,ROUTE,RPGTRANS,RSWM,RVNL,SAIL,SANGHI,SANOFI,SAREGAMA,SBICARD,SBILIFE,SCHAEFFLER,SCHENECT,SCHNEIDER,SCI,SCILAL,SEQUENT,SESASTERL,SESHAPAPER,SFL,SHAWWALLA,SHOPERSTOP,SHREECEM,SHRIRAMFIN,SHYAMTEL,SIEMENS,SIS,SJVN,SKFINDIA,SKSMICRO,SOLARINDS,SONATSOFTW,SOUTHBANK,SPARC,SPICEJET,SRF,STAR,STARCEMENT,STYROLUT,SUMICHEM,SUNDARMFIN,SUNDRMFAST,SUNPHARMA,SUPRAJIT,SUPREMEIND,SWSOLAR,SYMPHONY,SYNGENE,TAKE,TATACOMM,TATACONSUM,TATAELXSI,TATAINVEST,TATAMETAL,TATAMOTORS,TATAPOWER,TATASTEEL,TCIEXP,TCNSCLOTH,TCS,TEAMLEASE,THERMAX,THIRU,THYROCARE,TIINDIA,TIMETECHNO,TIMEX,TIMKEN,TITAN,TMCV,TORNTPHARM,TORNTPOWER,TRANSPEK,TRENT,TRIDENT,TTKPRESTIG,TVTODAY,UBL,UCALFUEL,UFLEX,UJJIVAN,ULTRACEMCO,UNIONBANK,UNOMINDA,URBANCO,VARROC,VARUN,VBL,VENKEYS,VESUVIUS,VISHAL,VMART,VOLTAS,VTL,WELENT,WESTLIFE,WIDIA,WIMCO,WINDMACH,WIPRO,WOCKPHARMA,WSTCSTPAPR,ZENSARTECH,ZYDUSWELL"
2021-09-30,Nifty500,"CARTRADE,DEVYANI,NUVOCO","SADBHAV,DBL,COXKINGS","3MINDIA,AARTIIND,AAVAS,ABB,ABBOTINDIA,ABCAPITAL,ABREL,ACC,ADANIENSOL,ADANIPOWER,ADVENZYMES,AEGISLOG,AFFLE,AGCNETWO,AIAENG,AKZOINDIA,ALKEM,ALLCARGO,ALTOS,AMBALAL,AMBER,AMBUJACEM,APLAPOLLO,APOLLOHOSP,APOLLOTYRE,APPAPER,APPLE,ARVIND,ASHOKLEY,ASIANPAINT,ASTERDM,ASTRAZENCA,ATGL,ATUL,ATULAUTO,AUBANK,AVANTIFEED,AVERY,AXISBANK,BAJAJ,BAJAJ-AUTO,BAJAJHLDNG,BAJFINANCE,BALMLAWRIE,BALRAMCHIN,BANKBARODA,BASF,BATAINDIA,BAYERCROP,BBTC,BDL,BEL,BEML,BERGEPAINT,BHARATFORG,BHARTIARTL,BHEL,BI,BIOCON,BIRLACORPN,BLISSGVS,BLUEDART,BLUESTARCO,BOMDYEING,BOSCH-HCIL,BOSCHLTD,BPCL,BRIGADE,BRITANNIA,BSE,BSOFT,CABLE,CANBK,CANFINHOME,CAPLIN,CARTRADE,CASTROLIND,CCL,CDSL,CEATLTD,CENTRALBK,CENTURYTEX,CERA,CESC,CGCL,CHAMBLFERT,CHEMINOR,CHENNPETRO,CHETTINAD,CHOLAFIN,CHOLAHLDNG,CIPLA,CMC,COALINDIA,COCHINSHIP,COFORGE,COLPAL,CONCOR,CONSOFINVT,COROMANDEL,CREDITACC,CRISIL,CROMPTON,CSBBANK,CUB,CUMMINSIND,CYBERTECH,DABUR,DALMIASUG,DBCORP,DCAL,DCLPOLYE,DCW,DEEPAKFERT,DEEPAKNTR,DEVYANI,DHAMPURSUG,DICIND,DIGJAMLMTD,DISHTV,DLF,DMART,DRREDDY,DSQSOFTW,ECLERX,EICHERMOT,EIDPARRY,EIHOTEL,ELECON,ELGIEQUIP,ELGIRUBCO,ENDURANCE,ENERGY,ENGINERSIN,ERIS,ESABINDIA,ESCORTS,ESSAR,EXCELINDUS,EXIDEIND,FACT,FDC,FEDERALBNK,FINCABLES,FLUOROCHEM,FORTIS,FOSECOIND,FULFORD,GAEL,GAIL,GALAXYSURF,GANESHBE,GARDEN,GARWARE,GESHIP,GHCL,GICRE,GILLETTE,GLAND,GLAXO,GLENMARK,GLFL,GMDCLTD,GMMPFAUDLR,GNFC,GODFRYPHLP,GODREJAGRO,GODREJCP,GODREJIND,GOKEX,GOODRICKE,GOODYEAR,GPPL,GRANULES,GRAPHITE,GRASIM,GREAVESCOT,GRINDWELL,GSFC,GSPL,GUJALKALI,GUJGASLTD,GVT&D,HAL,HARRMALAYA,HATHWAY,HATSUN,HAVELLS,HCLTECH,HDFC,HDFCAMC,HDFCBANK,HDFCLIFE,HEALTHCARE,HEG,HEIDELBERG,HERBERTS,HERITGFOOD,HEROMOTOCO,HEXT,HIMACHAL,HIMATSEIDE,HINDALCO,HINDCOPPER,HINDPETRO,HINDSYNTEX,HINDUNILVR,HINDUSTAN,HINDZINC,HOGANAS,HONAUT,HSCL,HUBTOWN,IBREALEST,IBVENTURES,ICICI,ICICIBANK,ICICIGI,ICICIPRULI,ICRA,IDBI,IDFCFIRSTB,IFBIND,IFCI,IGL,IIFL,INDHOTEL,INDIACEM,INDIAGLYCO,INDIAMART,INDIANB,INDIGO,INDOCO,INDUSINDBK,INDUSTOWER,INFIBEAM,INFY,INSILCO,INTELLECT,IOB,IOC,IONEXCHANG,IPCALAB,IPRINGS,IRCON,IRCTC,ISMT,ITC,ITDC,ITI,ITIETF,ITWSIGNO,JAGRAN,JAICORPLTD,JBCHEPHARM,JBMA,JGCHEM,JINDALPHOT,JINDALSAW,JINDALSTEL,JKCEMENT,JKPAPER,JKTYRE,JSL,JUBLFOOD,JUBLINGRY,KAJARIACER,KANSAINER,KARURVYSYA,KARUTURI,KEI,KINETIC,KMSUGAR,KNRCON,KOHINOOR,KOTAKBANK,KPEL,KPITTECH,KRBL,KRISHNA,KSB,KTKBANK,KUMARS,LALPATHLAB,LAOPALA,LAURUSLABS,LEMONTREE,LICHSGFIN,LINDEINDIA,LT,LTF,LTTS,LUPIN,LUXIND,M& M,M&M,MADURA,MAFATIND,MAHABANK,MAHSCOOTER,MAHSEAMLES,MALWA,MARICO,MARUTI,MASFIN,MASTEK,MATRIX,MCX,MERCK,MERIND,METROPOLIS,MFSL,MGL,MIDHANI,MODIXEROX,MOREPENLAB,MOTHERSON,MOTHERSUMI,MPHASIS,MRF,MRPL,NAGARFERT,NAHAR,NAHARPOLY,NAHARSPING,NAM-INDIA,NATCOPHARM,NATIONAL,NATIONALUM,NAVA,NAVINFLUOR,NCC,NESCO,NESTLEIND,NFL,NH,NIACL,NILKAMAL,NIRMA,NITCO,NLCINDIA,NMDC,NTPC,NUVOCO,OFSS,OILCOUNTUB,OLECTRA,OMAXAUTO,OMAXE,ONELIFECAP,ONGC,ONIDA,ORIENTCEM,ORIENTELEC,PATANJALI,PATNI,PATSPIN,PCBL,PDMJEPAPER,PEL,PENTAFOUR,PENTAMEDIA,PERSISTENT,PETRONET,PFIZER,PGHL,PHIL,PHILIPS,PHOENIX,PIDILITIND,PNB,POLYCAB,POLYMED,POONAWALLA,PRAJIND,PREMIERENE,PRESTIGE,PSIDATA,PUNJABCHEM,PUNJTRACT,QUESS,RAASI,RAIN,RAJESHEXPO,RALLIS,RAMCOCEM,RATNAMANI,RAYMOND,RBLBANK,RCF,RECKITT,RECLTD,REIAGRO,RELAXO,RELMEDIA,RITES,ROSSARI,ROUTE,RPGTRANS,RSWM,RVNL,SAIL,SANGHI,SANOFI,SAREGAMA,SBICARD,SBILIFE,SCHAEFFLER,SCHENECT,SCHNEIDER,SCI,SCILAL,SEQUENT,SESASTERL,SESHAPAPER,SFL,SHAWWALLA,SHOPERSTOP,SHREECEM,SHRIRAMFIN,SHYAMTEL,SIEMENS,SIS,SJVN,SKFINDIA,SKSMICRO,SOLARINDS,SONATSOFTW,SOUTHBANK,SPARC,SPICEJET,SRF,STAR,STARCEMENT,STYROLUT,SUMICHEM,SUNDARMFIN,SUNDRMFAST,SUNPHARMA,SUPRAJIT,SUPREMEIND,SWSOLAR,SYMPHONY,SYNGENE,TAKE,TATACOMM,TATACONSUM,TATAELXSI,TATAINVEST,TATAMETAL,TATAMOTORS,TATAPOWER,TATASTEEL,TCIEXP,TCNSCLOTH,TCS,TEAMLEASE,THERMAX,THIRU,THYROCARE,TIINDIA,TIMETECHNO,TIMEX,TIMKEN,TITAN,TMCV,TORNTPHARM,TORNTPOWER,TRANSPEK,TRENT,TRIDENT,TTKPRESTIG,TVTODAY,UBL,UCALFUEL,UFLEX,UJJIVAN,ULTRACEMCO,UNIONBANK,UNOMINDA,URBANCO,VARROC,VARUN,VBL,VENKEYS,VESUVIUS,VISHAL,VMART,VOLTAS,VTL,WELENT,WESTLIFE,WIDIA,WIMCO,WINDMACH,WIPRO,WOCKPHARMA,WSTCSTPAPR,ZENSARTECH,ZYDUSWELL"
2022-03-31,Nifty500,"MEDPLUS,DATAPATTNS,METROBRAND","RCOM,TECH,YESBANK","3MINDIA,AARTIIND,AAVAS,ABB,ABBOTINDIA,ABCAPITAL,ABREL,ACC,ADANIENSOL,ADANIPOWER,ADVENZYMES,AEGISLOG,AFFLE,AGCNETWO,AIAENG,AKZOINDIA,ALKEM,ALLCARGO,ALTOS,AMBALAL,AMBER,AMBUJACEM,APLAPOLLO,APOLLOHOSP,APOLLOTYRE,APPAPER,APPLE,ARVIND,ASHOKLEY,ASIANPAINT,ASTERDM,ASTRAZENCA,ATGL,ATUL,ATULAUTO,AUBANK,AVANTIFEED,AVERY,AXISBANK,BAJAJ,BAJAJ-AUTO,BAJAJHLDNG,BAJFINANCE,BALMLAWRIE,BALRAMCHIN,BANKBARODA,BASF,BATAINDIA,BAYERCROP,BBTC,BDL,BEL,BEML,BERGEPAINT,BHARATFORG,BHARTIARTL,BHEL,BI,BIOCON,BIRLACORPN,BLISSGVS,BLUEDART,BLUESTARCO,BOMDYEING,BOSCH-HCIL,BOSCHLTD,BPCL,BRIGADE,BRITANNIA,BSE,BSOFT,CABLE,CANBK,CANFINHOME,CAPLIN,CARTRADE,CASTROLIND,CCL,CDSL,CEATLTD,CENTRALBK,CENTURYTEX,CERA,CESC,CGCL,CHAMBLFERT,CHEMINOR,CHENNPETRO,CHETTINAD,CHOLAFIN,CHOLAHLDNG,CIPLA,CMC,COALINDIA,COCHINSHIP,COFORGE,COLPAL,CONCOR,CONSOFINVT,COROMANDEL,CREDITACC,CRISIL,CROMPTON,CSBBANK,CUB,CUMMINSIND,CYBERTECH,DABUR,DALMIASUG,DATAPATTNS,DBCORP,DCAL,DCLPOLYE,DCW,DEEPAKFERT,DEEPAKNTR,DEVYANI,DHAMPURSUG,DICIND,DIGJAMLMTD,DISHTV,DLF,DMART,DRREDDY,DSQSOFTW,ECLERX,EICHERMOT,EIDPARRY,EIHOTEL,ELECON,ELGIEQUIP,ELGIRUBCO,ENDURANCE,ENERGY,ENGINERSIN,ERIS,ESABINDIA,ESCORTS,ESSAR,EXCELINDUS,EXIDEIND,FACT,FDC,FEDERALBNK,FINCABLES,FLUOROCHEM,FORTIS,FOSECOIND,FULFORD,GAEL,GAIL,GALAXYSURF,GANESHBE,GARDEN,GESHIP,GHCL,GICRE,GILLETTE,GLAND,GLAXO,GLENMARK,GLFL,GMDCLTD,GMMPFAUDLR,GNFC,GODFRYPHLP,GODREJAGRO,GODREJCP,GODREJIND,GOKEX,GOODRICKE,GOODYEAR,GPPL,GRANULES,GRAPHITE,GRASIM,GREAVESCOT,GRINDWELL,GSFC,GSPL,GUJALKALI,GUJGASLTD,GVT&D,HAL,HARRMALAYA,HATHWAY,HATSUN,HAVELLS,HCLTECH,HDFC,HDFCAMC,HDFCBANK,HDFCLIFE,HEALTHCARE,HEG,HEIDELBERG,HERBERTS,HERITGFOOD,HEROMOTOCO,HEXT,HIMACHAL,HIMATSEIDE,HINDALCO,HINDCOPPER,HINDPETRO,HINDSYNTEX,HINDUNILVR,HINDUSTAN,HINDZINC,HOGANAS,HONAUT,HSCL,HUBTOWN,IBREALEST,IBVENTURES,ICICI,ICICIBANK,ICICIGI,ICICIPRULI,ICRA,IDBI,IDFCFIRSTB,IFBIND,IFCI,IGL,IIFL,INDHOTEL,INDIACEM,INDIAGLYCO,INDIAMART,INDIANB,INDIGO,INDOCO,INDUSINDBK,INDUSTOWER,INFIBEAM,INFY,INSILCO,INTELLECT,IOB,IOC,IONEXCHANG,IPCALAB,IPRINGS,IRCON,IRCTC,ISMT,ITC,ITDC,ITI,ITIETF,ITWSIGNO,JAGRAN,JAICORPLTD,JBCHEPHARM,JBMA,JGCHEM,JINDALPHOT,JINDALSAW,JINDALSTEL,JKCEMENT,JKPAPER,JKTYRE,JSL,JUBLFOOD,JUBLINGRY,KAJARIACER,KANSAINER,KARURVYSYA,KARUTURI,KEI,KINETIC,KMSUGAR,KNRCON,KOHINOOR,KOTAKBANK,KPEL,KPITTECH,KRBL,KRISHNA,KSB,KTKBANK,KUMARS,LALPATHLAB,LAOPALA,LAURUSLABS,LEMONTREE,LICHSGFIN,LINDEINDIA,LT,LTF,LTTS,LUPIN,LUXIND,M& M,M&M,MADURA,MAFATIND,MAHABANK,MAHSCOOTER,MAHSEAMLES,MARICO,MARUTI,MASFIN,MASTEK,MATRIX,MCX,MEDPLUS,MERCK,MERIND,METROBRAND,METROPOLIS,MFSL,MGL,MIDHANI,MODIXEROX,MOREPENLAB,MOTHERSON,MOTHERSUMI,MPHASIS,MRF,MRPL,NAGARFERT,NAHAR,NAHARPOLY,NAHARSPING,NAM-INDIA,NATCOPHARM,NATIONAL,NATIONALUM,NAVA,NAVINFLUOR,NCC,NESCO,NESTLEIND,NFL,NH,NIACL,NILKAMAL,NIRMA,NITCO,NLCINDIA,NMDC,NTPC,NUVOCO,OFSS,OILCOUNTUB,OLECTRA,OMAXAUTO,OMAXE,ONELIFECAP,ONGC,ONIDA,ORIENTCEM,ORIENTELEC,PATANJALI,PATNI,PATSPIN,PCBL,PDMJEPAPER,PEL,PENTAFOUR,PENTAMEDIA,PERSISTENT,PETRONET,PFIZER,PGHL,PHIL,PHILIPS,PHOENIX,PIDILITIND,PNB,POLYCAB,POLYMED,POONAWALLA,PRAJIND,PREMIERENE,PRESTIGE,PSIDATA,PUNJABCHEM,PUNJTRACT,QUESS,RAASI,RAIN,RAJESHEXPO,RALLIS,RAMCOCEM,RATNAMANI,RAYMOND,RBLBANK,RCF,RECKITT,RECLTD,REIAGRO,RELAXO,RELMEDIA,RITES,ROSSARI,ROUTE,RPGTRANS,RSWM,RVNL,SAIL,SANGHI,SANOFI,SAREGAMA,SBICARD,SBILIFE,SCHAEFFLER,SCHENECT,SCHNEIDER,SCI,SCILAL,SESASTERL,SESHAPAPER,SFL,SHAWWALLA,SHOPERSTOP,SHREECEM,SHRIRAMFIN,SHYAMTEL,SIEMENS,SIS,SJVN,SKFINDIA,SKSMICRO,SOLARINDS,SONATSOFTW,SOUTHBANK,SPARC,SPICEJET,SRF,STAR,STARCEMENT,STYROLUT,SUMICHEM,SUNDARMFIN,SUNDRMFAST,SUNPHARMA,SUPRAJIT,SUPREMEIND,SWSOLAR,SYMPHONY,SYNGENE,TAKE,TATACOMM,TATACONSUM,TATAELXSI,TATAINVEST,TATAMETAL,TATAMOTORS,TATAPOWER,TATASTEEL,TCIEXP,TCNSCLOTH,TCS,TEAMLEASE,THERMAX,THIRU,THYROCARE,TIINDIA,TIMETECHNO,TIMEX,TIMKEN,TITAN,TMCV,TORNTPHARM,TORNTPOWER,TRANSPEK,TRENT,TRIDENT,TTKPRESTIG,TVTODAY,UBL,UCALFUEL,UFLEX,UJJIVAN,ULTRACEMCO,UNIONBANK,UNOMINDA,URBANCO,VARROC,VARUN,VBL,VENKEYS,VESUVIUS,VISHAL,VMART,VOLTAS,VTL,WELENT,WESTLIFE,WIDIA,WIMCO,WINDMACH,WIPRO,WOCKPHARMA,WSTCSTPAPR,ZENSARTECH,ZYDUSWELL"
2022-09-30,Nifty500,"WSI,PRUDENT,SYRMA","FUTURE,SPANDANA,DISHTV","3MINDIA,AARTIIND,AAVAS,ABB,ABBOTINDIA,ABCAPITAL,ABREL,ACC,ADANIENSOL,ADANIPOWER,ADVENZYMES,AEGISLOG,AFFLE,AGCNETWO,AIAENG,AKZOINDIA,ALKEM,ALLCARGO,ALTOS,AMBALAL,AMBER,AMBUJACEM,APLAPOLLO,APOLLOHOSP,APOLLOTYRE,APPAPER,APPLE,ARVIND,ASHOKLEY,ASIANPAINT,ASTERDM,ASTRAZENCA,ATGL,ATUL,ATULAUTO,AUBANK,AVANTIFEED,AVERY,AXISBANK,BAJAJ,BAJAJ-AUTO,BAJAJHLDNG,BAJFINANCE,BALMLAWRIE,BALRAMCHIN,BANKBARODA,BASF,BATAINDIA,BAYERCROP,BBTC,BDL,BEL,BEML,BERGEPAINT,BHARATFORG,BHARTIARTL,BHEL,BI,BIOCON,BIRLACORPN,BLISSGVS,BLUEDART,BLUESTARCO,BOMDYEING,BOSCH-HCIL,BOSCHLTD,BPCL,BRIGADE,BRITANNIA,BSE,BSOFT,CABLE,CANBK,CANFINHOME,CAPLIN,CARTRADE,CASTROLIND,CCL,CDSL,CEATLTD,CENTRALBK,CENTURYTEX,CERA,CESC,CGCL,CHAMBLFERT,CHEMINOR,CHENNPETRO,CHETTINAD,CHOLAFIN,CHOLAHLDNG,CIPLA,CMC,COALINDIA,COCHINSHIP,COFORGE,COLPAL,CONCOR,CONSOFINVT,COROMANDEL,CREDITACC,CRISIL,CROMPTON,CSBBANK,CUB,CUMMINSIND,CYBERTECH,DABUR,DALMIASUG,DATAPATTNS,DBCORP,DCAL,DCLPOLYE,DCW,DEEPAKFERT,DEEPAKNTR,DEVYANI,DHAMPURSUG,DICIND,DIGJAMLMTD,DLF,DMART,DRREDDY,DSQSOFTW,ECLERX,EICHERMOT,EIDPARRY,EIHOTEL,ELECON,ELGIEQUIP,ELGIRUBCO,ENDURANCE,ENERGY,ENGINERSIN,ERIS,ESABINDIA,ESCORTS,ESSAR,EXCELINDUS,EXIDEIND,FACT,FDC,FEDERALBNK,FINCABLES,FLUOROCHEM,FORTIS,FOSECOIND,FULFORD,GAEL,GAIL,GALAXYSURF,GANESHBE,GARDEN,GESHIP,GHCL,GICRE,GILLETTE,GLAND,GLAXO,GLENMARK,GLFL,GMDCLTD,GMMPFAUDLR,GNFC,GODFRYPHLP,GODREJAGRO,GODREJCP,GODREJIND,GOKEX,GOODRICKE,GOODYEAR,GPPL,GRANULES,GRAPHITE,GRASIM,GREAVESCOT,GRINDWELL,GSFC,GSPL,GUJALKALI,GUJGASLTD,GVT&D,HAL,HARRMALAYA,HATHWAY,HATSUN,HAVELLS,HCLTECH,HDFC,HDFCAMC,HDFCBANK,HDFCLIFE,HEALTHCARE,HEG,HEIDELBERG,HERBERTS,HERITGFOOD,HEROMOTOCO,HEXT,HIMACHAL,HIMATSEIDE,HINDALCO,HINDCOPPER,HINDPETRO,HINDSYNTEX,HINDUNILVR,HINDUSTAN,HINDZINC,HOGANAS,HONAUT,HSCL,HUBTOWN,IBREALEST,IBVENTURES,ICICI,ICICIBANK,ICICIGI,ICICIPRULI,ICRA,IDBI,IDFCFIRSTB,IFBIND,IFCI,IGL,IIFL,INDHOTEL,INDIACEM,INDIAGLYCO,INDIAMART,INDIANB,INDIGO,INDOCO,INDUSINDBK,INDUSTOWER,INFIBEAM,INFY,INTELLECT,IOB,IOC,IONEXCHANG,IPCALAB,IPRINGS,IRCON,IRCTC,ISMT,ITC,ITDC,ITI,ITIETF,ITWSIGNO,JAGRAN,JAICORPLTD,JBCHEPHARM,JBMA,JGCHEM,JINDALPHOT,JINDALSAW,JINDALSTEL,JKCEMENT,JKPAPER,JKTYRE,JSL,JUBLFOOD,JUBLINGRY,KAJARIACER,KANSAINER,KARURVYSYA,KARUTURI,KEI,KINETIC,KMSUGAR,KNRCON,KOHINOOR,KOTAKBANK,KPEL,KPITTECH,KRBL,KRISHNA,KSB,KTKBANK,KUMARS,LALPATHLAB,LAOPALA,LAURUSLABS,LEMONTREE,LICHSGFIN,LINDEINDIA,LT,LTF,LTTS,LUPIN,LUXIND,M& M,M&M,MADURA,MAFATIND,MAHABANK,MAHSCOOTER,MAHSEAMLES,MARICO,MARUTI,MASFIN,MASTEK,MATRIX,MCX,MEDPLUS,MERCK,MERIND,METROBRAND,METROPOLIS,MFSL,MGL,MIDHANI,MODIXEROX,MOREPENLAB,MOTHERSON,MOTHERSUMI,MPHASIS,MRF,MRPL,NAGARFERT,NAHAR,NAHARPOLY,NAHARSPING,NAM-INDIA,NATCOPHARM,NATIONAL,NATIONALUM,NAVA,NAVINFLUOR,NCC,NESCO,NESTLEIND,NFL,NH,NIACL,NILKAMAL,NIRMA,NITCO,NLCINDIA,NMDC,NTPC,NUVOCO,OFSS,OILCOUNTUB,OLECTRA,OMAXAUTO,OMAXE,ONELIFECAP,ONGC,ONIDA,ORIENTCEM,ORIENTELEC,PATANJALI,PATNI,PATSPIN,PCBL,PDMJEPAPER,PEL,PENTAFOUR,PENTAMEDIA,PERSISTENT,PETRONET,PFIZER,PGHL,PHIL,PHILIPS,PHOENIX,PIDILITIND,PNB,POLYCAB,POLYMED,POONAWALLA,PRAJIND,PREMIERENE,PRESTIGE,PRUDENT,PSIDATA,PUNJABCHEM,PUNJTRACT,QUESS,RAASI,RAIN,RAJESHEXPO,RALLIS,RAMCOCEM,RATNAMANI,RAYMOND,RBLBANK,RCF,RECKITT,RECLTD,REIAGRO,RELAXO,RELMEDIA,RITES,ROUTE,RPGTRANS,RSWM,RVNL,SAIL,SANGHI,SANOFI,SAREGAMA,SBICARD,SBILIFE,SCHAEFFLER,SCHENECT,SCHNEIDER,SCI,SCILAL,SESASTERL,SESHAPAPER,SFL,SHAWWALLA,SHOPERSTOP,SHREECEM,SHRIRAMFIN,SHYAMTEL,SIEMENS,SIS,SJVN,SKFINDIA,SKSMICRO,SOLARINDS,SONATSOFTW,SOUTHBANK,SPARC,SPICEJET,SRF,STAR,STARCEMENT,STYROLUT,SUMICHEM,SUNDARMFIN,SUNDRMFAST,SUNPHARMA,SUPRAJIT,SUPREMEIND,SWSOLAR,SYMPHONY,SYNGENE,SYRMA,TAKE,TATACOMM,TATACONSUM,TATAELXSI,TATAINVEST,TATAMETAL,TATAMOTORS,TATAPOWER,TATASTEEL,TCIEXP,TCNSCLOTH,TCS,TEAMLEASE,THERMAX,THIRU,THYROCARE,TIINDIA,TIMETECHNO,TIMEX,TIMKEN,TITAN,TMCV,TORNTPHARM,TORNTPOWER,TRANSPEK,TRENT,TRIDENT,TTKPRESTIG,TVTODAY,UBL,UCALFUEL,UFLEX,UJJIVAN,ULTRACEMCO,UNIONBANK,UNOMINDA,URBANCO,VARROC,VARUN,VBL,VENKEYS,VESUVIUS,VISHAL,VMART,VOLTAS,VTL,WELENT,WESTLIFE,WIDIA,WIMCO,WINDMACH,WIPRO,WOCKPHARMA,WSI,WSTCSTPAPR,ZENSARTECH,ZYDUSWELL"
2023-03-31,Nifty500,"ZTECH,LANDMARK,SULA","PCJEWELLER,BCG,DHANI","3MINDIA,AARTIIND,AAVAS,ABB,ABBOTINDIA,ABCAPITAL,ABREL,ACC,ADANIENSOL,ADANIPOWER,ADVENZYMES,AEGISLOG,AFFLE,AGCNETWO,AIAENG,AKZOINDIA,ALKEM,ALLCARGO,ALTOS,AMBALAL,AMBER,AMBUJACEM,APLAPOLLO,APOLLOHOSP,APOLLOTYRE,APPAPER,APPLE,ARVIND,ASHOKLEY,ASIANPAINT,ASTERDM,ASTRAZENCA,ATGL,ATUL,ATULAUTO,AUBANK,AVANTIFEED,AVERY,AXISBANK,BAJAJ,BAJAJ-AUTO,BAJAJHLDNG,BAJFINANCE,BALMLAWRIE,BALRAMCHIN,BANKBARODA,BASF,BATAINDIA,BAYERCROP,BBTC,BDL,BEL,BEML,BERGEPAINT,BHARATFORG,BHARTIARTL,BHEL,BI,BIOCON,BIRLACORPN,BLISSGVS,BLUEDART,BLUESTARCO,BOMDYEING,BOSCH-HCIL,BOSCHLTD,BPCL,BRIGADE,BRITANNIA,BSE,BSOFT,CABLE,CANBK,CANFINHOME,CAPLIN,CARTRADE,CASTROLIND,CCL,CDSL,CEATLTD,CENTRALBK,CENTURYTEX,CERA,CESC,CGCL,CHAMBLFERT,CHEMINOR,CHENNPETRO,CHETTINAD,CHOLAFIN,CHOLAHLDNG,CIPLA,CMC,COALINDIA,COCHINSHIP,COFORGE,COLPAL,CONCOR,CONSOFINVT,COROMANDEL,CREDITACC,CRISIL,CROMPTON,CSBBANK,CUB,CUMMINSIND,CYBERTECH,DABUR,DALMIASUG,DATAPATTNS,DBCORP,DCAL,DCLPOLYE,DCW,DEEPAKFERT,DEEPAKNTR,DEVYANI,DHAMPURSUG,DICIND,DIGJAMLMTD,DLF,DMART,DRREDDY,DSQSOFTW,ECLERX,EICHERMOT,EIDPARRY,EIHOTEL,ELECON,ELGIEQUIP,ELGIRUBCO,ENDURANCE,ENERGY,ENGINERSIN,ERIS,ESABINDIA,ESCORTS,ESSAR,EXCELINDUS,EXIDEIND,FACT,FDC,FEDERALBNK,FINCABLES,FLUOROCHEM,FORTIS,FOSECOIND,FULFORD,GAEL,GAIL,GALAXYSURF,GANESHBE,GARDEN,GESHIP,GHCL,GICRE,GILLETTE,GLAND,GLAXO,GLENMARK,GMDCLTD,GMMPFAUDLR,GNFC,GODFRYPHLP,GODREJAGRO,GODREJCP,GODREJIND,GOKEX,GOODRICKE,GOODYEAR,GPPL,GRANULES,GRAPHITE,GRASIM,GREAVESCOT,GRINDWELL,GSFC,GSPL,GUJALKALI,GUJGASLTD,GVT&D,HAL,HARRMALAYA,HATHWAY,HATSUN,HAVELLS,HCLTECH,HDFC,HDFCAMC,HDFCBANK,HDFCLIFE,HEALTHCARE,HEG,HEIDELBERG,HERBERTS,HERITGFOOD,HEROMOTOCO,HEXT,HIMACHAL,HIMATSEIDE,HINDALCO,HINDCOPPER,HINDPETRO,HINDSYNTEX,HINDUNILVR,HINDUSTAN,HINDZINC,HOGANAS,HONAUT,HSCL,HUBTOWN,IBREALEST,IBVENTURES,ICICI,ICICIBANK,ICICIGI,ICICIPRULI,ICRA,IDBI,IDFCFIRSTB,IFBIND,IFCI,IGL,IIFL,INDHOTEL,INDIACEM,INDIAGLYCO,INDIAMART,INDIANB,INDIGO,INDOCO,INDUSINDBK,INDUSTOWER,INFIBEAM,INFY,INTELLECT,IOB,IOC,IONEXCHANG,IPCALAB,IPRINGS,IRCON,IRCTC,ISMT,ITC,ITDC,ITI,ITIETF,ITWSIGNO,JAGRAN,JAICORPLTD,JBCHEPHARM,JBMA,JGCHEM,JINDALPHOT,JINDALSAW,JINDALSTEL,JKCEMENT,JKPAPER,JKTYRE,JSL,JUBLFOOD,JUBLINGRY,KAJARIACER,KANSAINER,KARURVYSYA,KARUTURI,KEI,KINETIC,KMSUGAR,KNRCON,KOHINOOR,KOTAKBANK,KPEL,KPITTECH,KRBL,KRISHNA,KSB,KTKBANK,KUMARS,LALPATHLAB,LANDMARK,LAOPALA,LAURUSLABS,LEMONTREE,LICHSGFIN,LINDEINDIA,LT,LTF,LTTS,LUPIN,LUXIND,M& M,M&M,MADURA,MAFATIND,MAHABANK,MAHSCOOTER,MAHSEAMLES,MARICO,MARUTI,MASFIN,MASTEK,MATRIX,MCX,MEDPLUS,MERCK,MERIND,METROBRAND,METROPOLIS,MFSL,MGL,MIDHANI,MODIXEROX,MOREPENLAB,MOTHERSON,MPHASIS,MRF,MRPL,NAGARFERT,NAHAR,NAHARPOLY,NAHARSPING,NAM-INDIA,NATCOPHARM,NATIONAL,NATIONALUM,NAVA,NAVINFLUOR,NCC,NESCO,NESTLEIND,NFL,NH,NIACL,NILKAMAL,NIRMA,NITCO,NLCINDIA,NMDC,NTPC,NUVOCO,OFSS,OILCOUNTUB,OLECTRA,OMAXAUTO,OMAXE,ONELIFECAP,ONGC,ONIDA,ORIENTCEM,ORIENTELEC,PATANJALI,PATNI,PATSPIN,PCBL,PDMJEPAPER,PEL,PENTAFOUR,PENTAMEDIA,PERSISTENT,PETRONET,PFIZER,PGHL,PHIL,PHILIPS,PHOENIX,PIDILITIND,PNB,POLYCAB,POLYMED,POONAWALLA,PRAJIND,PREMIERENE,PRESTIGE,PRUDENT,PSIDATA,PUNJABCHEM,PUNJTRACT,QUESS,RAASI,RAIN,RAJESHEXPO,RALLIS,RAMCOCEM,RATNAMANI,RAYMOND,RBLBANK,RCF,RECKITT,RECLTD,REIAGRO,RELAXO,RELMEDIA,RITES,ROUTE,RPGTRANS,RSWM,RVNL,SAIL,SANGHI,SANOFI,SAREGAMA,SBICARD,SBILIFE,SCHAEFFLER,SCHENECT,SCHNEIDER,SCI,SCILAL,SESASTERL,SESHAPAPER,SFL,SHAWWALLA,SHOPERSTOP,SHREECEM,SHRIRAMFIN,SHYAMTEL,SIEMENS,SIS,SJVN,SKFINDIA,SKSMICRO,SOLARINDS,SONATSOFTW,SOUTHBANK,SPARC,SPICEJET,SRF,STAR,STARCEMENT,STYROLUT,SULA,SUMICHEM,SUNDARMFIN,SUNDRMFAST,SUNPHARMA,SUPRAJIT,SUPREMEIND,SWSOLAR,SYMPHONY,SYNGENE,SYRMA,TAKE,TATACOMM,TATACONSUM,TATAELXSI,TATAINVEST,TATAMETAL,TATAMOTORS,TATAPOWER,TATASTEEL,TCIEXP,TCNSCLOTH,TCS,TEAMLEASE,THERMAX,THIRU,THYROCARE,TIINDIA,TIMETECHNO,TIMEX,TIMKEN,TITAN,TMCV,TORNTPHARM,TORNTPOWER,TRANSPEK,TRENT,TRIDENT,TTKPRESTIG,TVTODAY,UBL,UCALFUEL,UFLEX,UJJIVAN,ULTRACEMCO,UNIONBANK,UNOMINDA,URBANCO,VARROC,VARUN,VBL,VENKEYS,VESUVIUS,VISHAL,VMART,VOLTAS,VTL,WELENT,WESTLIFE,WIDIA,WIMCO,WINDMACH,WIPRO,WOCKPHARMA,WSI,WSTCSTPAPR,ZENSARTECH,ZYDUSWELL"
2023-09-30,Nifty500,"UTKARSHBNK,NETWEB,IDEAFORGE","LUXIND,IBULLSLTD,RELIANCE","3MINDIA,AARTIIND,AAVAS,ABB,ABBOTINDIA,ABCAPITAL,ABREL,ACC,ADANIENSOL,ADANIPOWER,ADVENZYMES,AEGISLOG,AFFLE,AGCNETWO,AIAENG,AKZOINDIA,ALKEM,ALLCARGO,ALTOS,AMBALAL,AMBER,AMBUJACEM,APLAPOLLO,APOLLOHOSP,APOLLOTYRE,APPAPER,APPLE,ARVIND,ASHOKLEY,ASIANPAINT,ASTERDM,ASTRAZENCA,ATGL,ATUL,ATULAUTO,AUBANK,AVANTIFEED,AVERY,AXISBANK,BAJAJ,BAJAJ-AUTO,BAJAJHLDNG,BAJFINANCE,BALMLAWRIE,BALRAMCHIN,BANKBARODA,BASF,BATAINDIA,BAYERCROP,BBTC,BDL,BEL,BEML,BERGEPAINT,BHARATFORG,BHARTIARTL,BHEL,BI,BIOCON,BIRLACORPN,BLISSGVS,BLUEDART,BLUESTARCO,BOMDYEING,BOSCH-HCIL,BOSCHLTD,BPCL,BRIGADE,BRITANNIA,BSE,BSOFT,CABLE,CANBK,CANFINHOME,CAPLIN,CARTRADE,CASTROLIND,CCL,CDSL,CEATLTD,CENTRALBK,CENTURYTEX,CERA,CESC,CGCL,CHAMBLFERT,CHEMINOR,CHENNPETRO,CHETTINAD,CHOLAFIN,CHOLAHLDNG,CIPLA,CMC,COALINDIA,COCHINSHIP,COFORGE,COLPAL,CONCOR,CONSOFINVT,COROMANDEL,CREDITACC,CRISIL,CROMPTON,CSBBANK,CUB,CUMMINSIND,CYBERTECH,DABUR,DALMIASUG,DATAPATTNS,DBCORP,DCAL,DCLPOLYE,DCW,DEEPAKFERT,DEEPAKNTR,DEVYANI,DHAMPURSUG,DICIND,DIGJAMLMTD,DLF,DMART,DRREDDY,DSQSOFTW,ECLERX,EICHERMOT,EIDPARRY,EIHOTEL,ELECON,ELGIEQUIP,ELGIRUBCO,ENDURANCE,ENERGY,ENGINERSIN,ERIS,ESABINDIA,ESCORTS,ESSAR,EXCELINDUS,EXIDEIND,FACT,FDC,FEDERALBNK,FINCABLES,FLUOROCHEM,FORTIS,FOSECOIND,FULFORD,GAEL,GAIL,GALAXYSURF,GANESHBE,GARDEN,GESHIP,GHCL,GICRE,GILLETTE,GLAND,GLAXO,GLENMARK,GMDCLTD,GMMPFAUDLR,GNFC,GODFRYPHLP,GODREJAGRO,GODREJCP,GODREJIND,GOKEX,GOODRICKE,GOODYEAR,GPPL,GRANULES,GRAPHITE,GRASIM,GREAVESCOT,GRINDWELL,GSFC,GSPL,GUJALKALI,GUJGASLTD,GVT&D,HAL,HARRMALAYA,HATHWAY,HATSUN,HAVELLS,HCLTECH,HDFC,HDFCAMC,HDFCBANK,HDFCLIFE,HEALTHCARE,HEG,HEIDELBERG,HERBERTS,HERITGFOOD,HEROMOTOCO,HEXT,HIMACHAL,HIMATSEIDE,HINDALCO,HINDCOPPER,HINDPETRO,HINDSYNTEX,HINDUNILVR,HINDUSTAN,HINDZINC,HOGANAS,HONAUT,HSCL,HUBTOWN,IBREALEST,IBVENTURES,ICICI,ICICIBANK,ICICIGI,ICICIPRULI,ICRA,IDBI,IDFCFIRSTB,IFBIND,IFCI,IGL,IIFL,INDHOTEL,INDIACEM,INDIAGLYCO,INDIAMART,INDIANB,INDIGO,INDOCO,INDUSINDBK,INDUSTOWER,INFIBEAM,INFY,INTELLECT,IOB,IOC,IONEXCHANG,IPCALAB,IPRINGS,IRCON,IRCTC,ISMT,ITC,ITDC,ITI,ITIETF,ITWSIGNO,JAGRAN,JAICORPLTD,JBCHEPHARM,JBMA,JGCHEM,JINDALPHOT,JINDALSAW,JINDALSTEL,JKCEMENT,JKPAPER,JKTYRE,JSL,JUBLFOOD,JUBLINGRY,KAJARIACER,KANSAINER,KARURVYSYA,KARUTURI,KEI,KINETIC,KMSUGAR,KNRCON,KOHINOOR,KOTAKBANK,KPEL,KPITTECH,KRBL,KRISHNA,KSB,KTKBANK,KUMARS,LALPATHLAB,LANDMARK,LAOPALA,LAURUSLABS,LEMONTREE,LICHSGFIN,LINDEINDIA,LT,LTF,LTTS,LUPIN,M& M,M&M,MADURA,MAFATIND,MAHABANK,MAHSCOOTER,MAHSEAMLES,MARICO,MARUTI,MASFIN,MASTEK,MATRIX,MCX,MEDPLUS,MERCK,MERIND,METROBRAND,METROPOLIS,MFSL,MGL,MIDHANI,MODIXEROX,MOREPENLAB,MOTHERSON,MPHASIS,MRF,MRPL,NAGARFERT,NAHAR,NAHARPOLY,NAHARSPING,NAM-INDIA,NATCOPHARM,NATIONAL,NATIONALUM,NAVA,NAVINFLUOR,NCC,NESCO,NESTLEIND,NETWEB,NFL,NH,NIACL,NILKAMAL,NIRMA,NITCO,NLCINDIA,NMDC,NTPC,NUVOCO,OFSS,OILCOUNTUB,OLECTRA,OMAXAUTO,OMAXE,ONELIFECAP,ONGC,ONIDA,ORIENTCEM,ORIENTELEC,PATANJALI,PATNI,PATSPIN,PCBL,PDMJEPAPER,PEL,PENTAFOUR,PENTAMEDIA,PERSISTENT,PETRONET,PFIZER,PGHL,PHILIPS,PHOENIX,PIDILITIND,PNB,POLYCAB,POLYMED,POONAWALLA,PRAJIND,PREMIERENE,PRESTIGE,PRUDENT,PSIDATA,PUNJABCHEM,PUNJTRACT,QUESS,RAASI,RAIN,RAJESHEXPO,RALLIS,RAMCOCEM,RATNAMANI,RAYMOND,RBLBANK,RCF,RECKITT,RECLTD,REIAGRO,RELAXO,RELMEDIA,RITES,ROUTE,RPGTRANS,RSWM,RVNL,SAIL,SANGHI,SANOFI,SAREGAMA,SBICARD,SBILIFE,SCHAEFFLER,SCHENECT,SCHNEIDER,SCI,SCILAL,SESASTERL,SESHAPAPER,SFL,SHAWWALLA,SHOPERSTOP,SHREECEM,SHRIRAMFIN,SHYAMTEL,SIEMENS,SIS,SJVN,SKFINDIA,SKSMICRO,SOLARINDS,SONATSOFTW,SOUTHBANK,SPARC,SPICEJET,SRF,STAR,STARCEMENT,STYROLUT,SULA,SUMICHEM,SUNDARMFIN,SUNDRMFAST,SUNPHARMA,SUPRAJIT,SUPREMEIND,SWSOLAR,SYMPHONY,SYNGENE,SYRMA,TAKE,TATACOMM,TATACONSUM,TATAELXSI,TATAINVEST,TATAMETAL,TATAMOTORS,TATAPOWER,TATASTEEL,TCIEXP,TCNSCLOTH,TCS,TEAMLEASE,THERMAX,THIRU,THYROCARE,TIINDIA,TIMETECHNO,TIMEX,TIMKEN,TITAN,TMCV,TORNTPHARM,TORNTPOWER,TRANSPEK,TRENT,TRIDENT,TTKPRESTIG,TVTODAY,UBL,UCALFUEL,UFLEX,UJJIVAN,ULTRACEMCO,UNIONBANK,UNOMINDA,URBANCO,UTKARSHBNK,VARROC,VARUN,VBL,VENKEYS,VESUVIUS,VISHAL,VMART,VOLTAS,VTL,WELENT,WESTLIFE,WIDIA,WIMCO,WINDMACH,WIPRO,WOCKPHARMA,WSI,WSTCSTPAPR,ZENSARTECH,ZYDUSWELL"
2024-03-31,Nifty500,"AZAD,CELLO,HONASA","TATVA,POLYPLEX,FINEORG","3MINDIA,AARTIIND,AAVAS,ABB,ABBOTINDIA,ABCAPITAL,ABREL,ACC,ADANIENSOL,ADANIPOWER,ADVENZYMES,AEGISLOG,AFFLE,AGCNETWO,AIAENG,AKZOINDIA,ALKEM,ALLCARGO,ALTOS,AMBALAL,AMBER,AMBUJACEM,APLAPOLLO,APOLLOHOSP,APOLLOTYRE,APPAPER,APPLE,ARVIND,ASHOKLEY,ASIANPAINT,ASTERDM,ASTRAZENCA,ATGL,ATUL,ATULAUTO,AUBANK,AVANTIFEED,AVERY,AXISBANK,AZAD,BAJAJ,BAJAJ-AUTO,BAJAJHLDNG,BAJFINANCE,BALMLAWRIE,BALRAMCHIN,BANKBARODA,BASF,BATAINDIA,BAYERCROP,BBTC,BDL,BEL,BEML,BERGEPAINT,BHARATFORG,BHARTIARTL,BHEL,BI,BIOCON,BIRLACORPN,BLISSGVS,BLUEDART,BLUESTARCO,BOMDYEING,BOSCH-HCIL,BOSCHLTD,BPCL,BRIGADE,BRITANNIA,BSE,BSOFT,CABLE,CANBK,CANFINHOME,CAPLIN,CARTRADE,CASTROLIND,CCL,CDSL,CEATLTD,CENTRALBK,CENTURYTEX,CERA,CESC,CGCL,CHAMBLFERT,CHEMINOR,CHENNPETRO,CHETTINAD,CHOLAFIN,CHOLAHLDNG,CIPLA,CMC,COALINDIA,COCHINSHIP,COFORGE,COLPAL,CONCOR,CONSOFINVT,COROMANDEL,CREDITACC,CRISIL,CROMPTON,CSBBANK,CUB,CUMMINSIND,CYBERTECH,DABUR,DALMIASUG,DATAPATTNS,DBCORP,DCAL,DCLPOLYE,DCW,DEEPAKFERT,DEEPAKNTR,DEVYANI,DHAMPURSUG,DICIND,DIGJAMLMTD,DLF,DMART,DRREDDY,DSQSOFTW,ECLERX,EICHERMOT,EIDPARRY,EIHOTEL,ELECON,ELGIEQUIP,ELGIRUBCO,ENDURANCE,ENERGY,ENGINERSIN,ERIS,ESABINDIA,ESCORTS,ESSAR,EXCELINDUS,EXIDEIND,FACT,FDC,FEDERALBNK,FINCABLES,FLUOROCHEM,FORTIS,FOSECOIND,FULFORD,GAEL,GAIL,GALAXYSURF,GANESHBE,GARDEN,GESHIP,GHCL,GICRE,GILLETTE,GLAND,GLAXO,GLENMARK,GMDCLTD,GMMPFAUDLR,GNFC,GODFRYPHLP,GODREJAGRO,GODREJCP,GODREJIND,GOKEX,GOODRICKE,GOODYEAR,GPPL,GRANULES,GRAPHITE,GRASIM,GREAVESCOT,GRINDWELL,GSFC,GSPL,GUJALKALI,GUJGASLTD,GVT&D,HAL,HARRMALAYA,HATHWAY,HATSUN,HAVELLS,HCLTECH,HDFC,HDFCAMC,HDFCBANK,HDFCLIFE,HEALTHCARE,HEG,HEIDELBERG,HERBERTS,HERITGFOOD,HEROMOTOCO,HEXT,HIMACHAL,HIMATSEIDE,HINDALCO,HINDCOPPER,HINDPETRO,HINDSYNTEX,HINDUNILVR,HINDZINC,HOGANAS,HONASA,HONAUT,HSCL,HUBTOWN,IBREALEST,IBVENTURES,ICICI,ICICIBANK,ICICIGI,ICICIPRULI,ICRA,IDBI,IDFCFIRSTB,IFBIND,IFCI,IGL,IIFL,INDHOTEL,INDIACEM,INDIAGLYCO,INDIAMART,INDIANB,INDIGO,INDOCO,INDUSINDBK,INDUSTOWER,INFIBEAM,INFY,INTELLECT,IOB,IOC,IONEXCHANG,IPCALAB,IPRINGS,IRCON,IRCTC,ISMT,ITC,ITDC,ITI,ITIETF,ITWSIGNO,JAGRAN,JAICORPLTD,JBCHEPHARM,JBMA,JGCHEM,JINDALPHOT,JINDALSAW,JINDALSTEL,JKCEMENT,JKPAPER,JKTYRE,JSL,JUBLFOOD,JUBLINGRY,KAJARIACER,KANSAINER,KARURVYSYA,KARUTURI,KEI,KINETIC,KMSUGAR,KNRCON,KOHINOOR,KOTAKBANK,KPEL,KPITTECH,KRBL,KRISHNA,KSB,KTKBANK,KUMARS,LALPATHLAB,LANDMARK,LAOPALA,LAURUSLABS,LEMONTREE,LICHSGFIN,LINDEINDIA,LT,LTF,LTTS,LUPIN,M& M,M&M,MADURA,MAFATIND,MAHABANK,MAHSCOOTER,MAHSEAMLES,MARICO,MARUTI,MASFIN,MASTEK,MATRIX,MCX,MEDPLUS,MERCK,MERIND,METROBRAND,METROPOLIS,MFSL,MGL,MIDHANI,MODIXEROX,MOREPENLAB,MOTHERSON,MPHASIS,MRF,MRPL,NAGARFERT,NAHARPOLY,NAHARSPING,NAM-INDIA,NATCOPHARM,NATIONAL,NATIONALUM,NAVA,NAVINFLUOR,NCC,NESCO,NESTLEIND,NETWEB,NFL,NH,NIACL,NILKAMAL,NIRMA,NITCO,NLCINDIA,NMDC,NTPC,NUVOCO,OFSS,OILCOUNTUB,OLECTRA,OMAXAUTO,OMAXE,ONELIFECAP,ONGC,ONIDA,ORIENTCEM,ORIENTELEC,PATANJALI,PATNI,PATSPIN,PCBL,PDMJEPAPER,PEL,PENTAFOUR,PENTAMEDIA,PERSISTENT,PETRONET,PFIZER,PGHL,PHILIPS,PHOENIX,PIDILITIND,PNB,POLYCAB,POLYMED,POONAWALLA,PRAJIND,PREMIERENE,PRESTIGE,PRUDENT,PSIDATA,PUNJABCHEM,PUNJTRACT,QUESS,RAASI,RAIN,RAJESHEXPO,RALLIS,RAMCOCEM,RATNAMANI,RAYMOND,RBLBANK,RCF,RECKITT,RECLTD,REIAGRO,RELAXO,RELMEDIA,RITES,ROUTE,RPGTRANS,RSWM,RVNL,SAIL,SANGHI,SANOFI,SAREGAMA,SBICARD,SBILIFE,SCHAEFFLER,SCHENECT,SCHNEIDER,SCI,SCILAL,SESASTERL,SESHAPAPER,SFL,SHAWWALLA,SHOPERSTOP,SHREECEM,SHRIRAMFIN,SHYAMTEL,SIEMENS,SIS,SJVN,SKFINDIA,SKSMICRO,SOLARINDS,SONATSOFTW,SOUTHBANK,SPARC,SPICEJET,SRF,STAR,STARCEMENT,STYROLUT,SULA,SUMICHEM,SUNDARMFIN,SUNDRMFAST,SUNPHARMA,SUPRAJIT,SUPREMEIND,SWSOLAR,SYMPHONY,SYNGENE,SYRMA,TAKE,TATACOMM,TATACONSUM,TATAELXSI,TATAINVEST,TATAMETAL,TATAMOTORS,TATAPOWER,TATASTEEL,TCIEXP,TCNSCLOTH,TCS,TEAMLEASE,THERMAX,THIRU,THYROCARE,TIINDIA,TIMETECHNO,TIMEX,TIMKEN,TITAN,TMCV,TORNTPHARM,TORNTPOWER,TRANSPEK,TRENT,TRIDENT,TTKPRESTIG,TVTODAY,UBL,UCALFUEL,UFLEX,UJJIVAN,ULTRACEMCO,UNIONBANK,UNOMINDA,URBANCO,UTKARSHBNK,VARROC,VARUN,VBL,VENKEYS,VESUVIUS,VISHAL,VMART,VOLTAS,VTL,WELENT,WESTLIFE,WIDIA,WIMCO,WINDMACH,WIPRO,WOCKPHARMA,WSI,WSTCSTPAPR,ZENSARTECH,ZYDUSWELL"
2024-09-30,Nifty500,"OLAELEC,PREMIER,AWFIS","KRBL,NETWORK18,HGS","3MINDIA,AARTIIND,AAVAS,ABB,ABBOTINDIA,ABCAPITAL,ABREL,ACC,ADANIENSOL,ADANIPOWER,ADVENZYMES,AEGISLOG,AFFLE,AGCNETWO,AIAENG,AKZOINDIA,ALKEM,ALLCARGO,ALTOS,AMBALAL,AMBER,AMBUJACEM,APLAPOLLO,APOLLOHOSP,APOLLOTYRE,APPAPER,APPLE,ARVIND,ASHOKLEY,ASIANPAINT,ASTERDM,ASTRAZENCA,ATGL,ATUL,ATULAUTO,AUBANK,AVANTIFEED,AVERY,AWFIS,AXISBANK,AZAD,BAJAJ,BAJAJ-AUTO,BAJAJHLDNG,BAJFINANCE,BALMLAWRIE,BALRAMCHIN,BANKBARODA,BASF,BATAINDIA,BAYERCROP,BBTC,BDL,BEL,BEML,BERGEPAINT,BHARATFORG,BHARTIARTL,BHEL,BI,BIOCON,BIRLACORPN,BLISSGVS,BLUEDART,BLUESTARCO,BOMDYEING,BOSCH-HCIL,BOSCHLTD,BPCL,BRIGADE,BRITANNIA,BSE,BSOFT,CABLE,CANBK,CANFINHOME,CAPLIN,CARTRADE,CASTROLIND,CCL,CDSL,CEATLTD,CENTRALBK,CENTURYTEX,CERA,CESC,CGCL,CHAMBLFERT,CHEMINOR,CHENNPETRO,CHETTINAD,CHOLAFIN,CHOLAHLDNG,CIPLA,CMC,COALINDIA,COCHINSHIP,COFORGE,COLPAL,CONCOR,CONSOFINVT,COROMANDEL,CREDITACC,CRISIL,CROMPTON,CSBBANK,CUB,CUMMINSIND,CYBERTECH,DABUR,DALMIASUG,DATAPATTNS,DBCORP,DCAL,DCLPOLYE,DCW,DEEPAKFERT,DEEPAKNTR,DEVYANI,DHAMPURSUG,DICIND,DIGJAMLMTD,DLF,DMART,DRREDDY,DSQSOFTW,ECLERX,EICHERMOT,EIDPARRY,EIHOTEL,ELECON,ELGIEQUIP,ELGIRUBCO,ENDURANCE,ENERGY,ENGINERSIN,ERIS,ESABINDIA,ESCORTS,ESSAR,EXCELINDUS,EXIDEIND,FACT,FDC,FEDERALBNK,FINCABLES,FLUOROCHEM,FORTIS,FOSECOIND,FULFORD,GAEL,GAIL,GALAXYSURF,GANESHBE,GARDEN,GESHIP,GHCL,GICRE,GILLETTE,GLAND,GLAXO,GLENMARK,GMDCLTD,GMMPFAUDLR,GNFC,GODFRYPHLP,GODREJAGRO,GODREJCP,GODREJIND,GOKEX,GOODRICKE,GOODYEAR,GPPL,GRANULES,GRAPHITE,GRASIM,GREAVESCOT,GRINDWELL,GSFC,GSPL,GUJALKALI,GUJGASLTD,GVT&D,HAL,HARRMALAYA,HATHWAY,HATSUN,HAVELLS,HCLTECH,HDFC,HDFCAMC,HDFCBANK,HDFCLIFE,HEALTHCARE,HEG,HEIDELBERG,HERBERTS,HERITGFOOD,HEROMOTOCO,HEXT,HIMACHAL,HIMATSEIDE,HINDALCO,HINDCOPPER,HINDPETRO,HINDSYNTEX,HINDUNILVR,HINDZINC,HOGANAS,HONASA,HONAUT,HSCL,HUBTOWN,IBREALEST,IBVENTURES,ICICI,ICICIBANK,ICICIGI,ICICIPRULI,ICRA,IDBI,IDFCFIRSTB,IFBIND,IFCI,IGL,IIFL,INDHOTEL,INDIACEM,INDIAGLYCO,INDIAMART,INDIANB,INDIGO,INDOCO,INDUSINDBK,INDUSTOWER,INFIBEAM,INFY,INTELLECT,IOB,IOC,IONEXCHANG,IPCALAB,IPRINGS,IRCON,IRCTC,ISMT,ITC,ITDC,ITI,ITIETF,ITWSIGNO,JAGRAN,JAICORPLTD,JBCHEPHARM,JBMA,JGCHEM,JINDALPHOT,JINDALSAW,JINDALSTEL,JKCEMENT,JKPAPER,JKTYRE,JSL,JUBLFOOD,JUBLINGRY,KAJARIACER,KANSAINER,KARURVYSYA,KARUTURI,KEI,KINETIC,KMSUGAR,KNRCON,KOHINOOR,KOTAKBANK,KPEL,KPITTECH,KRISHNA,KSB,KTKBANK,KUMARS,LALPATHLAB,LANDMARK,LAOPALA,LAURUSLABS,LEMONTREE,LICHSGFIN,LINDEINDIA,LT,LTF,LTTS,LUPIN,M& M,M&M,MADURA,MAFATIND,MAHABANK,MAHSCOOTER,MAHSEAMLES,MARICO,MARUTI,MASFIN,MASTEK,MATRIX,MCX,MEDPLUS,MERCK,MERIND,METROBRAND,METROPOLIS,MFSL,MGL,MIDHANI,MODIXEROX,MOREPENLAB,MOTHERSON,MPHASIS,MRF,MRPL,NAGARFERT,NAHARPOLY,NAHARSPING,NAM-INDIA,NATCOPHARM,NATIONAL,NATIONALUM,NAVA,NAVINFLUOR,NCC,NESCO,NESTLEIND,NETWEB,NFL,NH,NIACL,NILKAMAL,NIRMA,NITCO,NLCINDIA,NMDC,NTPC,NUVOCO,OFSS,OILCOUNTUB,OLAELEC,OLECTRA,OMAXAUTO,OMAXE,ONELIFECAP,ONGC,ONIDA,ORIENTCEM,ORIENTELEC,PATANJALI,PATNI,PATSPIN,PCBL,PDMJEPAPER,PEL,PENTAFOUR,PENTAMEDIA,PERSISTENT,PETRONET,PFIZER,PGHL,PHILIPS,PHOENIX,PIDILITIND,PNB,POLYCAB,POLYMED,POONAWALLA,PRAJIND,PREMIERENE,PRESTIGE,PRUDENT,PSIDATA,PUNJABCHEM,PUNJTRACT,QUESS,RAASI,RAIN,RAJESHEXPO,RALLIS,RAMCOCEM,RATNAMANI,RAYMOND,RBLBANK,RCF,RECKITT,RECLTD,REIAGRO,RELAXO,RELMEDIA,RITES,ROUTE,RPGTRANS,RSWM,RVNL,SAIL,SANGHI,SANOFI,SAREGAMA,SBICARD,SBILIFE,SCHAEFFLER,SCHENECT,SCHNEIDER,SCI,SCILAL,SESASTERL,SESHAPAPER,SFL,SHOPERSTOP,SHREECEM,SHRIRAMFIN,SHYAMTEL,SIEMENS,SIS,SJVN,SKFINDIA,SKSMICRO,SOLARINDS,SONATSOFTW,SOUTHBANK,SPARC,SPICEJET,SRF,STAR,STARCEMENT,STYROLUT,SULA,SUMICHEM,SUNDARMFIN,SUNDRMFAST,SUNPHARMA,SUPRAJIT,SUPREMEIND,SWSOLAR,SYMPHONY,SYNGENE,SYRMA,TAKE,TATACOMM,TATACONSUM,TATAELXSI,TATAINVEST,TATAMETAL,TATAMOTORS,TATAPOWER,TATASTEEL,TCIEXP,TCNSCLOTH,TCS,TEAMLEASE,THERMAX,THIRU,THYROCARE,TIINDIA,TIMETECHNO,TIMEX,TIMKEN,TITAN,TMCV,TORNTPHARM,TORNTPOWER,TRANSPEK,TRENT,TRIDENT,TTKPRESTIG,TVTODAY,UBL,UCALFUEL,UFLEX,UJJIVAN,ULTRACEMCO,UNIONBANK,UNOMINDA,URBANCO,UTKARSHBNK,VARROC,VARUN,VBL,VENKEYS,VESUVIUS,VISHAL,VMART,VOLTAS,VTL,WELENT,WESTLIFE,WIDIA,WIMCO,WINDMACH,WIPRO,WOCKPHARMA,WSI,WSTCSTPAPR,ZENSARTECH,ZYDUSWELL"
2025-03-31,Nifty500,"AFCONS,SWIGGY,NTPC","WSI,BALAMINES,DELTACORP","3MINDIA,AARTIIND,AAVAS,ABB,ABBOTINDIA,ABCAPITAL,ABREL,ACC,ADANIENSOL,ADANIPOWER,ADVENZYMES,AEGISLOG,AFCONS,AFFLE,AGCNETWO,AIAENG,AKZOINDIA,ALKEM,ALLCARGO,ALTOS,AMBALAL,AMBER,AMBUJACEM,APLAPOLLO,APOLLOHOSP,APOLLOTYRE,APPAPER,APPLE,ARVIND,ASHOKLEY,ASIANPAINT,ASTERDM,ASTRAZENCA,ATGL,ATUL,ATULAUTO,AUBANK,AVANTIFEED,AVERY,AWFIS,AXISBANK,AZAD,BAJAJ,BAJAJ-AUTO,BAJAJHLDNG,BAJFINANCE,BALMLAWRIE,BALRAMCHIN,BANKBARODA,BASF,BATAINDIA,BAYERCROP,BBTC,BDL,BEL,BEML,BERGEPAINT,BHARATFORG,BHARTIARTL,BHEL,BI,BIOCON,BIRLACORPN,BLISSGVS,BLUEDART,BLUESTARCO,BOMDYEING,BOSCH-HCIL,BOSCHLTD,BPCL,BRIGADE,BRITANNIA,BSE,BSOFT,CABLE,CANBK,CANFINHOME,CAPLIN,CARTRADE,CASTROLIND,CCL,CDSL,CEATLTD,CENTRALBK,CENTURYTEX,CERA,CESC,CGCL,CHAMBLFERT,CHEMINOR,CHENNPETRO,CHETTINAD,CHOLAFIN,CHOLAHLDNG,CIPLA,CMC,COALINDIA,COCHINSHIP,COFORGE,COLPAL,CONCOR,CONSOFINVT,COROMANDEL,CREDITACC,CRISIL,CROMPTON,CSBBANK,CUB,CUMMINSIND,CYBERTECH,DABUR,DALMIASUG,DATAPATTNS,DBCORP,DCAL,DCLPOLYE,DCW,DEEPAKFERT,DEEPAKNTR,DEVYANI,DHAMPURSUG,DICIND,DIGJAMLMTD,DLF,DMART,DRREDDY,DSQSOFTW,ECLERX,EICHERMOT,EIDPARRY,EIHOTEL,ELECON,ELGIEQUIP,ELGIRUBCO,ENDURANCE,ENERGY,ENGINERSIN,ERIS,ESABINDIA,ESCORTS,ESSAR,EXCELINDUS,EXIDEIND,FACT,FDC,FEDERALBNK,FINCABLES,FLUOROCHEM,FORTIS,FOSECOIND,FULFORD,GAEL,GAIL,GALAXYSURF,GANESHBE,GARDEN,GESHIP,GHCL,GICRE,GILLETTE,GLAND,GLAXO,GLENMARK,GMDCLTD,GMMPFAUDLR,GNFC,GODFRYPHLP,GODREJAGRO,GODREJCP,GODREJIND,GOKEX,GOODRICKE,GOODYEAR,GPPL,GRANULES,GRAPHITE,GRASIM,GREAVESCOT,GRINDWELL,GSFC,GSPL,GUJALKALI,GUJGASLTD,GVT&D,HAL,HARRMALAYA,HATHWAY,HATSUN,HAVELLS,HCLTECH,HDFC,HDFCAMC,HDFCBANK,HDFCLIFE,HEALTHCARE,HEG,HEIDELBERG,HERBERTS,HERITGFOOD,HEROMOTOCO,HEXT,HIMACHAL,HIMATSEIDE,HINDALCO,HINDCOPPER,HINDPETRO,HINDSYNTEX,HINDUNILVR,HINDZINC,HOGANAS,HONASA,HONAUT,HSCL,HUBTOWN,IBREALEST,IBVENTURES,ICICI,ICICIBANK,ICICIGI,ICICIPRULI,ICRA,IDBI,IDFCFIRSTB,IFBIND,IFCI,IGL,IIFL,INDHOTEL,INDIACEM,INDIAGLYCO,INDIAMART,INDIANB,INDIGO,INDOCO,INDUSINDBK,INDUSTOWER,INFIBEAM,INFY,INTELLECT,IOB,IOC,IONEXCHANG,IPCALAB,IPRINGS,IRCON,IRCTC,ISMT,ITC,ITDC,ITI,ITIETF,ITWSIGNO,JAGRAN,JAICORPLTD,JBCHEPHARM,JBMA,JGCHEM,JINDALPHOT,JINDALSAW,JINDALSTEL,JKCEMENT,JKPAPER,JKTYRE,JSL,JUBLFOOD,JUBLINGRY,KAJARIACER,KANSAINER,KARURVYSYA,KARUTURI,KEI,KINETIC,KMSUGAR,KNRCON,KOHINOOR,KOTAKBANK,KPEL,KPITTECH,KRISHNA,KSB,KTKBANK,KUMARS,LALPATHLAB,LANDMARK,LAOPALA,LAURUSLABS,LEMONTREE,LICHSGFIN,LINDEINDIA,LT,LTF,LTTS,LUPIN,M& M,M&M,MADURA,MAFATIND,MAHABANK,MAHSCOOTER,MAHSEAMLES,MARICO,MARUTI,MASFIN,MASTEK,MATRIX,MCX,MEDPLUS,MERCK,MERIND,METROBRAND,METROPOLIS,MFSL,MGL,MIDHANI,MODIXEROX,MOREPENLAB,MOTHERSON,MPHASIS,MRF,MRPL,NAGARFERT,NAHARPOLY,NAHARSPING,NAM-INDIA,NATCOPHARM,NATIONAL,NATIONALUM,NAVA,NAVINFLUOR,NCC,NESCO,NESTLEIND,NETWEB,NFL,NH,NIACL,NILKAMAL,NIRMA,NITCO,NLCINDIA,NMDC,NTPC,NUVOCO,OFSS,OILCOUNTUB,OLAELEC,OLECTRA,OMAXAUTO,OMAXE,ONELIFECAP,ONGC,ONIDA,ORIENTCEM,ORIENTELEC,PATANJALI,PATNI,PATSPIN,PCBL,PDMJEPAPER,PEL,PENTAFOUR,PENTAMEDIA,PERSISTENT,PETRONET,PFIZER,PGHL,PHILIPS,PHOENIX,PIDILITIND,PNB,POLYCAB,POLYMED,POONAWALLA,PRAJIND,PREMIERENE,PRESTIGE,PRUDENT,PSIDATA,PUNJABCHEM,PUNJTRACT,QUESS,RAASI,RAIN,RAJESHEXPO,RALLIS,RAMCOCEM,RATNAMANI,RAYMOND,RBLBANK,RCF,RECKITT,RECLTD,REIAGRO,RELAXO,RELMEDIA,RITES,ROUTE,RPGTRANS,RSWM,RVNL,SAIL,SANGHI,SANOFI,SAREGAMA,SBICARD,SBILIFE,SCHAEFFLER,SCHENECT,SCHNEIDER,SCI,SCILAL,SESASTERL,SESHAPAPER,SFL,SHOPERSTOP,SHREECEM,SHRIRAMFIN,SHYAMTEL,SIEMENS,SIS,SJVN,SKFINDIA,SKSMICRO,SOLARINDS,SONATSOFTW,SOUTHBANK,SPARC,SPICEJET,SRF,STAR,STARCEMENT,STYROLUT,SULA,SUMICHEM,SUNDARMFIN,SUNDRMFAST,SUNPHARMA,SUPRAJIT,SUPREMEIND,SWIGGY,SWSOLAR,SYMPHONY,SYNGENE,SYRMA,TAKE,TATACOMM,TATACONSUM,TATAELXSI,TATAINVEST,TATAMETAL,TATAMOTORS,TATAPOWER,TATASTEEL,TCIEXP,TCS,TEAMLEASE,THERMAX,THIRU,THYROCARE,TIINDIA,TIMETECHNO,TIMEX,TIMKEN,TITAN,TMCV,TORNTPHARM,TORNTPOWER,TRANSPEK,TRENT,TRIDENT,TTKPRESTIG,TVTODAY,UBL,UCALFUEL,UFLEX,UJJIVAN,ULTRACEMCO,UNIONBANK,UNOMINDA,URBANCO,UTKARSHBNK,VARROC,VARUN,VBL,VENKEYS,VESUVIUS,VISHAL,VMART,VOLTAS,VTL,WELENT,WESTLIFE,WIDIA,WIMCO,WINDMACH,WIPRO,WOCKPHARMA,WSTCSTPAPR,ZENSARTECH,ZYDUSWELL"
2025-09-30,Nifty500,"FIRSTCRY,UNIECOM,ACMESOLAR","LUXIND,HERITGFOOD,PCJEWELLER","3MINDIA,AARTIIND,AAVAS,ABB,ABBOTINDIA,ABCAPITAL,ABREL,ACC,ACMESOLAR,ADANIENSOL,ADANIPOWER,ADVENZYMES,AEGISLOG,AFCONS,AFFLE,AGCNETWO,AIAENG,AKZOINDIA,ALKEM,ALLCARGO,ALTOS,AMBALAL,AMBER,AMBUJACEM,APLAPOLLO,APOLLOHOSP,APOLLOTYRE,APPAPER,APPLE,ARVIND,ASHOKLEY,ASIANPAINT,ASTERDM,ASTRAZENCA,ATGL,ATUL,ATULAUTO,AUBANK,AVANTIFEED,AVERY,AWFIS,AXISBANK,AZAD,BAJAJ,BAJAJ-AUTO,BAJAJHLDNG,BAJFINANCE,BALMLAWRIE,BALRAMCHIN,BANKBARODA,BASF,BATAINDIA,BAYERCROP,BBTC,BDL,BEL,BEML,BERGEPAINT,BHARATFORG,BHARTIARTL,BHEL,BI,BIOCON,BIRLACORPN,BLISSGVS,BLUEDART,BLUESTARCO,BOMDYEING,BOSCH-HCIL,BOSCHLTD,BPCL,BRIGADE,BRITANNIA,BSE,BSOFT,CABLE,CANBK,CANFINHOME,CAPLIN,CARTRADE,CASTROLIND,CCL,CDSL,CEATLTD,CENTRALBK,CENTURYTEX,CERA,CESC,CGCL,CHAMBLFERT,CHEMINOR,CHENNPETRO,CHETTINAD,CHOLAFIN,CHOLAHLDNG,CIPLA,CMC,COALINDIA,COCHINSHIP,COFORGE,COLPAL,CONCOR,CONSOFINVT,COROMANDEL,CREDITACC,CRISIL,CROMPTON,CSBBANK,CUB,CUMMINSIND,CYBERTECH,DABUR,DALMIASUG,DATAPATTNS,DBCORP,DCAL,DCLPOLYE,DEEPAKFERT,DEEPAKNTR,DEVYANI,DHAMPURSUG,DICIND,DIGJAMLMTD,DLF,DMART,DRREDDY,DSQSOFTW,ECLERX,EICHERMOT,EIDPARRY,EIHOTEL,ELECON,ELGIEQUIP,ELGIRUBCO,ENDURANCE,ENERGY,ENGINERSIN,ERIS,ESABINDIA,ESCORTS,ESSAR,EXIDEIND,FACT,FDC,FEDERALBNK,FINCABLES,FIRSTCRY,FLUOROCHEM,FORTIS,FOSECOIND,FULFORD,GAEL,GAIL,GALAXYSURF,GANESHBE,GARDEN,GESHIP,GHCL,GICRE,GILLETTE,GLAND,GLAXO,GLENMARK,GMDCLTD,GMMPFAUDLR,GNFC,GODFRYPHLP,GODREJAGRO,GODREJCP,GODREJIND,GOKEX,GOODRICKE,GOODYEAR,GPPL,GRANULES,GRAPHITE,GRASIM,GREAVESCOT,GRINDWELL,GSFC,GSPL,GUJALKALI,GUJGASLTD,GVT&D,HAL,HARRMALAYA,HATHWAY,HATSUN,HAVELLS,HCLTECH,HDFC,HDFCAMC,HDFCBANK,HDFCLIFE,HEALTHCARE,HEG,HEIDELBERG,HERBERTS,HEROMOTOCO,HEXT,HIMACHAL,HIMATSEIDE,HINDALCO,HINDCOPPER,HINDPETRO,HINDSYNTEX,HINDUNILVR,HINDZINC,HOGANAS,HONASA,HONAUT,HSCL,HUBTOWN,IBREALEST,IBVENTURES,ICICI,ICICIBANK,ICICIGI,ICICIPRULI,ICRA,IDBI,IDFCFIRSTB,IFBIND,IFCI,IGL,IIFL,INDHOTEL,INDIACEM,INDIAGLYCO,INDIAMART,INDIANB,INDIGO,INDOCO,INDUSINDBK,INDUSTOWER,INFIBEAM,INFY,INTELLECT,IOB,IOC,IONEXCHANG,IPCALAB,IPRINGS,IRCON,IRCTC,ISMT,ITC,ITDC,ITI,ITIETF,ITWSIGNO,JAGRAN,JAICORPLTD,JBCHEPHARM,JBMA,JGCHEM,JINDALPHOT,JINDALSAW,JINDALSTEL,JKCEMENT,JKPAPER,JKTYRE,JSL,JUBLFOOD,JUBLINGRY,KAJARIACER,KANSAINER,KARURVYSYA,KARUTURI,KEI,KINETIC,KMSUGAR,KNRCON,KOHINOOR,KOTAKBANK,KPEL,KPITTECH,KRISHNA,KSB,KTKBANK,KUMARS,LALPATHLAB,LANDMARK,LAOPALA,LAURUSLABS,LEMONTREE,LICHSGFIN,LINDEINDIA,LT,LTF,LTTS,LUPIN,M& M,M&M,MADURA,MAFATIND,MAHABANK,MAHSCOOTER,MAHSEAMLES,MARICO,MARUTI,MASFIN,MASTEK,MATRIX,MCX,MEDPLUS,MERCK,MERIND,METROBRAND,METROPOLIS,MFSL,MGL,MIDHANI,MODIXEROX,MOREPENLAB,MOTHERSON,MPHASIS,MRF,MRPL,NAGARFERT,NAHARPOLY,NAHARSPING,NAM-INDIA,NATCOPHARM,NATIONAL,NATIONALUM,NAVA,NAVINFLUOR,NCC,NESCO,NESTLEIND,NETWEB,NFL,NH,NIACL,NILKAMAL,NIRMA,NITCO,NLCINDIA,NMDC,NTPC,NUVOCO,OFSS,OILCOUNTUB,OLAELEC,OLECTRA,OMAXAUTO,OMAXE,ONELIFECAP,ONGC,ONIDA,ORIENTCEM,ORIENTELEC,PATANJALI,PATNI,PATSPIN,PCBL,PDMJEPAPER,PEL,PENTAFOUR,PENTAMEDIA,PERSISTENT,PETRONET,PFIZER,PGHL,PHILIPS,PHOENIX,PIDILITIND,PNB,POLYCAB,POLYMED,POONAWALLA,PRAJIND,PREMIERENE,PRESTIGE,PRUDENT,PSIDATA,PUNJABCHEM,PUNJTRACT,QUESS,RAASI,RAIN,RAJESHEXPO,RALLIS,RAMCOCEM,RATNAMANI,RAYMOND,RBLBANK,RCF,RECKITT,RECLTD,REIAGRO,RELAXO,RELMEDIA,RITES,ROUTE,RPGTRANS,RSWM,RVNL,SAIL,SANGHI,SANOFI,SAREGAMA,SBICARD,SBILIFE,SCHAEFFLER,SCHENECT,SCHNEIDER,SCI,SCILAL,SESASTERL,SESHAPAPER,SFL,SHOPERSTOP,SHREECEM,SHRIRAMFIN,SHYAMTEL,SIEMENS,SIS,SJVN,SKFINDIA,SKSMICRO,SOLARINDS,SONATSOFTW,SOUTHBANK,SPARC,SPICEJET,SRF,STAR,STARCEMENT,STYROLUT,SULA,SUMICHEM,SUNDARMFIN,SUNDRMFAST,SUNPHARMA,SUPRAJIT,SUPREMEIND,SWIGGY,SWSOLAR,SYMPHONY,SYNGENE,SYRMA,TAKE,TATACOMM,TATACONSUM,TATAELXSI,TATAINVEST,TATAMETAL,TATAMOTORS,TATAPOWER,TATASTEEL,TCIEXP,TCS,TEAMLEASE,THERMAX,THIRU,THYROCARE,TIINDIA,TIMETECHNO,TIMEX,TIMKEN,TITAN,TMCV,TORNTPHARM,TORNTPOWER,TRANSPEK,TRENT,TRIDENT,TTKPRESTIG,TVTODAY,UBL,UCALFUEL,UFLEX,UJJIVAN,ULTRACEMCO,UNIECOM,UNIONBANK,UNOMINDA,URBANCO,UTKARSHBNK,VARROC,VARUN,VBL,VENKEYS,VESUVIUS,VISHAL,VMART,VOLTAS,VTL,WELENT,WESTLIFE,WIDIA,WIMCO,WINDMACH,WIPRO,WOCKPHARMA,WSTCSTPAPR,ZENSARTECH,ZYDUSWELL"
2026-03-31,Nifty500,"BLUEJET,ANTHEM,ACUTAAS","METROPOLIS,APLLTD,PRAJIND","3MINDIA,AARTIIND,AAVAS,ABB,ABBOTINDIA,ABCAPITAL,ABREL,ACC,ACMESOLAR,ACUTAAS,ADANIENSOL,ADANIPOWER,ADVENZYMES,AEGISLOG,AFCONS,AFFLE,AGCNETWO,AIAENG,AKZOINDIA,ALKEM,ALLCARGO,ALTOS,AMBALAL,AMBER,AMBUJACEM,ANTHEM,APLAPOLLO,APOLLOHOSP,APOLLOTYRE,APPAPER,APPLE,ARVIND,ASHOKLEY,ASIANPAINT,ASTERDM,ASTRAZENCA,ATGL,ATUL,ATULAUTO,AUBANK,AVANTIFEED,AVERY,AWFIS,AXISBANK,AZAD,BAJAJ,BAJAJ-AUTO,BAJAJHLDNG,BAJFINANCE,BALMLAWRIE,BALRAMCHIN,BANKBARODA,BASF,BATAINDIA,BAYERCROP,BBTC,BDL,BEL,BEML,BERGEPAINT,BHARATFORG,BHARTIARTL,BHEL,BI,BIOCON,BIRLACORPN,BLISSGVS,BLUEDART,BLUEJET,BLUESTARCO,BOMDYEING,BOSCH-HCIL,BOSCHLTD,BPCL,BRIGADE,BRITANNIA,BSE,BSOFT,CABLE,CANBK,CANFINHOME,CAPLIN,CARTRADE,CASTROLIND,CCL,CDSL,CEATLTD,CENTRALBK,CENTURYTEX,CERA,CESC,CGCL,CHAMBLFERT,CHEMINOR,CHENNPETRO,CHETTINAD,CHOLAFIN,CHOLAHLDNG,CIPLA,CMC,COALINDIA,COCHINSHIP,COFORGE,COLPAL,CONCOR,CONSOFINVT,COROMANDEL,CREDITACC,CRISIL,CROMPTON,CSBBANK,CUB,CUMMINSIND,CYBERTECH,DABUR,DALMIASUG,DATAPATTNS,DBCORP,DCAL,DCLPOLYE,DEEPAKFERT,DEEPAKNTR,DEVYANI,DHAMPURSUG,DICIND,DIGJAMLMTD,DLF,DMART,DRREDDY,DSQSOFTW,ECLERX,EICHERMOT,EIDPARRY,EIHOTEL,ELECON,ELGIEQUIP,ELGIRUBCO,ENDURANCE,ENERGY,ENGINERSIN,ERIS,ESABINDIA,ESCORTS,ESSAR,EXIDEIND,FACT,FDC,FEDERALBNK,FINCABLES,FIRSTCRY,FLUOROCHEM,FORTIS,FOSECOIND,FULFORD,GAEL,GAIL,GALAXYSURF,GANESHBE,GARDEN,GESHIP,GHCL,GICRE,GILLETTE,GLAND,GLAXO,GLENMARK,GMDCLTD,GMMPFAUDLR,GNFC,GODFRYPHLP,GODREJAGRO,GODREJCP,GODREJIND,GOKEX,GOODRICKE,GOODYEAR,GPPL,GRANULES,GRAPHITE,GRASIM,GREAVESCOT,GRINDWELL,GSFC,GSPL,GUJALKALI,GUJGASLTD,GVT&D,HAL,HARRMALAYA,HATHWAY,HATSUN,HAVELLS,HCLTECH,HDFC,HDFCAMC,HDFCBANK,HDFCLIFE,HEALTHCARE,HEG,HEIDELBERG,HERBERTS,HEROMOTOCO,HEXT,HIMACHAL,HIMATSEIDE,HINDALCO,HINDCOPPER,HINDPETRO,HINDSYNTEX,HINDUNILVR,HINDZINC,HOGANAS,HONASA,HONAUT,HSCL,HUBTOWN,IBREALEST,IBVENTURES,ICICI,ICICIBANK,ICICIGI,ICICIPRULI,ICRA,IDBI,IDFCFIRSTB,IFBIND,IFCI,IGL,IIFL,INDHOTEL,INDIACEM,INDIAGLYCO,INDIAMART,INDIANB,INDIGO,INDOCO,INDUSINDBK,INDUSTOWER,INFIBEAM,INFY,INTELLECT,IOB,IOC,IONEXCHANG,IPCALAB,IPRINGS,IRCON,IRCTC,ISMT,ITC,ITDC,ITI,ITIETF,ITWSIGNO,JAGRAN,JAICORPLTD,JBCHEPHARM,JBMA,JGCHEM,JINDALPHOT,JINDALSAW,JINDALSTEL,JKCEMENT,JKPAPER,JKTYRE,JSL,JUBLFOOD,JUBLINGRY,KAJARIACER,KANSAINER,KARURVYSYA,KARUTURI,KEI,KINETIC,KMSUGAR,KNRCON,KOHINOOR,KOTAKBANK,KPEL,KPITTECH,KRISHNA,KSB,KTKBANK,KUMARS,LALPATHLAB,LANDMARK,LAOPALA,LAURUSLABS,LEMONTREE,LICHSGFIN,LINDEINDIA,LT,LTF,LTTS,LUPIN,M& M,M&M,MADURA,MAFATIND,MAHABANK,MAHSCOOTER,MAHSEAMLES,MARICO,MARUTI,MASFIN,MASTEK,MATRIX,MCX,MEDPLUS,MERCK,MERIND,METROBRAND,MFSL,MGL,MIDHANI,MODIXEROX,MOREPENLAB,MOTHERSON,MPHASIS,MRF,MRPL,NAGARFERT,NAHARPOLY,NAHARSPING,NAM-INDIA,NATCOPHARM,NATIONAL,NATIONALUM,NAVA,NAVINFLUOR,NCC,NESCO,NESTLEIND,NETWEB,NFL,NH,NIACL,NILKAMAL,NIRMA,NITCO,NLCINDIA,NMDC,NTPC,NUVOCO,OFSS,OILCOUNTUB,OLAELEC,OLECTRA,OMAXAUTO,OMAXE,ONELIFECAP,ONGC,ONIDA,ORIENTCEM,ORIENTELEC,PATANJALI,PATNI,PATSPIN,PCBL,PDMJEPAPER,PEL,PENTAFOUR,PENTAMEDIA,PERSISTENT,PETRONET,PFIZER,PGHL,PHILIPS,PHOENIX,PIDILITIND,PNB,POLYCAB,POLYMED,POONAWALLA,PREMIERENE,PRESTIGE,PRUDENT,PSIDATA,PUNJABCHEM,PUNJTRACT,QUESS,RAASI,RAIN,RAJESHEXPO,RALLIS,RAMCOCEM,RATNAMANI,RAYMOND,RBLBANK,RCF,RECKITT,RECLTD,REIAGRO,RELAXO,RELMEDIA,RITES,ROUTE,RPGTRANS,RSWM,RVNL,SAIL,SANGHI,SANOFI,SAREGAMA,SBICARD,SBILIFE,SCHAEFFLER,SCHENECT,SCHNEIDER,SCI,SCILAL,SESASTERL,SESHAPAPER,SFL,SHOPERSTOP,SHREECEM,SHRIRAMFIN,SHYAMTEL,SIEMENS,SIS,SJVN,SKFINDIA,SKSMICRO,SOLARINDS,SONATSOFTW,SOUTHBANK,SPARC,SPICEJET,SRF,STAR,STARCEMENT,STYROLUT,SULA,SUMICHEM,SUNDARMFIN,SUNDRMFAST,SUNPHARMA,SUPRAJIT,SUPREMEIND,SWIGGY,SWSOLAR,SYMPHONY,SYNGENE,SYRMA,TAKE,TATACOMM,TATACONSUM,TATAELXSI,TATAINVEST,TATAMETAL,TATAMOTORS,TATAPOWER,TATASTEEL,TCIEXP,TCS,TEAMLEASE,THERMAX,THIRU,THYROCARE,TIINDIA,TIMETECHNO,TIMEX,TIMKEN,TITAN,TMCV,TORNTPHARM,TORNTPOWER,TRANSPEK,TRENT,TRIDENT,TTKPRESTIG,TVTODAY,UBL,UCALFUEL,UFLEX,UJJIVAN,ULTRACEMCO,UNIECOM,UNIONBANK,UNOMINDA,URBANCO,UTKARSHBNK,VARROC,VARUN,VBL,VENKEYS,VISHAL,VMART,VOLTAS,VTL,WELENT,WESTLIFE,WIDIA,WIMCO,WINDMACH,WIPRO,WOCKPHARMA,WSTCSTPAPR,ZENSARTECH,ZYDUSWELL"