symbol,date,open,high,low,close,volume
NIFTY_MIDCAP_100.NS,2025-04-07,46966.6015625,49073.44921875,46966.6015625,48809.44921875,0
NIFTY_MIDCAP_100.NS,2025-04-08,49888.1484375,50237.5,49194.0,49838.0,0
NIFTY_MIDCAP_100.NS,2025-04-09,49719.3984375,49744.69921875,48905.75,49582.05078125,0
NIFTY_MIDCAP_100.NS,2025-04-11,50516.0,50641.8984375,50088.6015625,50501.5,0
NIFTY_MIDCAP_100.NS,2025-04-15,51391.8984375,52054.80078125,51100.80078125,51974.44921875,0
NIFTY_MIDCAP_100.NS,2025-04-16,52090.05078125,52371.75,51946.6484375,52345.55078125,0
NIFTY_MIDCAP_100.NS,2025-04-17,52286.3515625,52736.3515625,52061.80078125,52657.80078125,0
NIFTY_MIDCAP_100.NS,2025-04-21,52935.05078125,54025.0,52840.0,53974.44921875,0
NIFTY_MIDCAP_100.NS,2025-04-22,54177.6484375,54635.05078125,53843.8515625,54397.1484375,0
NIFTY_MIDCAP_100.NS,2025-04-23,54777.30078125,55076.25,54069.3984375,55041.1015625,0
NIFTY_MIDCAP_100.NS,2025-04-24,55094.05078125,55223.3515625,54912.8984375,54969.8515625,0
NIFTY_MIDCAP_100.NS,2025-04-25,55080.80078125,55213.8984375,53116.1484375,53570.19921875,0
NIFTY_MIDCAP_100.NS,2025-04-28,53485.30078125,54475.75,53481.19921875,54440.25,0
NIFTY_MIDCAP_100.NS,2025-04-29,54613.69921875,55022.6015625,54461.0,54587.94921875,0
NIFTY_MIDCAP_100.NS,2025-04-30,54642.6015625,54801.3984375,53887.6015625,54124.8984375,0
NIFTY_MIDCAP_100.NS,2025-05-02,54004.94921875,54593.3515625,53563.8984375,53705.1015625,0
NIFTY_MIDCAP_100.NS,2025-05-05,53957.6015625,54717.94921875,53951.94921875,54675.75,0
NIFTY_MIDCAP_100.NS,2025-05-06,54806.3515625,54895.05078125,53343.05078125,53435.8515625,0
NIFTY_MIDCAP_100.NS,2025-05-07,52755.3984375,54329.25,52747.19921875,54287.75,0
NIFTY_MIDCAP_100.NS,2025-05-08,54486.6015625,54646.6484375,52937.0,53229.30078125,0
NIFTY_MIDCAP_100.NS,2025-05-09,52097.30078125,53336.94921875,52093.8984375,53223.3515625,0
NIFTY_MIDCAP_100.NS,2025-05-12,54750.6015625,55442.1015625,54587.6484375,55416.05078125,0
NIFTY_MIDCAP_100.NS,2025-05-13,55495.8984375,55796.5,55265.19921875,55520.69921875,0
NIFTY_MIDCAP_100.NS,2025-05-14,55718.19921875,56197.1484375,55524.0,56136.3984375,0
NIFTY_MIDCAP_100.NS,2025-05-15,56327.6015625,56578.80078125,56053.6484375,56530.8515625,0
NIFTY_MIDCAP_100.NS,2025-05-16,56760.25,57170.1484375,56549.19921875,57060.5,0
NIFTY_MIDCAP_100.NS,2025-05-19,57245.3984375,57451.8984375,56816.75,57105.44921875,0
NIFTY_MIDCAP_100.NS,2025-05-20,57416.19921875,57445.1484375,56095.05078125,56182.6484375,0
NIFTY_MIDCAP_100.NS,2025-05-21,56249.6015625,56727.5,56001.8515625,56619.6015625,0
NIFTY_MIDCAP_100.NS,2025-05-22,56506.6484375,56546.80078125,55972.69921875,56324.8515625,0
NIFTY_MIDCAP_100.NS,2025-05-23,56449.6484375,56782.30078125,56235.3984375,56687.75,0
NIFTY_MIDCAP_100.NS,2025-05-26,56872.94921875,57214.1484375,56854.0,57067.25,0
NIFTY_MIDCAP_100.NS,2025-05-27,57127.1484375,57236.75,56799.1484375,57154.5,0
NIFTY_MIDCAP_100.NS,2025-05-28,57254.44921875,57476.75,57078.0,57141.3984375,0
NIFTY_MIDCAP_100.NS,2025-05-29,57410.5,57547.80078125,57068.0,57457.25,0
NIFTY_MIDCAP_100.NS,2025-05-30,57630.3515625,57779.05078125,57249.80078125,57420.0,0
NIFTY_MIDCAP_100.NS,2025-06-02,57390.05078125,57840.3984375,57197.0,57775.55078125,0
NIFTY_MIDCAP_100.NS,2025-06-03,58025.75,58027.0,57461.55078125,57517.1015625,0
NIFTY_MIDCAP_100.NS,2025-06-04,57655.6484375,57971.05078125,57278.25,57924.6484375,0
NIFTY_MIDCAP_100.NS,2025-06-05,58137.6015625,58376.3515625,58014.5,58303.0,0
NIFTY_MIDCAP_100.NS,2025-06-06,58494.19921875,59072.44921875,58281.80078125,59010.30078125,0
NIFTY_MIDCAP_100.NS,2025-06-09,59388.6015625,59709.75,59322.3515625,59674.94921875,0
NIFTY_MIDCAP_100.NS,2025-06-10,59935.0,59967.8984375,59576.3515625,59681.3984375,0
NIFTY_MIDCAP_100.NS,2025-06-11,59823.3984375,59880.1484375,59127.30078125,59388.1484375,0
NIFTY_MIDCAP_100.NS,2025-06-12,59444.0,59447.75,58344.94921875,58440.8515625,0
NIFTY_MIDCAP_100.NS,2025-06-13,57246.25,58341.8984375,57246.25,58227.44921875,0
NIFTY_MIDCAP_100.NS,2025-06-16,58222.94921875,58806.05078125,57597.1484375,58768.5,0
NIFTY_MIDCAP_100.NS,2025-06-17,58847.6484375,58990.3515625,58302.1484375,58379.30078125,0
NIFTY_MIDCAP_100.NS,2025-06-18,58233.1015625,58590.0,57962.0,58109.19921875,0
NIFTY_MIDCAP_100.NS,2025-06-19,58148.55078125,58173.05078125,57047.44921875,57159.94921875,0
NIFTY_MIDCAP_100.NS,2025-06-20,57162.6484375,58094.1484375,57132.75,57995.5,0
NIFTY_MIDCAP_100.NS,2025-06-23,57607.1015625,58364.1484375,57537.25,58206.80078125,0
NIFTY_MIDCAP_100.NS,2025-06-24,58839.8984375,58913.1484375,58487.69921875,58622.3984375,0
NIFTY_MIDCAP_100.NS,2025-06-25,58856.75,58964.69921875,58707.3984375,58881.69921875,0
NIFTY_MIDCAP_100.NS,2025-06-26,59049.3515625,59255.05078125,58735.25,59227.3984375,0
NIFTY_MIDCAP_100.NS,2025-06-27,59430.1484375,59693.69921875,59336.80078125,59385.1484375,0
NIFTY_MIDCAP_100.NS,2025-06-30,59665.8984375,59796.0,59430.80078125,59741.19921875,0
NIFTY_MIDCAP_100.NS,2025-07-01,59876.3984375,59911.94921875,59435.25,59750.05078125,0
NIFTY_MIDCAP_100.NS,2025-07-02,59795.05078125,59864.75,59361.6015625,59667.25,0
NIFTY_MIDCAP_100.NS,2025-07-03,59798.6015625,59955.5,59613.55078125,59683.25,0
NIFTY_MIDCAP_100.NS,2025-07-04,59782.6015625,59899.69921875,59349.6484375,59677.75,0
NIFTY_MIDCAP_100.NS,2025-07-07,59711.1484375,59758.05078125,59420.44921875,59515.75,0
NIFTY_MIDCAP_100.NS,2025-07-08,59536.75,59669.3515625,58975.75,59415.44921875,0
NIFTY_MIDCAP_100.NS,2025-07-09,59474.94921875,59560.44921875,59239.05078125,59339.6015625,0
NIFTY_MIDCAP_100.NS,2025-07-10,59425.69921875,59493.44921875,58963.05078125,59159.94921875,0
NIFTY_MIDCAP_100.NS,2025-07-11,59104.1484375,59232.94921875,58493.05078125,58642.19921875,0
NIFTY_MIDCAP_100.NS,2025-07-14,58767.3984375,59099.3984375,58493.0,59052.55078125,0
NIFTY_MIDCAP_100.NS,2025-07-15,59172.1484375,59653.30078125,59098.0,59612.6484375,0
NIFTY_MIDCAP_100.NS,2025-07-16,59706.94921875,59787.69921875,59502.30078125,59620.6484375,0
NIFTY_MIDCAP_100.NS,2025-07-17,59775.30078125,59790.8515625,59453.1484375,59519.1015625,0
NIFTY_MIDCAP_100.NS,2025-07-18,59564.8515625,59659.69921875,59002.5,59104.5,0
NIFTY_MIDCAP_100.NS,2025-07-21,59107.19921875,59538.80078125,58847.1484375,59468.3515625,0
NIFTY_MIDCAP_100.NS,2025-07-22,59658.25,59667.3515625,59039.6015625,59103.3984375,0
NIFTY_MIDCAP_100.NS,2025-07-23,59209.19921875,59331.44921875,58813.69921875,59307.1015625,0
NIFTY_MIDCAP_100.NS,2025-07-24,59301.3515625,59311.05078125,58832.55078125,58960.69921875,0
NIFTY_MIDCAP_100.NS,2025-07-25,58806.19921875,58892.6484375,57907.44921875,58009.44921875,0
NIFTY_MIDCAP_100.NS,2025-07-28,57912.8984375,58446.8984375,57409.6484375,57519.3515625,0
NIFTY_MIDCAP_100.NS,2025-07-29,57414.3515625,58059.19921875,57350.80078125,57984.8515625,0
NIFTY_MIDCAP_100.NS,2025-07-30,58069.6484375,58070.6015625,57700.44921875,57942.25,0
NIFTY_MIDCAP_100.NS,2025-07-31,57234.75,57772.80078125,57093.1015625,57400.55078125,0
NIFTY_MIDCAP_100.NS,2025-08-01,57420.6015625,57515.75,56548.25,56637.1484375,0
NIFTY_MIDCAP_100.NS,2025-08-04,56655.8515625,57468.44921875,56557.6015625,57432.3515625,0
NIFTY_MIDCAP_100.NS,2025-08-05,57445.25,57526.3515625,56962.05078125,57206.8515625,0
NIFTY_MIDCAP_100.NS,2025-08-06,57326.94921875,57331.19921875,56483.75,56749.75,0
NIFTY_MIDCAP_100.NS,2025-08-07,56444.8984375,57034.75,55950.25,56938.30078125,0
NIFTY_MIDCAP_100.NS,2025-08-08,57094.94921875,57096.19921875,55918.69921875,56002.19921875,0
NIFTY_MIDCAP_100.NS,2025-08-11,55981.30078125,56562.69921875,55792.8515625,56479.0,0
NIFTY_MIDCAP_100.NS,2025-08-12,56542.8515625,56675.25,56286.30078125,56324.8515625,0
NIFTY_MIDCAP_100.NS,2025-08-13,56565.19921875,56813.05078125,56474.80078125,56681.5,0
NIFTY_MIDCAP_100.NS,2025-08-14,56843.3515625,56928.30078125,56370.80078125,56504.25,0
NIFTY_MIDCAP_100.NS,2025-08-18,57105.8984375,57451.5,57037.1484375,57113.1484375,0
NIFTY_MIDCAP_100.NS,2025-08-19,57250.6484375,57697.5,56923.1484375,57664.6484375,0
NIFTY_MIDCAP_100.NS,2025-08-20,57684.44921875,58009.5,57529.25,57930.5,0
NIFTY_MIDCAP_100.NS,2025-08-21,58112.19921875,58204.25,57681.69921875,57708.94921875,0
NIFTY_MIDCAP_100.NS,2025-08-22,57759.1015625,57868.6484375,57577.6484375,57629.75,0
NIFTY_MIDCAP_100.NS,2025-08-25,57847.44921875,57955.3515625,57667.3515625,57701.5,0
NIFTY_MIDCAP_100.NS,2025-08-26,57508.25,57585.75,56670.8515625,56766.19921875,0
NIFTY_MIDCAP_100.NS,2025-08-28,56812.30078125,56812.30078125,55998.6015625,56047.5,0
NIFTY_MIDCAP_100.NS,2025-08-29,56012.0,56348.3515625,55660.3515625,55727.3984375,0
NIFTY_MIDCAP_100.NS,2025-09-01,55903.5,56858.75,55895.25,56825.5,0
NIFTY_MIDCAP_100.NS,2025-09-02,57007.05078125,57260.05078125,56640.19921875,56977.3984375,0
NIFTY_MIDCAP_100.NS,2025-09-03,57070.19921875,57386.0,56944.25,57345.5,0
NIFTY_MIDCAP_100.NS,2025-09-04,57970.6015625,57970.6015625,56886.80078125,56959.1484375,0
NIFTY_MIDCAP_100.NS,2025-09-05,57132.6484375,57416.6015625,56724.6015625,57075.19921875,0
NIFTY_MIDCAP_100.NS,2025-09-08,57266.8984375,57645.30078125,57110.80078125,57361.1484375,15000
NIFTY_MIDCAP_100.NS,2025-09-09,57491.94921875,57554.8515625,57230.8984375,57464.3515625,0
NIFTY_MIDCAP_100.NS,2025-09-10,57757.80078125,58069.05078125,57729.8984375,57999.55078125,0
NIFTY_MIDCAP_100.NS,2025-09-11,58093.55078125,58219.25,57919.75,58043.55078125,0
NIFTY_MIDCAP_100.NS,2025-09-12,58251.8515625,58327.69921875,58138.44921875,58227.19921875,0
NIFTY_MIDCAP_100.NS,2025-09-15,58339.30078125,58547.69921875,58259.3515625,58486.1015625,0
NIFTY_MIDCAP_100.NS,2025-09-16,58582.55078125,58838.25,58427.94921875,58799.55078125,0
NIFTY_MIDCAP_100.NS,2025-09-17,58987.05078125,59066.44921875,58695.6015625,58848.55078125,0
NIFTY_MIDCAP_100.NS,2025-09-18,59051.30078125,59117.3984375,58725.44921875,59073.19921875,0
NIFTY_MIDCAP_100.NS,2025-09-19,59124.05078125,59247.19921875,59051.19921875,59094.3515625,0
NIFTY_MIDCAP_100.NS,2025-09-22,58977.8984375,59174.8984375,58546.94921875,58699.5,0
NIFTY_MIDCAP_100.NS,2025-09-23,58777.94921875,58845.55078125,58293.3515625,58496.6015625,0
NIFTY_MIDCAP_100.NS,2025-09-24,58484.19921875,58547.1015625,57879.8984375,57924.44921875,0
NIFTY_MIDCAP_100.NS,2025-09-25,57947.44921875,58195.5,57471.6015625,57555.8984375,0
NIFTY_MIDCAP_100.NS,2025-09-26,57450.6015625,57505.05078125,56327.3984375,56378.55078125,0
NIFTY_MIDCAP_100.NS,2025-09-29,56576.05078125,56907.0,56339.3984375,56533.1484375,0
NIFTY_MIDCAP_100.NS,2025-09-30,56713.69921875,56788.75,56195.94921875,56529.30078125,0
NIFTY_MIDCAP_100.NS,2025-10-01,56592.6484375,57072.44921875,56418.0,57029.69921875,0
NIFTY_MIDCAP_100.NS,2025-10-03,57122.0,57545.6015625,57004.94921875,57503.3515625,0
NIFTY_MIDCAP_100.NS,2025-10-06,57561.05078125,58042.8515625,57442.5,58015.1015625,0
NIFTY_MIDCAP_100.NS,2025-10-07,58115.94921875,58315.8984375,57988.55078125,58289.3984375,0
NIFTY_MIDCAP_100.NS,2025-10-08,58287.3515625,58417.94921875,57795.1015625,57866.75,0
NIFTY_MIDCAP_100.NS,2025-10-09,57994.69921875,58460.6484375,57919.69921875,58429.8515625,0
NIFTY_MIDCAP_100.NS,2025-10-10,58500.6484375,58843.3984375,58383.94921875,58697.3984375,0
NIFTY_MIDCAP_100.NS,2025-10-13,58514.8515625,58806.8984375,58323.25,58762.3515625,0
NIFTY_MIDCAP_100.NS,2025-10-14,58952.69921875,59045.1015625,58223.0,58324.3984375,0
NIFTY_MIDCAP_100.NS,2025-10-15,58498.3984375,59068.25,58461.6015625,58970.0,0
NIFTY_MIDCAP_100.NS,2025-10-16,59142.3515625,59321.8984375,58966.6015625,59241.1484375,0
NIFTY_MIDCAP_100.NS,2025-10-17,59262.30078125,59293.1015625,58725.6015625,58902.25,0
NIFTY_MIDCAP_100.NS,2025-10-20,59161.1484375,59465.25,59123.19921875,59344.5,0
NIFTY_MIDCAP_100.NS,2025-10-21,59595.3515625,59642.30078125,59325.5,59409.55078125,0
NIFTY_MIDCAP_100.NS,2025-10-23,59661.3984375,59817.25,59276.1484375,59371.25,0
NIFTY_MIDCAP_100.NS,2025-10-24,59485.3984375,59667.69921875,59078.80078125,59231.19921875,0
NIFTY_MIDCAP_100.NS,2025-10-27,59449.25,59811.69921875,59365.75,59780.1484375,0
NIFTY_MIDCAP_100.NS,2025-10-28,59880.75,59922.1015625,59515.75,59765.3515625,0
NIFTY_MIDCAP_100.NS,2025-10-29,59839.55078125,60216.55078125,59672.75,60149.05078125,0
NIFTY_MIDCAP_100.NS,2025-10-30,60291.5,60293.3515625,59828.5,60096.25,0
NIFTY_MIDCAP_100.NS,2025-10-31,60173.8515625,60329.80078125,59779.19921875,59825.8984375,0
NIFTY_MIDCAP_100.NS,2025-11-03,59887.05078125,60400.5,59821.25,60287.3984375,0
NIFTY_MIDCAP_100.NS,2025-11-04,60351.55078125,60361.69921875,59961.75,60037.19921875,0
NIFTY_MIDCAP_100.NS,2025-11-06,60106.55078125,60144.25,59403.1015625,59468.6015625,0
NIFTY_MIDCAP_100.NS,2025-11-07,59285.80078125,59918.6484375,58807.30078125,59843.1484375,0
NIFTY_MIDCAP_100.NS,2025-11-10,59970.3984375,60308.75,59881.3984375,60124.25,0
NIFTY_MIDCAP_100.NS,2025-11-11,60247.3515625,60459.8515625,59812.05078125,60427.0,0
NIFTY_MIDCAP_100.NS,2025-11-12,60704.69921875,61011.0,60641.25,60902.30078125,0
NIFTY_MIDCAP_100.NS,2025-11-13,60955.3984375,61131.8515625,60623.0,60692.05078125,0
NIFTY_MIDCAP_100.NS,2025-11-14,60708.75,60973.30078125,60489.1015625,60739.19921875,0
NIFTY_MIDCAP_100.NS,2025-11-17,60970.1015625,61211.05078125,60865.80078125,61180.5,0
NIFTY_MIDCAP_100.NS,2025-11-18,61217.94921875,61220.25,60767.30078125,60822.0,0
NIFTY_MIDCAP_100.NS,2025-11-19,60834.6015625,61044.25,60645.44921875,60949.05078125,0
NIFTY_MIDCAP_100.NS,2025-11-20,61172.69921875,61205.0,60893.3984375,60963.55078125,0
NIFTY_MIDCAP_100.NS,2025-11-21,60911.30078125,60918.05078125,60222.25,60276.30078125,0
NIFTY_MIDCAP_100.NS,2025-11-24,60338.25,60445.1015625,59968.55078125,60081.6015625,0
NIFTY_MIDCAP_100.NS,2025-11-25,60104.3515625,60358.94921875,59953.69921875,60298.0,0
NIFTY_MIDCAP_100.NS,2025-11-26,60439.30078125,61098.8515625,60306.3515625,61061.69921875,0
NIFTY_MIDCAP_100.NS,2025-11-27,61216.8515625,61229.80078125,60866.30078125,61113.1484375,0
NIFTY_MIDCAP_100.NS,2025-11-28,61190.05078125,61208.30078125,60953.5,61043.25,0
NIFTY_MIDCAP_100.NS,2025-12-01,61250.8515625,61311.25,60863.8984375,61043.3984375,0
NIFTY_MIDCAP_100.NS,2025-12-02,61070.5,61255.0,60764.6484375,60910.44921875,0
NIFTY_MIDCAP_100.NS,2025-12-03,60942.19921875,60984.44921875,60176.8515625,60315.6484375,0
NIFTY_MIDCAP_100.NS,2025-12-04,60368.44921875,60618.94921875,60208.8515625,60299.80078125,0
NIFTY_MIDCAP_100.NS,2025-12-05,60279.25,60646.80078125,60056.0,60594.6015625,0
NIFTY_MIDCAP_100.NS,2025-12-08,60595.6015625,60673.1015625,59217.94921875,59488.1015625,0
NIFTY_MIDCAP_100.NS,2025-12-09,59315.3984375,59751.94921875,58545.3984375,59676.19921875,0
NIFTY_MIDCAP_100.NS,2025-12-10,59770.30078125,59965.3984375,58907.5,59007.75,0
NIFTY_MIDCAP_100.NS,2025-12-11,59018.30078125,59641.1015625,58889.25,59578.05078125,0
NIFTY_MIDCAP_100.NS,2025-12-12,59769.8984375,60331.80078125,59718.94921875,60283.30078125,0
NIFTY_MIDCAP_100.NS,2025-12-15,60209.8515625,60250.25,59812.6484375,60212.80078125,0
NIFTY_MIDCAP_100.NS,2025-12-16,60155.19921875,60157.19921875,59565.8984375,59710.80078125,0
NIFTY_MIDCAP_100.NS,2025-12-17,59698.75,59889.8984375,59242.30078125,59388.8515625,0
NIFTY_MIDCAP_100.NS,2025-12-18,59423.25,59703.6484375,58962.44921875,59592.1484375,0
NIFTY_MIDCAP_100.NS,2025-12-19,59718.6015625,60383.1484375,59632.5,60310.1484375,0
NIFTY_MIDCAP_100.NS,2025-12-22,60490.94921875,60866.19921875,60368.55078125,60815.25,0
NIFTY_MIDCAP_100.NS,2025-12-23,60895.25,60913.6484375,60569.30078125,60816.1015625,0
NIFTY_MIDCAP_100.NS,2025-12-24,60876.30078125,61029.55078125,60406.6484375,60451.3515625,0
NIFTY_MIDCAP_100.NS,2025-12-26,60426.8984375,60758.1484375,60256.8984375,60314.44921875,0
NIFTY_MIDCAP_100.NS,2025-12-29,60397.5,60495.25,59932.6484375,60001.30078125,0
NIFTY_MIDCAP_100.NS,2025-12-30,59980.3515625,60046.8515625,59733.75,59914.25,0
NIFTY_MIDCAP_100.NS,2025-12-31,60081.6484375,60718.25,60078.8515625,60484.5,0
NIFTY_MIDCAP_100.NS,2026-01-02,60913.1015625,61398.3984375,60809.19921875,61365.8984375,0
NIFTY_MIDCAP_100.NS,2026-01-05,61516.3984375,61520.6015625,60970.55078125,61265.69921875,0
NIFTY_MIDCAP_100.NS,2026-01-06,61347.5,61393.30078125,60866.30078125,61148.55078125,0
NIFTY_MIDCAP_100.NS,2026-01-07,61178.55078125,61548.8515625,61082.69921875,61424.69921875,0
NIFTY_MIDCAP_100.NS,2026-01-08,61415.55078125,61437.25,60144.94921875,60222.55078125,0
NIFTY_MIDCAP_100.NS,2026-01-09,60194.05078125,60562.3515625,59500.55078125,59748.1484375,0
NIFTY_MIDCAP_100.NS,2026-01-12,59768.3515625,59845.1484375,58827.8984375,59717.1015625,0
NIFTY_MIDCAP_100.NS,2026-01-13,59942.5,60109.75,59071.5,59597.80078125,0
NIFTY_MIDCAP_100.NS,2026-01-14,59498.69921875,59889.25,59350.1484375,59770.5,0
NIFTY_MIDCAP_100.NS,2026-01-16,59850.94921875,60327.8984375,59715.05078125,59867.80078125,0
NIFTY_MIDCAP_100.NS,2026-01-19,59739.55078125,59938.69921875,59480.30078125,59647.6484375,0
NIFTY_MIDCAP_100.NS,2026-01-20,59626.3984375,59634.6015625,57898.6484375,58085.3515625,0
NIFTY_MIDCAP_100.NS,2026-01-21,57900.75,58239.30078125,56681.1015625,57423.6484375,0
NIFTY_MIDCAP_100.NS,2026-01-22,57962.6015625,58568.94921875,57755.75,58191.30078125,0
NIFTY_MIDCAP_100.NS,2026-01-23,58410.3515625,58416.19921875,57048.8984375,57145.6484375,0
NIFTY_MIDCAP_100.NS,2026-01-27,57358.8515625,57663.5,56671.3984375,57483.6484375,0
NIFTY_MIDCAP_100.NS,2026-01-28,57714.8984375,58508.94921875,57678.55078125,58438.6015625,0
NIFTY_MIDCAP_100.NS,2026-01-29,58574.30078125,58614.8984375,58006.3984375,58541.0,0
NIFTY_MIDCAP_100.NS,2026-01-30,58151.6015625,58628.8515625,57769.44921875,58432.0,0
NIFTY_MIDCAP_100.NS,2026-02-02,57128.6015625,57826.8515625,56381.3515625,57667.6015625,0
NIFTY_MIDCAP_100.NS,2026-02-03,60026.80078125,60456.80078125,59034.69921875,59307.1015625,0
NIFTY_MIDCAP_100.NS,2026-02-04,59242.05078125,59769.5,58794.3515625,59683.6015625,0
NIFTY_MIDCAP_100.NS,2026-02-05,59662.5,59672.30078125,59069.6484375,59517.1015625,0
NIFTY_MIDCAP_100.NS,2026-02-06,59400.75,59573.6015625,58757.80078125,59502.69921875,0
NIFTY_MIDCAP_100.NS,2026-02-09,59896.19921875,60498.05078125,59767.55078125,60441.1484375,0
NIFTY_MIDCAP_100.NS,2026-02-10,60723.0,60819.69921875,60442.3984375,60735.8984375,0
NIFTY_MIDCAP_100.NS,2026-02-11,60812.1015625,60815.19921875,60431.6484375,60754.55078125,0
NIFTY_MIDCAP_100.NS,2026-02-12,60695.80078125,60699.55078125,60194.1015625,60470.8515625,0
NIFTY_MIDCAP_100.NS,2026-02-13,59978.44921875,59981.0,59194.25,59438.0,0
NIFTY_MIDCAP_100.NS,2026-02-16,59166.75,59770.44921875,58917.30078125,59723.0,0
NIFTY_MIDCAP_100.NS,2026-02-17,59713.55078125,59951.3984375,59543.69921875,59881.69921875,0
NIFTY_MIDCAP_100.NS,2026-02-18,59984.30078125,60227.30078125,59807.30078125,60183.19921875,0
NIFTY_MIDCAP_100.NS,2026-02-19,60278.44921875,60341.69921875,59038.80078125,59227.6484375,0
NIFTY_MIDCAP_100.NS,2026-02-20,59087.75,59690.5,58989.75,59513.94921875,0
NIFTY_MIDCAP_100.NS,2026-02-23,59612.80078125,59698.5,59014.30078125,59255.6484375,0
NIFTY_MIDCAP_100.NS,2026-02-24,59091.44921875,59199.3515625,58489.1484375,59066.3515625,0
NIFTY_MIDCAP_100.NS,2026-02-25,59280.0,59528.1484375,59051.6015625,59406.1015625,0
NIFTY_MIDCAP_100.NS,2026-02-26,59542.55078125,59879.55078125,59404.75,59798.1484375,0
NIFTY_MIDCAP_100.NS,2026-02-27,59746.3984375,59774.8984375,59014.1015625,59115.6015625,0
NIFTY_MIDCAP_100.NS,2026-03-02,57090.80078125,58814.3515625,57074.75,58180.5,0
NIFTY_MIDCAP_100.NS,2026-03-04,57339.25,57399.0,56505.30078125,56925.1484375,0
NIFTY_MIDCAP_100.NS,2026-03-05,57330.6015625,57946.44921875,57014.69921875,57792.55078125,0
NIFTY_MIDCAP_100.NS,2026-03-06,57692.1484375,58104.5,57336.55078125,57393.3515625,0
NIFTY_MIDCAP_100.NS,2026-03-09,56328.80078125,56362.80078125,55341.69921875,56265.5,0
NIFTY_MIDCAP_100.NS,2026-03-10,56993.69921875,57341.75,56573.30078125,57177.6484375,0
NIFTY_MIDCAP_100.NS,2026-03-11,57335.19921875,57656.8984375,56363.3984375,56461.1015625,0
NIFTY_MIDCAP_100.NS,2026-03-12,56142.5,56684.30078125,55378.6484375,56253.75,0
NIFTY_MIDCAP_100.NS,2026-03-13,55997.1484375,56140.55078125,54633.6015625,54761.1015625,0
NIFTY_MIDCAP_100.NS,2026-03-16,54652.55078125,55013.30078125,53712.55078125,54614.94921875,0
NIFTY_MIDCAP_100.NS,2026-03-17,54880.80078125,55304.69921875,54446.05078125,55174.3984375,0
NIFTY_MIDCAP_100.NS,2026-03-18,55289.1015625,56497.80078125,55253.30078125,56289.8515625,0
NIFTY_MIDCAP_100.NS,2026-03-19,55391.19921875,55419.8515625,54253.69921875,54492.30078125,0
NIFTY_MIDCAP_100.NS,2026-03-20,54903.3515625,55560.3515625,54768.55078125,54855.5,0
NIFTY_MIDCAP_100.NS,2026-03-23,54242.3984375,54242.3984375,52573.55078125,52717.55078125,0
NIFTY_MIDCAP_100.NS,2026-03-24,53878.30078125,54315.94921875,52958.80078125,54087.0,0
NIFTY_MIDCAP_100.NS,2026-03-25,54633.5,55688.5,54591.1484375,55331.05078125,0
NIFTY_MIDCAP_100.NS,2026-03-27,54997.3515625,55014.3984375,53991.55078125,54097.80078125,0
NIFTY_MIDCAP_100.NS,2026-03-30,53383.44921875,53555.6015625,52554.44921875,52650.0,0
NIFTY_MIDCAP_100.NS,2026-04-01,54075.44921875,54519.6015625,53582.94921875,53819.1484375,0
NIFTY_MIDCAP_100.NS,2026-04-02,53167.25,53804.25,52032.8515625,53677.05078125,0
NIFTY_MIDCAP_100.NS,2026-04-06,53757.94921875,54554.44921875,53068.55078125,54492.6484375,0
NIFTY_MIDCAP_100.NS,2026-04-07,54218.8984375,54667.8515625,53656.44921875,54600.55078125,0
NIFTY_MIDCAP_100.NS,2026-04-08,56441.6484375,56891.75,56209.80078125,56799.5,0
NIFTY_MIDCAP_100.NS,2026-04-09,56832.1484375,57294.0,56341.1484375,56978.75,0
NIFTY_MIDCAP_100.NS,2026-04-10,57315.6015625,57885.75,57168.19921875,57843.94921875,0
NIFTY_MIDCAP_100.NS,2026-04-13,56676.3984375,57743.0,56289.5,57513.30078125,0
NIFTY_MIDCAP_100.NS,2026-04-15,58463.8984375,58850.25,58378.3515625,58777.75,0
NIFTY_MIDCAP_100.NS,2026-04-16,59252.94921875,59443.5,58621.94921875,59146.75,0
NIFTY_MIDCAP_100.NS,2026-04-17,59275.25,59961.6484375,59057.5,59898.19921875,0
NIFTY_MIDCAP_100.NS,2026-04-20,60034.0,60261.1015625,59420.69921875,59790.75,0
NIFTY_MIDCAP_100.NS,2026-04-21,59933.1015625,60338.0,59895.80078125,60086.69921875,0
NIFTY_MIDCAP_100.NS,2026-04-22,59989.6015625,60380.75,59885.0,60201.6015625,0
NIFTY_MIDCAP_100.NS,2026-04-23,60050.1015625,60300.94921875,59817.80078125,59952.80078125,0
NIFTY_MIDCAP_100.NS,2026-04-24,60049.5,60213.6484375,59070.1015625,59374.80078125,0
NIFTY_MIDCAP_100.NS,2026-04-27,59686.6015625,60372.75,59643.69921875,60248.3515625,0
NIFTY_MIDCAP_100.NS,2026-04-28,60317.8984375,60611.1484375,60233.3984375,60419.3984375,0
NIFTY_MIDCAP_100.NS,2026-04-29,60766.44921875,60965.69921875,60274.6015625,60376.8984375,0
NIFTY_MIDCAP_100.NS,2026-04-30,60148.8984375,60156.44921875,59323.0,59784.8515625,0
NIFTY_MIDCAP_100.NS,2026-05-04,60235.5,60563.94921875,59787.6015625,60159.75,0
NIFTY_MIDCAP_100.NS,2026-05-05,60165.75,60347.8984375,59878.3515625,60264.5,0
NIFTY_MIDCAP_100.NS,2026-05-06,60925.94921875,61389.1484375,60759.69921875,61326.69921875,0
NIFTY_MIDCAP_100.NS,2026-05-07,61658.8984375,62094.3984375,61441.1484375,62003.1484375,0
NIFTY_MIDCAP_100.NS,2026-05-08,62039.1484375,62113.8515625,61766.3515625,61910.8984375,0
NIFTY_MIDCAP_100.NS,2026-05-11,61630.30078125,61686.5,61035.05078125,61258.3984375,0
NIFTY_MIDCAP_100.NS,2026-05-12,61171.44921875,61325.3515625,59625.6484375,59704.6484375,0
NIFTY_MIDCAP_100.NS,2026-05-13,59761.3984375,60607.6484375,59560.6484375,60164.6484375,0
NIFTY_MIDCAP_100.NS,2026-05-14,60501.05078125,60940.0,59903.0,60839.69921875,0
NIFTY_MIDCAP_100.NS,2026-05-15,61033.8515625,61047.1484375,60473.05078125,60567.1484375,0
NIFTY_MIDCAP_100.NS,2026-05-18,60183.8984375,60545.1484375,59457.6484375,60473.80078125,0
NIFTY_MIDCAP_100.NS,2026-05-19,60643.5,61409.3515625,60640.94921875,61022.0,0
NIFTY_MIDCAP_100.NS,2026-05-20,60643.1015625,61401.6015625,60478.3984375,61323.30078125,0
NIFTY_MIDCAP_100.NS,2026-05-21,61772.6015625,61894.55078125,61180.3984375,61300.6015625,0
NIFTY_MIDCAP_100.NS,2026-05-22,61490.25,61501.80078125,61094.6015625,61389.30078125,0
NIFTY_MIDCAP_100.NS,2026-05-25,61952.44921875,62034.69921875,61777.0,61966.6015625,0
NIFTY_MIDCAP_100.NS,2026-05-26,62037.25,62365.25,61875.8515625,62298.8984375,0
NIFTY_MIDCAP_100.NS,2026-05-27,62392.94921875,62704.1015625,62357.80078125,62558.8515625,0
NIFTY_MIDCAP_100.NS,2026-05-29,62861.19921875,62907.5,61581.80078125,61723.80078125,0
NIFTY_MIDCAP_100.NS,2026-06-01,61978.19921875,62062.0,60735.8515625,60827.94921875,0
NIFTY_MIDCAP_100.NS,2026-06-02,60479.3515625,61018.55078125,60170.3515625,60942.0,0
NIFTY_MIDCAP_100.NS,2026-06-03,60929.1015625,60964.80078125,59938.80078125,60687.19921875,0
NIFTY_MIDCAP_100.NS,2026-06-04,60568.69921875,61273.94921875,60379.6015625,60966.6484375,0
NIFTY_MIDCAP_100.NS,2026-06-05,61179.0,61359.1484375,60508.1484375,60754.8984375,0
NIFTY_MIDCAP_100.NS,2026-06-08,59976.19921875,60569.8515625,59648.8515625,59905.6484375,0
NIFTY_MIDCAP_100.NS,2026-06-09,60265.1015625,60796.6015625,60221.6015625,60715.44921875,0
NIFTY_MIDCAP_100.NS,2026-06-10,60783.8515625,60813.44921875,59680.3515625,59810.19921875,0
NIFTY_MIDCAP_100.NS,2026-06-11,59546.25,59763.6484375,59217.1484375,59325.3984375,0
NIFTY_MIDCAP_100.NS,2026-06-12,60115.8515625,60829.1484375,59833.80078125,60768.1015625,0
NIFTY_MIDCAP_100.NS,2026-06-15,61734.05078125,61886.44921875,61446.75,61549.6484375,0
NIFTY_MIDCAP_100.NS,2026-06-16,61783.0,61838.0,61408.1484375,61802.05078125,0
NIFTY_MIDCAP_100.NS,2026-06-17,61960.75,62152.1484375,61811.69921875,62123.3515625,0
NIFTY_MIDCAP_100.NS,2026-06-18,62266.3984375,62421.94921875,62100.0,62379.25,0
NIFTY_MIDCAP_100.NS,2026-06-19,62092.19921875,62583.44921875,61947.25,62517.30078125,0
NIFTY_MIDCAP_100.NS,2026-06-22,62784.69921875,62875.6015625,62569.1015625,62729.1015625,0
NIFTY_MIDCAP_100.NS,2026-06-23,62817.44921875,62909.55078125,61986.8515625,62070.3515625,0
NIFTY_MIDCAP_100.NS,2026-06-24,62049.94921875,62336.3984375,61646.80078125,62135.25,0
NIFTY_MIDCAP_100.NS,2026-06-25,62404.5,62536.3515625,61714.80078125,61795.5,0
NIFTY_MIDCAP_100.NS,2026-06-29,61758.3984375,61890.55078125,61198.69921875,61567.30078125,0
NIFTY_MIDCAP_100.NS,2026-06-30,61709.94921875,62052.6015625,61398.3515625,61797.69921875,0
NIFTY_MIDCAP_100.NS,2026-07-01,61935.3515625,62138.5,61838.3984375,62008.80078125,0
NIFTY_MIDCAP_100.NS,2026-07-02,62238.1484375,62421.0,62127.5,62307.8984375,0
NIFTY_MIDCAP_100.NS,2026-07-03,62556.25,62556.55078125,62136.5,62190.30078125,0
SML100CASE.NS,2025-09-15,10.208499908447266,10.208499908447266,10.208499908447266,10.208499908447266,0
SML100CASE.NS,2025-09-16,10.305500030517578,10.305500030517578,10.305500030517578,10.305500030517578,0
SML100CASE.NS,2025-09-17,10.37720012664795,10.37720012664795,10.37720012664795,10.37720012664795,0
SML100CASE.NS,2025-09-18,10.40779972076416,10.40779972076416,10.40779972076416,10.40779972076416,0
SML100CASE.NS,2025-09-19,10.423500061035156,10.423500061035156,10.423500061035156,10.423500061035156,0
SML100CASE.NS,2025-09-22,10.300600051879883,10.300600051879883,10.300600051879883,10.300600051879883,0
SML100CASE.NS,2025-09-23,10.245800018310547,10.245800018310547,10.245800018310547,10.245800018310547,0
SML100CASE.NS,2025-09-24,10.177000045776367,10.177000045776367,10.177000045776367,10.177000045776367,0
SML100CASE.NS,2025-09-25,10.119199752807617,10.119199752807617,10.119199752807617,10.119199752807617,0
SML100CASE.NS,2025-09-26,9.891200065612793,9.891200065612793,9.891200065612793,9.891200065612793,0
SML100CASE.NS,2025-09-29,9.880800247192383,9.880800247192383,9.880800247192383,9.880800247192383,0
SML100CASE.NS,2025-09-30,9.89009952545166,9.89009952545166,9.89009952545166,9.89009952545166,0
SML100CASE.NS,2025-10-01,9.99839973449707,9.99839973449707,9.99839973449707,9.99839973449707,0
SML100CASE.NS,2025-10-03,10.067899703979492,10.067899703979492,10.067899703979492,10.067899703979492,0
SML100CASE.NS,2025-10-06,10.095399856567383,10.095399856567383,10.095399856567383,10.095399856567383,0
SML100CASE.NS,2025-10-07,10.126399993896484,10.126399993896484,10.126399993896484,10.126399993896484,0
SML100CASE.NS,2025-10-08,10.074199676513672,10.074199676513672,10.074199676513672,10.074199676513672,0
SML100CASE.NS,2025-10-09,10.136099815368652,10.136099815368652,10.136099815368652,10.136099815368652,0
SML100CASE.NS,2025-10-10,10.211000442504883,10.211000442504883,10.211000442504883,10.211000442504883,0
SML100CASE.NS,2025-10-13,10.193300247192383,10.193300247192383,10.193300247192383,10.193300247192383,0
SML100CASE.NS,2025-10-14,10.102100372314453,10.102100372314453,10.102100372314453,10.102100372314453,0
SML100CASE.NS,2025-10-15,10.18529987335205,10.18529987335205,10.18529987335205,10.18529987335205,0
SML100CASE.NS,2025-10-16,10.209699630737305,10.209699630737305,10.209699630737305,10.209699630737305,0
SML100CASE.NS,2025-10-17,10.20419979095459,10.20419979095459,10.20419979095459,10.20419979095459,0
SML100CASE.NS,2025-10-20,10.251500129699707,10.251500129699707,10.251500129699707,10.251500129699707,0
SML100CASE.NS,2025-10-23,10.299599647521973,10.299599647521973,10.299599647521973,10.299599647521973,0
SML100CASE.NS,2025-10-27,10.365400314331055,10.365400314331055,10.365400314331055,10.365400314331055,0
SML100CASE.NS,2025-10-28,10.3681001663208,10.3681001663208,10.3681001663208,10.3681001663208,0
SML100CASE.NS,2025-10-29,10.413399696350098,10.413399696350098,10.413399696350098,10.413399696350098,0
SML100CASE.NS,2025-10-30,10.403400421142578,10.403400421142578,10.403400421142578,10.403400421142578,0
SML100CASE.NS,2025-10-31,10.353699684143066,10.353699684143066,10.353699684143066,10.353699684143066,0
SML100CASE.NS,2025-11-03,10.42870044708252,10.42870044708252,10.42870044708252,10.42870044708252,0
SML100CASE.NS,2025-11-04,10.342700004577637,10.342700004577637,10.342700004577637,10.342700004577637,0
SML100CASE.NS,2025-11-06,10.199000358581543,10.199000358581543,10.199000358581543,10.199000358581543,0
SML100CASE.NS,2025-11-07,10.184399604797363,10.184399604797363,10.184399604797363,10.184399604797363,0
SML100CASE.NS,2025-11-10,10.220100402832031,10.220100402832031,10.220100402832031,10.220100402832031,0
SML100CASE.NS,2025-11-11,10.201499938964844,10.201499938964844,10.201499938964844,10.201499938964844,0
SML100CASE.NS,2025-11-12,10.285599708557129,10.285599708557129,10.285599708557129,10.285599708557129,0
SML100CASE.NS,2025-11-13,10.249300003051758,10.249300003051758,10.249300003051758,10.249300003051758,0
SML100CASE.NS,2025-11-14,10.288100242614746,10.288100242614746,10.288100242614746,10.288100242614746,0
SML100CASE.NS,2025-11-17,10.34220027923584,10.34220027923584,10.34220027923584,10.34220027923584,0
SML100CASE.NS,2025-11-18,10.23390007019043,10.23390007019043,10.23390007019043,10.23390007019043,0
SML100CASE.NS,2025-11-19,10.189900398254395,10.189900398254395,10.189900398254395,10.189900398254395,0
SML100CASE.NS,2025-11-20,10.18529987335205,10.18529987335205,10.18529987335205,10.18529987335205,0
SML100CASE.NS,2025-11-21,10.061599731445312,10.061599731445312,10.061599731445312,10.061599731445312,0
SML100CASE.NS,2025-11-24,9.977299690246582,9.977299690246582,9.977299690246582,9.977299690246582,0
SML100CASE.NS,2025-11-25,9.996700286865234,9.996700286865234,9.996700286865234,9.996700286865234,0
SML100CASE.NS,2025-11-26,10.133000373840332,10.133000373840332,10.133000373840332,10.133000373840332,0
SML100CASE.NS,2025-11-27,10.079500198364258,10.079500198364258,10.079500198364258,10.079500198364258,0
SML100CASE.NS,2025-11-28,10.053000450134277,10.053000450134277,10.053000450134277,10.053000450134277,0
SML100CASE.NS,2025-12-01,10.079500198364258,10.079500198364258,10.079500198364258,10.079500198364258,0
SML100CASE.NS,2025-12-02,10.024200439453125,10.024200439453125,10.024200439453125,10.024200439453125,0
SML100CASE.NS,2025-12-03,9.952699661254883,9.952699661254883,9.952699661254883,9.952699661254883,0
SML100CASE.NS,2025-12-04,9.929400444030762,9.929400444030762,9.929400444030762,9.929400444030762,0
SML100CASE.NS,2025-12-05,9.873000144958496,9.873000144958496,9.873000144958496,9.873000144958496,0
SML100CASE.NS,2025-12-08,9.616100311279297,9.616100311279297,9.616100311279297,9.616100311279297,0
SML100CASE.NS,2025-12-09,9.72719955444336,9.72719955444336,9.72719955444336,9.72719955444336,0
SML100CASE.NS,2025-12-10,9.639200210571289,9.639200210571289,9.639200210571289,9.639200210571289,0
SML100CASE.NS,2025-12-11,9.717300415039062,9.717300415039062,9.717300415039062,9.717300415039062,0
SML100CASE.NS,2025-12-12,9.809300422668457,9.809300422668457,9.809300422668457,9.809300422668457,0
SML100CASE.NS,2025-12-15,9.829400062561035,9.829400062561035,9.829400062561035,9.829400062561035,0
SML100CASE.NS,2025-12-16,9.73900032043457,9.73900032043457,9.73900032043457,9.73900032043457,0
SML100CASE.NS,2025-12-17,9.6673002243042,9.6673002243042,9.6673002243042,9.6673002243042,0
SML100CASE.NS,2025-12-18,9.67959976196289,9.67959976196289,9.67959976196289,9.67959976196289,0
SML100CASE.NS,2025-12-19,9.809499740600586,9.809499740600586,9.809499740600586,9.809499740600586,0
SML100CASE.NS,2025-12-22,9.924200057983398,9.924200057983398,9.924200057983398,9.924200057983398,0
SML100CASE.NS,2025-12-23,9.961400032043457,9.961400032043457,9.961400032043457,9.961400032043457,0
SML100CASE.NS,2025-12-24,9.989800453186035,9.989800453186035,9.989800453186035,9.989800453186035,0
SML100CASE.NS,2025-12-26,9.982600212097168,9.982600212097168,9.982600212097168,9.982600212097168,0
SML100CASE.NS,2025-12-29,9.910499572753906,9.910499572753906,9.910499572753906,9.910499572753906,0
SML100CASE.NS,2025-12-30,9.882800102233887,9.882800102233887,9.882800102233887,9.882800102233887,0
SML100CASE.NS,2025-12-31,9.992799758911133,9.992799758911133,9.992799758911133,9.992799758911133,0
SML100CASE.NS,2026-01-01,9.987700462341309,9.987700462341309,9.987700462341309,9.987700462341309,0
SML100CASE.NS,2026-01-02,10.059300422668457,10.059300422668457,10.059300422668457,10.059300422668457,0
SML100CASE.NS,2026-01-05,10.112600326538086,10.112600326538086,10.112600326538086,10.112600326538086,0
SML100CASE.NS,2026-01-06,10.090900421142578,10.090900421142578,10.090900421142578,10.090900421142578,0
SML100CASE.NS,2026-01-07,10.130800247192383,10.130800247192383,10.130800247192383,10.130800247192383,0
SML100CASE.NS,2026-01-08,9.929200172424316,9.929200172424316,9.929200172424316,9.929200172424316,0
SML100CASE.NS,2026-01-09,9.749699592590332,9.749699592590332,9.749699592590332,9.749699592590332,0
SML100CASE.NS,2026-01-12,9.704899787902832,9.704899787902832,9.704899787902832,9.704899787902832,0
SML100CASE.NS,2026-01-13,9.762900352478027,9.762900352478027,9.762900352478027,9.762900352478027,0
SML100CASE.NS,2026-01-14,9.82800006866455,9.82800006866455,9.82800006866455,9.82800006866455,0
SML100CASE.NS,2026-01-16,9.800800323486328,9.800800323486328,9.800800323486328,9.800800323486328,0
SML100CASE.NS,2026-01-19,9.704700469970703,9.704700469970703,9.704700469970703,9.704700469970703,0
SML100CASE.NS,2026-01-20,9.428600311279297,9.428600311279297,9.428600311279297,9.428600311279297,0
SML100CASE.NS,2026-01-21,9.345600128173828,9.345600128173828,9.345600128173828,9.345600128173828,0
SML100CASE.NS,2026-01-22,9.41670036315918,9.41670036315918,9.41670036315918,9.41670036315918,0
SML100CASE.NS,2026-01-23,9.233599662780762,9.233599662780762,9.233599662780762,9.233599662780762,0
SML100CASE.NS,2026-01-27,9.272000312805176,9.272000312805176,9.272000312805176,9.272000312805176,0
SML100CASE.NS,2026-01-28,9.48169994354248,9.48169994354248,9.48169994354248,9.48169994354248,0
SML100CASE.NS,2026-01-29,9.502300262451172,9.502300262451172,9.502300262451172,9.502300262451172,0
SML100CASE.NS,2026-01-30,9.53950023651123,9.53950023651123,9.53950023651123,9.53950023651123,0
SML100CASE.NS,2026-02-02,9.339400291442871,9.339400291442871,9.339400291442871,9.339400291442871,0
SML100CASE.NS,2026-02-03,9.602499961853027,9.602499961853027,9.602499961853027,9.602499961853027,0
SML100CASE.NS,2026-02-04,9.726499557495117,9.726499557495117,9.726499557495117,9.726499557495117,0
SML100CASE.NS,2026-02-05,9.601900100708008,9.601900100708008,9.601900100708008,9.601900100708008,0
SML100CASE.NS,2026-02-06,9.576600074768066,9.576600074768066,9.576600074768066,9.576600074768066,0
SML100CASE.NS,2026-02-09,9.829500198364258,9.829500198364258,9.829500198364258,9.829500198364258,0
SML100CASE.NS,2026-02-10,9.866499900817871,9.866499900817871,9.866499900817871,9.866499900817871,0
SML100CASE.NS,2026-02-11,9.869600296020508,9.869600296020508,9.869600296020508,9.869600296020508,0
SML100CASE.NS,2026-02-12,9.807100296020508,9.807100296020508,9.807100296020508,9.807100296020508,0
SML100CASE.NS,2026-02-13,9.632699966430664,9.632699966430664,9.632699966430664,9.632699966430664,0
SML100CASE.NS,2026-02-16,9.642999649047852,9.642999649047852,9.642999649047852,9.642999649047852,0
SML100CASE.NS,2026-02-17,9.697699546813965,9.697699546813965,9.697699546813965,9.697699546813965,0
SML100CASE.NS,2026-02-18,9.750100135803223,9.750100135803223,9.750100135803223,9.750100135803223,0
SML100CASE.NS,2026-02-19,9.626500129699707,9.626500129699707,9.626500129699707,9.626500129699707,0
SML100CASE.NS,2026-02-20,9.617899894714355,9.617899894714355,9.617899894714355,9.617899894714355,0
SML100CASE.NS,2026-02-23,9.646100044250488,9.646100044250488,9.646100044250488,9.646100044250488,0
SML100CASE.NS,2026-02-24,9.593500137329102,9.593500137329102,9.593500137329102,9.593500137329102,0
SML100CASE.NS,2026-02-25,9.684200286865234,9.684200286865234,9.684200286865234,9.684200286865234,0
SML100CASE.NS,2026-02-26,9.683699607849121,9.683699607849121,9.683699607849121,9.683699607849121,0
SML100CASE.NS,2026-02-27,9.577099800109863,9.577099800109863,9.577099800109863,9.577099800109863,0
SML100CASE.NS,2026-03-02,9.40999984741211,9.40999984741211,9.40999984741211,9.40999984741211,0
SML100CASE.NS,2026-03-04,9.211700439453125,9.211700439453125,9.211700439453125,9.211700439453125,0
SML100CASE.NS,2026-03-05,9.357000350952148,9.357000350952148,9.357000350952148,9.357000350952148,0
SML100CASE.NS,2026-03-06,9.334400177001953,9.334400177001953,9.334400177001953,9.334400177001953,0
SML100CASE.NS,2026-03-09,9.127099990844727,9.127099990844727,9.127099990844727,9.127099990844727,0
SML100CASE.NS,2026-03-10,9.321100234985352,9.321100234985352,9.321100234985352,9.321100234985352,0
SML100CASE.NS,2026-03-11,9.288000106811523,9.288000106811523,9.288000106811523,9.288000106811523,0
SML100CASE.NS,2026-03-12,9.225899696350098,9.225899696350098,9.225899696350098,9.225899696350098,0
SML100CASE.NS,2026-03-13,8.994199752807617,8.994199752807617,8.994199752807617,8.994199752807617,0
SML100CASE.NS,2026-03-16,8.946100234985352,8.946100234985352,8.946100234985352,8.946100234985352,0
SML100CASE.NS,2026-03-17,9.004199981689453,9.004199981689453,9.004199981689453,9.004199981689453,0
SML100CASE.NS,2026-03-18,9.154500007629395,9.154500007629395,9.154500007629395,9.154500007629395,0
SML100CASE.NS,2026-03-19,8.885899543762207,8.885899543762207,8.885899543762207,8.885899543762207,0
SML100CASE.NS,2026-03-20,8.894399642944336,8.894399642944336,8.894399642944336,8.894399642944336,0
SML100CASE.NS,2026-03-23,8.544699668884277,8.544699668884277,8.544699668884277,8.544699668884277,0
SML100CASE.NS,2026-03-24,8.768899917602539,8.768899917602539,8.768899917602539,8.768899917602539,0
SML100CASE.NS,2026-03-25,8.99590015411377,8.99590015411377,8.99590015411377,8.99590015411377,0
SML100CASE.NS,2026-03-27,8.838399887084961,8.838399887084961,8.838399887084961,8.838399887084961,0
SML100CASE.NS,2026-03-30,8.60319995880127,8.60319995880127,8.60319995880127,8.60319995880127,0
SML100CASE.NS,2026-04-01,8.88949966430664,8.88949966430664,8.88949966430664,8.88949966430664,0
SML100CASE.NS,2026-04-02,8.856900215148926,8.856900215148926,8.856900215148926,8.856900215148926,0
SML100CASE.NS,2026-04-06,8.971599578857422,8.971599578857422,8.971599578857422,8.971599578857422,0
SML100CASE.NS,2026-04-07,8.96619987487793,8.96619987487793,8.96619987487793,8.96619987487793,0
SML100CASE.NS,2026-04-08,9.359299659729004,9.359299659729004,9.359299659729004,9.359299659729004,0
SML100CASE.NS,2026-04-09,9.375200271606445,9.375200271606445,9.375200271606445,9.375200271606445,0
SML100CASE.NS,2026-04-10,9.530400276184082,9.530400276184082,9.530400276184082,9.530400276184082,0
SML100CASE.NS,2026-04-13,9.486900329589844,9.486900329589844,9.486900329589844,9.486900329589844,0
SML100CASE.NS,2026-04-15,9.710399627685547,9.710399627685547,9.710399627685547,9.710399627685547,0
SML100CASE.NS,2026-04-16,9.796899795532227,9.796899795532227,9.796899795532227,9.796899795532227,0
SML100CASE.NS,2026-04-17,9.942299842834473,9.942299842834473,9.942299842834473,9.942299842834473,0
SML100CASE.NS,2026-04-20,9.898300170898438,9.898300170898438,9.898300170898438,9.898300170898438,0
SML100CASE.NS,2026-04-21,9.986000061035156,9.986000061035156,9.986000061035156,9.986000061035156,0
SML100CASE.NS,2026-04-22,10.098699569702148,10.098699569702148,10.098699569702148,10.098699569702148,0
SML100CASE.NS,2026-04-23,10.031100273132324,10.031100273132324,10.031100273132324,10.031100273132324,0
SML100CASE.NS,2026-04-24,9.9443998336792,9.9443998336792,9.9443998336792,9.9443998336792,0
SML100CASE.NS,2026-04-27,10.133899688720703,10.133899688720703,10.133899688720703,10.133899688720703,0
SML100CASE.NS,2026-04-28,10.176899909973145,10.176899909973145,10.176899909973145,10.176899909973145,0
SML100CASE.NS,2026-04-29,10.243599891662598,10.243599891662598,10.243599891662598,10.243599891662598,0
SML100CASE.NS,2026-04-30,10.399999618530273,10.399999618530273,10.079999923706055,10.210000038146973,1213056
SML100CASE.NS,2026-05-01,10.210000038146973,10.210000038146973,10.210000038146973,10.210000038146973,0
SML100CASE.NS,2026-05-04,10.520000457763672,10.520000457763672,10.0,10.25,2321165
SML100CASE.NS,2026-05-05,10.5,10.5,10.25,10.270000457763672,1502333
SML100CASE.NS,2026-05-06,10.449999809265137,10.520000457763672,10.319999694824219,10.489999771118164,2295369
SML100CASE.NS,2026-05-07,11.0,11.0,10.479999542236328,10.569999694824219,3182655
SML100CASE.NS,2026-05-08,10.699999809265137,10.699999809265137,10.5600004196167,10.59000015258789,2152316
SML100CASE.NS,2026-05-11,10.649999618530273,11.739999771118164,10.380000114440918,10.539999961853027,2260390
SML100CASE.NS,2026-05-12,10.75,10.75,10.140000343322754,10.170000076293945,4474011
SML100CASE.NS,2026-05-13,10.539999961853027,10.539999961853027,10.149999618530273,10.1899995803833,1501178
SML100CASE.NS,2026-05-14,10.279999732971191,10.279999732971191,10.069999694824219,10.180000305175781,1275420
SML100CASE.NS,2026-05-15,10.300000190734863,10.300000190734863,10.09000015258789,10.119999885559082,1490787
SML100CASE.NS,2026-05-18,10.170000076293945,10.239999771118164,9.850000381469727,10.050000190734863,2470106
SML100CASE.NS,2026-05-19,10.25,10.300000190734863,9.850000381469727,10.079999923706055,884455
SML100CASE.NS,2026-05-20,9.880000114440918,10.289999961853027,9.859999656677246,10.130000114440918,855824
SML100CASE.NS,2026-05-21,10.399999618530273,10.399999618530273,10.140000343322754,10.199999809265137,609205
SML100CASE.NS,2026-05-22,10.270000457763672,10.399999618530273,10.149999618530273,10.180000305175781,682517
SML100CASE.NS,2026-05-25,10.489999771118164,10.9399995803833,9.800000190734863,10.329999923706055,1213349
SML100CASE.NS,2026-05-26,10.640000343322754,10.640000343322754,10.260000228881836,10.329999923706055,908671
SML100CASE.NS,2026-05-27,10.539999961853027,11.079999923706055,10.329999923706055,10.380000114440918,891976
SML100CASE.NS,2026-05-28,10.380000114440918,10.380000114440918,10.380000114440918,10.380000114440918,0
SML100CASE.NS,2026-05-29,10.6899995803833,11.0,10.25,10.279999732971191,1126786
SML100CASE.NS,2026-06-01,10.59000015258789,10.850000381469727,10.100000381469727,10.199999809265137,1243975
SML100CASE.NS,2026-06-02,10.850000381469727,10.850000381469727,10.069999694824219,10.220000267028809,1333926
SML100CASE.NS,2026-06-03,10.279999732971191,10.279999732971191,10.0600004196167,10.210000038146973,1006094
SML100CASE.NS,2026-06-04,10.289999961853027,10.300000190734863,10.15999984741211,10.279999732971191,622295
SML100CASE.NS,2026-06-05,10.4399995803833,10.4399995803833,10.069999694824219,10.239999771118164,2141951
SML100CASE.NS,2026-06-08,10.550000190734863,10.550000190734863,9.960000038146973,10.050000190734863,1735274
SML100CASE.NS,2026-06-09,10.350000381469727,10.350000381469727,10.0600004196167,10.220000267028809,601309
SML100CASE.NS,2026-06-10,10.449999809265137,10.449999809265137,10.069999694824219,10.100000381469727,513752
SML100CASE.NS,2026-06-11,10.300000190734863,10.300000190734863,10.0,10.029999732971191,497238
SML100CASE.NS,2026-06-12,10.229999542236328,10.34000015258789,10.09000015258789,10.319999694824219,1618540
SML100CASE.NS,2026-06-15,10.579999923706055,11.09000015258789,10.319999694824219,10.449999809265137,2331180
SML100CASE.NS,2026-06-16,10.65999984741211,10.680000305175781,10.40999984741211,10.470000267028809,1610517
SML100CASE.NS,2026-06-17,10.609999656677246,10.609999656677246,10.479999542236328,10.529999732971191,1332341
SML100CASE.NS,2026-06-18,10.789999961853027,10.789999961853027,10.399999618530273,10.600000381469727,1042988
SML100CASE.NS,2026-06-19,10.670000076293945,10.699999809265137,10.460000038146973,10.640000343322754,952912
SML100CASE.NS,2026-06-22,10.640000343322754,10.970000267028809,10.399999618530273,10.720000267028809,1440651
SML100CASE.NS,2026-06-23,11.039999961853027,11.039999961853027,10.5,10.630000114440918,1191733
SML100CASE.NS,2026-06-24,10.84000015258789,10.84000015258789,10.399999618530273,10.680000305175781,4193691
SML100CASE.NS,2026-06-25,10.6899995803833,10.890000343322754,10.59000015258789,10.619999885559082,3587203
SML100CASE.NS,2026-06-26,10.619999885559082,10.619999885559082,10.619999885559082,10.619999885559082,0
SML100CASE.NS,2026-06-29,10.880000114440918,10.9399995803833,10.40999984741211,10.569999694824219,1093318
SML100CASE.NS,2026-06-30,10.760000228881836,10.770000457763672,10.5,10.729999542236328,2444167
SML100CASE.NS,2026-07-01,10.949999809265137,10.949999809265137,10.699999809265137,10.720000267028809,1330220
SML100CASE.NS,2026-07-02,10.800000190734863,10.899999618530273,10.630000114440918,10.859999656677246,922504
SML100CASE.NS,2026-07-03,11.079999923706055,11.1899995803833,10.8100004196167,10.880000114440918,1790364
^CNXIT,2025-04-07,31307.94921875,32835.1015625,30918.94921875,32668.80078125,56200
^CNXIT,2025-04-08,33232.3984375,33742.8515625,32859.05078125,33244.3984375,42300
^CNXIT,2025-04-09,32710.25,32762.30078125,32200.25,32517.349609375,41900
^CNXIT,2025-04-11,32926.6484375,33210.80078125,32526.0,32740.849609375,41400
^CNXIT,2025-04-15,33504.1484375,33520.6484375,32932.94921875,33275.30078125,31500
^CNXIT,2025-04-16,33215.94921875,33387.44921875,32867.94921875,33295.5,35800
^CNXIT,2025-04-17,32832.6484375,33471.55078125,32470.94921875,33372.3515625,82800
^CNXIT,2025-04-21,33299.6015625,34528.55078125,33283.8515625,34135.05078125,100
^CNXIT,2025-04-22,34075.6015625,34130.30078125,33789.1484375,33941.05078125,37700
^CNXIT,2025-04-23,34700.1015625,35522.75,34648.44921875,35414.6484375,71800
^CNXIT,2025-04-24,35463.6015625,35572.0,35197.30078125,35307.1015625,43600
^CNXIT,2025-04-25,35487.30078125,35941.44921875,35068.1484375,35562.25,46200
^CNXIT,2025-04-28,35541.55078125,35679.3515625,35089.75,35482.94921875,29000
^CNXIT,2025-04-29,35565.75,36157.19921875,35416.8984375,35920.3984375,33700
^CNXIT,2025-04-30,35913.69921875,36206.55078125,35440.80078125,35794.94921875,32300
^CNXIT,2025-05-02,35868.5,36300.6015625,35637.3984375,35891.8515625,31300
^CNXIT,2025-05-05,36042.6015625,36352.3984375,35949.3515625,35991.25,21200
^CNXIT,2025-05-06,36129.30078125,36314.19921875,35778.80078125,35869.19921875,21800
^CNXIT,2025-05-07,35479.1015625,36042.25,35440.6484375,35920.30078125,24900
^CNXIT,2025-05-08,35960.94921875,36240.25,35832.80078125,36002.44921875,30700
^CNXIT,2025-05-09,35490.8984375,35929.30078125,35488.3984375,35880.1015625,22100
^CNXIT,2025-05-12,36656.6484375,38356.1015625,36600.75,38282.55078125,43200
^CNXIT,2025-05-13,38326.3984375,38326.3984375,37304.94921875,37354.6015625,36600
^CNXIT,2025-05-14,37480.6015625,37913.80078125,37379.1484375,37853.55078125,22000
^CNXIT,2025-05-15,37929.1015625,38377.3515625,37456.75,38293.80078125,37300
^CNXIT,2025-05-16,38351.8984375,38351.8984375,37814.8984375,37972.3515625,18000
^CNXIT,2025-05-19,37845.6015625,37917.19921875,37429.6015625,37477.80078125,21700
^CNXIT,2025-05-20,37722.19921875,38019.05078125,37234.19921875,37283.5,25400
^CNXIT,2025-05-21,37418.25,37618.8984375,37112.6015625,37540.1015625,14600
^CNXIT,2025-05-22,37246.25,37316.30078125,36868.55078125,37050.1484375,25400
^CNXIT,2025-05-23,37108.69921875,37826.3984375,37062.80078125,37403.55078125,17900
^CNXIT,2025-05-26,37491.1015625,37819.6484375,37442.8515625,37785.8984375,10600
^CNXIT,2025-05-27,37777.8984375,37798.69921875,37323.30078125,37501.44921875,22400
^CNXIT,2025-05-28,37751.3984375,37777.5,37440.69921875,37465.75,14900
^CNXIT,2025-05-29,37762.1484375,38121.3984375,37585.05078125,37754.1484375,29700
^CNXIT,2025-05-30,37646.3984375,37665.44921875,37241.25,37321.75,39500
^CNXIT,2025-06-02,37147.8515625,37172.6015625,36770.1484375,37061.8515625,19000
^CNXIT,2025-06-03,37199.6484375,37367.3515625,36740.55078125,36814.8984375,24300
^CNXIT,2025-06-04,36831.30078125,37088.5,36762.80078125,36938.1015625,20100
^CNXIT,2025-06-05,37034.44921875,37408.25,36886.25,37107.94921875,23500
^CNXIT,2025-06-06,37134.1484375,37356.30078125,36910.94921875,37294.8515625,15100
^CNXIT,2025-06-09,37522.5,37786.25,37445.30078125,37669.19921875,18600
^CNXIT,2025-06-10,37871.6015625,38567.75,37825.1484375,38300.0,37600
^CNXIT,2025-06-11,38355.5,38834.75,38215.0,38784.30078125,42400
^CNXIT,2025-06-12,38732.94921875,38891.05078125,38227.25,38460.30078125,38400
^CNXIT,2025-06-13,37769.5,38687.55078125,37722.19921875,38469.25,24700
^CNXIT,2025-06-16,38440.8515625,39258.3984375,38369.05078125,39073.05078125,25400
^CNXIT,2025-06-17,39123.0,39499.1484375,38977.94921875,39356.1015625,24100
^CNXIT,2025-06-18,39220.3515625,39572.5,38963.80078125,39030.8984375,18500
^CNXIT,2025-06-19,38945.3515625,38966.80078125,38429.3984375,38664.94921875,30200
^CNXIT,2025-06-20,38674.19921875,39041.05078125,38454.05078125,38991.44921875,34000
^CNXIT,2025-06-23,38642.1484375,38646.5,38278.69921875,38414.1015625,21900
^CNXIT,2025-06-24,38852.6484375,38936.55078125,38380.0,38417.94921875,25900
^CNXIT,2025-06-25,38635.0,39109.25,38605.5,39046.30078125,20000
^CNXIT,2025-06-26,38996.6484375,39103.3515625,38760.1484375,38996.25,27500
^CNXIT,2025-06-27,39125.75,39357.75,38707.1484375,38822.94921875,39100
^CNXIT,2025-06-30,38945.8515625,39011.94921875,38652.30078125,38950.0,21000
^CNXIT,2025-07-01,39004.6484375,39282.94921875,38725.25,38833.1484375,17400
^CNXIT,2025-07-02,39080.30078125,39519.5,38738.8515625,38879.1015625,27500
^CNXIT,2025-07-03,39009.8515625,39203.69921875,38803.75,38854.30078125,22500
^CNXIT,2025-07-04,38968.1015625,39191.8984375,38784.3984375,39166.55078125,16200
^CNXIT,2025-07-07,39146.1484375,39176.6484375,38799.69921875,38866.94921875,14500
^CNXIT,2025-07-08,38837.0,39238.19921875,38732.55078125,38983.25,18500
^CNXIT,2025-07-09,38986.80078125,38999.75,38540.6484375,38680.8515625,24200
^CNXIT,2025-07-10,38713.80078125,38715.19921875,38197.3515625,38376.6484375,22300
^CNXIT,2025-07-11,37702.55078125,37990.80078125,37558.1015625,37693.25,40700
^CNXIT,2025-07-14,37643.3515625,37664.19921875,37016.1015625,37273.69921875,30900
^CNXIT,2025-07-15,37077.0,37664.8984375,37048.94921875,37424.6015625,38900
^CNXIT,2025-07-16,37325.69921875,37758.5,37258.05078125,37660.75,30700
^CNXIT,2025-07-17,37552.8515625,37666.55078125,37060.69921875,37138.55078125,32600
^CNXIT,2025-07-18,37366.69921875,37419.6015625,36951.8515625,37141.8984375,49800
^CNXIT,2025-07-21,37109.80078125,37164.8515625,36780.05078125,37031.75,25900
^CNXIT,2025-07-22,36963.6484375,37121.0,36827.3984375,36858.8984375,24800
^CNXIT,2025-07-23,36958.30078125,37086.6015625,36745.19921875,36951.5,25700
^CNXIT,2025-07-24,36949.30078125,36974.05078125,36097.6484375,36135.80078125,48500
^CNXIT,2025-07-25,35998.0,36271.1015625,35531.6484375,35623.75,34100
^CNXIT,2025-07-28,35521.69921875,35566.55078125,35049.8984375,35370.05078125,28700
^CNXIT,2025-07-29,35270.8984375,35438.75,35101.5,35373.25,37000
^CNXIT,2025-07-30,35453.05078125,35531.55078125,35258.0,35481.69921875,20900
^CNXIT,2025-07-31,35218.8515625,35589.0,34999.25,35301.6484375,25100
^CNXIT,2025-08-01,35118.6015625,35166.3984375,34586.8984375,34649.6015625,24500
^CNXIT,2025-08-04,34558.69921875,35219.8515625,34324.8515625,35203.3515625,23000
^CNXIT,2025-08-05,35196.75,35196.75,34854.30078125,35034.5,27900
^CNXIT,2025-08-06,34957.94921875,34990.3515625,34347.44921875,34426.25,25900
^CNXIT,2025-08-07,34284.94921875,34808.05078125,34224.55078125,34726.80078125,25200
^CNXIT,2025-08-08,34603.0,34643.75,34350.8515625,34398.5,30100
^CNXIT,2025-08-11,34367.25,34624.3984375,34228.0,34544.6484375,17400
^CNXIT,2025-08-12,34589.8515625,35072.5,34561.30078125,34674.30078125,29700
^CNXIT,2025-08-13,34756.6484375,34842.1484375,34552.8515625,34692.94921875,24700
^CNXIT,2025-08-14,34732.25,35332.19921875,34732.25,34833.19921875,37800
^CNXIT,2025-08-18,35152.69921875,35158.69921875,34514.0,34634.94921875,21900
^CNXIT,2025-08-19,34618.8515625,34825.30078125,34549.05078125,34756.69921875,16700
^CNXIT,2025-08-20,34647.19921875,35773.6484375,34647.19921875,35690.05078125,41800
^CNXIT,2025-08-21,35918.80078125,35922.55078125,35461.44921875,35723.8984375,24200
^CNXIT,2025-08-22,35735.44921875,35767.1484375,35415.3984375,35440.8515625,27600
^CNXIT,2025-08-25,35795.5,36445.30078125,35795.5,36280.1015625,39100
^CNXIT,2025-08-26,36106.80078125,36324.30078125,35998.94921875,36063.19921875,46100
^CNXIT,2025-08-28,36017.1484375,36018.94921875,35444.19921875,35488.80078125,22800
^CNXIT,2025-08-29,35491.6015625,35575.19921875,35130.3515625,35181.25,28100
^CNXIT,2025-09-01,35255.30078125,35787.69921875,35255.30078125,35740.6484375,14500
^CNXIT,2025-09-02,35767.0,36061.1015625,35541.19921875,35737.8984375,16900
^CNXIT,2025-09-03,35807.94921875,35832.0,35293.1015625,35474.94921875,15400
^CNXIT,2025-09-04,35580.6015625,35599.30078125,35093.3984375,35143.1015625,17400
^CNXIT,2025-09-05,35234.75,35331.5,34343.3984375,34635.8515625,23500
^CNXIT,2025-09-08,34744.8984375,34912.8515625,34259.3984375,34310.44921875,19600
^CNXIT,2025-09-09,34773.05078125,35304.8515625,34770.3515625,35255.94921875,35900
^CNXIT,2025-09-10,35428.8984375,36255.19921875,35426.6015625,36183.80078125,36500
^CNXIT,2025-09-11,36265.94921875,36278.19921875,35829.8515625,36003.5,22600
^CNXIT,2025-09-12,36331.44921875,36356.6484375,36025.30078125,36110.75,24600
^CNXIT,2025-09-15,36139.69921875,36151.44921875,35686.1484375,35902.19921875,15700
^CNXIT,2025-09-16,35962.30078125,36274.0,35860.5,36212.1484375,23600
^CNXIT,2025-09-17,36326.30078125,36608.8984375,36253.8984375,36447.1484375,22100
^CNXIT,2025-09-18,36801.5,37064.94921875,36631.05078125,36750.25,31300
^CNXIT,2025-09-19,36765.5,36821.19921875,36369.94921875,36578.25,37200
^CNXIT,2025-09-22,35437.8984375,35781.6015625,35145.1015625,35500.1484375,51000
^CNXIT,2025-09-23,35477.6015625,35642.69921875,35177.3515625,35249.1015625,29900
^CNXIT,2025-09-24,35104.05078125,35193.30078125,34857.69921875,34994.30078125,23600
^CNXIT,2025-09-25,34914.0,35092.3984375,34460.30078125,34548.30078125,29200
^CNXIT,2025-09-26,34399.19921875,34477.30078125,33636.55078125,33702.0,37000
^CNXIT,2025-09-29,33900.6015625,33970.05078125,33606.44921875,33693.1015625,31900
^CNXIT,2025-09-30,33789.69921875,33922.6015625,33634.30078125,33655.1015625,28800
^CNXIT,2025-10-01,33702.8515625,34016.6015625,33432.1015625,33905.19921875,24200
^CNXIT,2025-10-03,33921.1015625,33992.1484375,33763.1015625,33949.75,28900
^CNXIT,2025-10-06,33961.3984375,34743.75,33926.6484375,34722.55078125,20400
^CNXIT,2025-10-07,34820.6015625,34879.19921875,34533.75,34709.44921875,21000
^CNXIT,2025-10-08,34664.3984375,35394.55078125,34607.30078125,35232.25,23300
^CNXIT,2025-10-09,35315.3984375,35688.3515625,35174.80078125,35628.5,21200
^CNXIT,2025-10-10,35705.6484375,35821.30078125,35321.8515625,35609.05078125,25100
^CNXIT,2025-10-13,35397.19921875,35505.3515625,35072.3984375,35330.80078125,20300
^CNXIT,2025-10-14,35542.8515625,35766.25,35148.3984375,35214.8515625,26300
^CNXIT,2025-10-15,35327.19921875,35571.6015625,35226.1484375,35401.80078125,36000
^CNXIT,2025-10-16,35443.69921875,35574.25,35229.6015625,35531.05078125,27600
^CNXIT,2025-10-17,35356.5,35356.5,34872.94921875,34950.69921875,73000
^CNXIT,2025-10-20,35109.75,35377.8515625,35077.8515625,35292.6015625,25600
^CNXIT,2025-10-21,35500.8984375,35564.19921875,35221.55078125,35299.75,4700
^CNXIT,2025-10-23,35936.75,36462.0,35859.75,36078.6484375,57100
^CNXIT,2025-10-24,36211.3984375,36268.6484375,35886.1484375,35986.3515625,23100
^CNXIT,2025-10-27,36075.55078125,36279.3984375,35962.80078125,36129.1015625,29100
^CNXIT,2025-10-28,36088.6484375,36193.1484375,35677.6015625,35860.3984375,27100
^CNXIT,2025-10-29,35916.1015625,36201.55078125,35778.19921875,36090.1015625,23400
^CNXIT,2025-10-30,36073.1484375,36127.8984375,35812.75,35906.3984375,22300
^CNXIT,2025-10-31,35918.55078125,36050.3515625,35681.05078125,35712.3515625,18500
^CNXIT,2025-11-03,35664.80078125,35742.80078125,35479.5,35653.1015625,1100
^CNXIT,2025-11-04,35580.55078125,35668.75,35198.75,35274.55078125,23000
^CNXIT,2025-11-06,35380.44921875,35509.0,35248.30078125,35337.6015625,25100
^CNXIT,2025-11-07,35233.19921875,35272.55078125,34732.5,35117.6484375,21700
^CNXIT,2025-11-10,35246.94921875,35855.6015625,35237.19921875,35688.25,26700
^CNXIT,2025-11-11,35902.8984375,36149.8984375,35683.8984375,36116.8984375,33800
^CNXIT,2025-11-12,36299.3984375,36911.94921875,36290.80078125,36855.3984375,40400
^CNXIT,2025-11-13,36937.94921875,36939.8515625,36525.3984375,36679.5,33100
^CNXIT,2025-11-14,36392.05078125,36503.0,35957.30078125,36301.25,25000
^CNXIT,2025-11-17,36285.19921875,36406.44921875,36138.19921875,36375.19921875,21400
^CNXIT,2025-11-18,36294.69921875,36312.94921875,35914.3515625,35975.19921875,24200
^CNXIT,2025-11-19,36062.19921875,37116.5,36024.44921875,37044.6484375,44600
^CNXIT,2025-11-20,37228.05078125,37278.75,36964.3515625,37043.30078125,26300
^CNXIT,2025-11-21,36930.25,37096.25,36761.55078125,36885.3515625,28500
^CNXIT,2025-11-24,37084.6484375,37554.3515625,36951.80078125,37037.94921875,63800
^CNXIT,2025-11-25,37112.1015625,37124.55078125,36727.3515625,36826.8984375,25900
^CNXIT,2025-11-26,36881.94921875,37407.0,36881.1015625,37364.6015625,23300
^CNXIT,2025-11-27,37487.6484375,37668.55078125,37208.25,37446.30078125,22500
^CNXIT,2025-11-28,37488.5,37554.6015625,37323.44921875,37405.5,18500
^CNXIT,2025-12-01,37476.6015625,37659.75,37413.0,37549.75,16400
^CNXIT,2025-12-02,37559.3984375,37734.3515625,37418.5,37541.25,23200
^CNXIT,2025-12-03,37530.8515625,38007.30078125,37515.0,37825.25,40900
^CNXIT,2025-12-04,37875.69921875,38471.6015625,37847.69921875,38360.25,39900
^CNXIT,2025-12-05,38500.6015625,38920.6015625,38369.55078125,38703.6484375,32300
^CNXIT,2025-12-08,38783.3984375,38937.3515625,38322.44921875,38590.69921875,28400
^CNXIT,2025-12-09,38438.5,38463.94921875,37908.8984375,38130.6015625,26000
^CNXIT,2025-12-10,38273.75,38300.5,37745.25,37789.8984375,18900
^CNXIT,2025-12-11,37925.94921875,38136.44921875,37672.3984375,38097.0,18800
^CNXIT,2025-12-12,38203.8515625,38300.30078125,37901.75,38274.75,13900
^CNXIT,2025-12-15,38125.94921875,38410.69921875,38042.94921875,38386.30078125,13600
^CNXIT,2025-12-16,38262.30078125,38293.3984375,37946.75,38062.5,14700
^CNXIT,2025-12-17,37996.94921875,38367.8515625,37969.44921875,38172.05078125,14800
^CNXIT,2025-12-18,38273.6015625,38667.3515625,38248.75,38633.3515625,23500
^CNXIT,2025-12-19,38991.30078125,39054.3515625,38590.25,38691.6015625,38500
^CNXIT,2025-12-22,39023.25,39530.25,39006.3984375,39488.0,45600
^CNXIT,2025-12-23,39395.80078125,39398.1484375,38942.3515625,39173.69921875,24100
^CNXIT,2025-12-24,39084.8984375,39098.8984375,38901.05078125,38974.80078125,15800
^CNXIT,2025-12-26,38921.6484375,39019.94921875,38495.3984375,38572.30078125,12400
^CNXIT,2025-12-29,38622.6015625,38721.69921875,38206.75,38282.69921875,21200
^CNXIT,2025-12-30,38281.55078125,38281.55078125,37906.6015625,37998.6015625,32700
^CNXIT,2025-12-31,38051.69921875,38108.5,37822.1484375,37884.05078125,20900
^CNXIT,2026-01-01,37931.55078125,38256.94921875,37862.6015625,38171.5,11200
^CNXIT,2026-01-02,38251.3515625,38359.0,38085.3984375,38320.30078125,16400
^CNXIT,2026-01-05,38222.0,38260.8515625,37365.8984375,37771.1484375,22000
^CNXIT,2026-01-06,37712.05078125,38053.1015625,37680.69921875,37977.3984375,16600
^CNXIT,2026-01-07,37951.30078125,38736.80078125,37940.8515625,38688.80078125,25100
^CNXIT,2026-01-08,38686.55078125,38728.6484375,37853.75,37920.30078125,24900
^CNXIT,2026-01-09,37861.25,38244.55078125,37861.1484375,38027.19921875,20800
^CNXIT,2026-01-12,37938.6015625,38079.6015625,37573.1015625,37988.25,20200
^CNXIT,2026-01-13,38227.8515625,38394.3984375,37777.75,38236.6015625,33700
^CNXIT,2026-01-14,38127.19921875,38295.75,37649.1484375,37822.69921875,23600
^CNXIT,2026-01-16,38433.3515625,39139.5,38390.5,39086.6484375,48900
^CNXIT,2026-01-19,38892.3984375,38977.6484375,38624.8984375,38902.5,89700
^CNXIT,2026-01-20,38753.19921875,38809.0,38023.8515625,38101.05078125,35600
^CNXIT,2026-01-21,38001.94921875,38128.30078125,37451.3515625,37992.30078125,34600
^CNXIT,2026-01-22,38294.80078125,38542.5,38080.94921875,38301.75,25700
^CNXIT,2026-01-23,38513.69921875,38576.6484375,38149.30078125,38238.5,31300
^CNXIT,2026-01-27,38482.8515625,38677.55078125,38074.80078125,38566.1015625,40600
^CNXIT,2026-01-28,38583.1484375,38792.6484375,38433.44921875,38725.3515625,28900
^CNXIT,2026-01-29,38601.8515625,38635.6015625,38063.3984375,38431.30078125,26800
^CNXIT,2026-01-30,38262.6484375,38262.6484375,37704.3515625,38036.1484375,32600
^CNXIT,2026-02-02,38396.0,38413.1484375,37807.1015625,38074.1484375,26200
^CNXIT,2026-02-03,40301.3984375,40301.3984375,38550.5,38611.75,47500
^CNXIT,2026-02-04,37165.3515625,37176.69921875,35809.5,36345.6484375,84600
^CNXIT,2026-02-05,36215.6484375,36621.94921875,36023.8984375,36143.30078125,100
^CNXIT,2026-02-06,36079.8515625,36105.8515625,35211.94921875,35611.05078125,41100
^CNXIT,2026-02-09,35840.8984375,36056.44921875,35544.05078125,35616.6484375,25100
^CNXIT,2026-02-10,35656.94921875,36059.6484375,35427.3984375,35722.19921875,33800
^CNXIT,2026-02-11,35788.6484375,35857.6484375,35013.6015625,35095.1484375,26900
^CNXIT,2026-02-12,34439.0,34488.80078125,33058.19921875,33160.19921875,97100
^CNXIT,2026-02-13,31487.400390625,32932.75,31422.599609375,32681.5,112500
^CNXIT,2026-02-16,32693.0,32809.3515625,32299.55078125,32738.05078125,49100
^CNXIT,2026-02-17,32793.75,33703.1015625,32650.44921875,33075.05078125,66600
^CNXIT,2026-02-18,33133.8515625,33169.30078125,32169.150390625,32668.30078125,53700
^CNXIT,2026-02-19,32875.1015625,33167.6015625,32195.94921875,32319.400390625,40300
^CNXIT,2026-02-20,32098.94921875,32339.80078125,31804.75,32004.05078125,41700
^CNXIT,2026-02-23,31987.80078125,32051.69921875,31416.55078125,31550.5,50800
^CNXIT,2026-02-24,31031.849609375,31056.44921875,29875.0,30053.5,93800
^CNXIT,2026-02-25,30343.900390625,30999.75,30340.94921875,30526.349609375,50600
^CNXIT,2026-02-26,30797.05078125,31112.19921875,30459.80078125,30554.19921875,41400
^CNXIT,2026-02-27,31145.75,31305.80078125,30546.0,30603.849609375,58700
^CNXIT,2026-03-02,30020.150390625,30587.30078125,29889.5,30272.94921875,30900
^CNXIT,2026-03-04,30092.19921875,30579.44921875,30092.19921875,30305.30078125,47900
^CNXIT,2026-03-05,30554.849609375,30563.349609375,29823.150390625,30126.80078125,34600
^CNXIT,2026-03-06,30074.599609375,30664.94921875,30062.75,30138.400390625,28200
^CNXIT,2026-03-09,29688.05078125,30241.099609375,29533.900390625,30162.05078125,46500
^CNXIT,2026-03-10,30337.599609375,30360.150390625,29741.05078125,30024.05078125,33700
^CNXIT,2026-03-11,30043.849609375,30231.400390625,29598.30078125,29651.69921875,47700
^CNXIT,2026-03-12,29587.05078125,29790.80078125,29322.80078125,29579.44921875,40600
^CNXIT,2026-03-13,29381.650390625,29508.44921875,28936.75,29071.30078125,29600
^CNXIT,2026-03-16,28934.599609375,29202.69921875,28586.94921875,29042.55078125,38900
^CNXIT,2026-03-17,29080.75,29080.75,28288.05078125,28760.900390625,47900
^CNXIT,2026-03-18,28912.05078125,30055.599609375,28912.05078125,29559.30078125,54400
^CNXIT,2026-03-19,29141.94921875,29321.849609375,28477.5,28579.599609375,32000
^CNXIT,2026-03-20,28993.0,29322.400390625,28844.44921875,29199.599609375,69900
^CNXIT,2026-03-23,28847.900390625,29295.69921875,28613.80078125,29147.05078125,43000
^CNXIT,2026-03-24,29572.75,29926.349609375,29210.69921875,29648.900390625,41800
^CNXIT,2026-03-25,29552.150390625,29950.05078125,29413.44921875,29671.30078125,46700
^CNXIT,2026-03-27,29721.0,30029.55078125,29461.19921875,29541.650390625,61900
^CNXIT,2026-03-30,29225.599609375,29439.05078125,28961.400390625,29062.599609375,61900
^CNXIT,2026-04-01,29943.150390625,30257.849609375,29562.349609375,29669.05078125,32100
^CNXIT,2026-04-02,29352.44921875,30558.599609375,29324.349609375,30441.44921875,52900
^CNXIT,2026-04-06,30490.400390625,30821.349609375,30444.05078125,30636.55078125,44300
^CNXIT,2026-04-07,30489.30078125,31443.05078125,30372.099609375,31403.349609375,55300
^CNXIT,2026-04-08,31786.69921875,31946.75,31272.80078125,31565.80078125,56300
^CNXIT,2026-04-09,31436.650390625,31718.0,31105.75,31636.19921875,46100
^CNXIT,2026-04-10,31533.349609375,31544.69921875,30680.80078125,31030.599609375,93000
^CNXIT,2026-04-13,30619.75,30821.400390625,30402.25,30669.80078125,42500
^CNXIT,2026-04-15,31170.75,31661.150390625,31111.5,31539.75,55800
^CNXIT,2026-04-16,31833.599609375,32134.25,31600.099609375,31817.5,71300
^CNXIT,2026-04-17,31656.55078125,31959.349609375,31411.75,31809.849609375,105100
^CNXIT,2026-04-20,31855.349609375,31912.5,31498.75,31585.75,44800
^CNXIT,2026-04-21,31536.55078125,31883.849609375,31415.75,31729.099609375,42700
^CNXIT,2026-04-22,31068.25,31072.94921875,30135.150390625,30496.25,102300
^CNXIT,2026-04-23,30432.94921875,30525.900390625,29982.25,30124.30078125,56000
^CNXIT,2026-04-24,29650.19921875,29872.5,28442.400390625,28530.599609375,110100
^CNXIT,2026-04-27,28582.75,29238.849609375,28578.55078125,29159.150390625,80100
^CNXIT,2026-04-28,29098.55078125,29270.05078125,28891.099609375,28959.900390625,52600
^CNXIT,2026-04-29,29072.150390625,29486.80078125,29034.30078125,29245.25,38100
^CNXIT,2026-04-30,29287.30078125,29543.099609375,29012.69921875,29353.900390625,43900
^CNXIT,2026-05-04,29606.5,29664.5,28955.599609375,29076.150390625,27100
^CNXIT,2026-05-05,29069.849609375,29407.0,28889.44921875,29107.30078125,26800
^CNXIT,2026-05-06,29435.5,29646.05078125,29123.80078125,29267.94921875,59000
^CNXIT,2026-05-07,29377.80078125,29418.0,29009.400390625,29043.5,49600
^CNXIT,2026-05-08,29031.55078125,29490.599609375,28961.80078125,29394.19921875,42300
^CNXIT,2026-05-11,29323.400390625,29536.900390625,29274.05078125,29329.44921875,28900
^CNXIT,2026-05-12,29091.05078125,29091.05078125,28126.900390625,28234.900390625,63000
^CNXIT,2026-05-13,28226.80078125,28335.44921875,27880.75,27916.650390625,35100
^CNXIT,2026-05-14,27847.5,27856.0,27078.0,27360.349609375,54500
^CNXIT,2026-05-15,27472.650390625,28114.099609375,27472.650390625,27716.900390625,53300
^CNXIT,2026-05-18,27689.599609375,28466.099609375,27663.80078125,28389.80078125,47300
^CNXIT,2026-05-19,28679.849609375,29609.599609375,28677.80078125,29308.0,86700
^CNXIT,2026-05-20,29140.80078125,29517.150390625,29036.650390625,29185.150390625,44300
^CNXIT,2026-05-21,29277.94921875,29328.349609375,28964.94921875,29021.099609375,38600
^CNXIT,2026-05-22,29072.599609375,29181.94921875,28792.5,28912.5,58200
^CNXIT,2026-05-25,29103.650390625,29177.80078125,28831.30078125,28979.849609375,86100
^CNXIT,2026-05-26,28970.5,29203.099609375,28919.05078125,28978.5,64100
^CNXIT,2026-05-27,28928.900390625,29116.400390625,28800.900390625,28906.69921875,54100
^CNXIT,2026-05-29,29347.5,29747.19921875,28931.75,29080.150390625,192800
^CNXIT,2026-06-01,29349.19921875,30238.150390625,29341.599609375,29854.25,73300
^CNXIT,2026-06-02,30265.69921875,31290.94921875,30264.599609375,31116.55078125,116100
^CNXIT,2026-06-03,30563.19921875,30567.0,29301.0,29384.44921875,112300
^CNXIT,2026-06-04,29150.05078125,29382.900390625,28971.80078125,29300.599609375,66000
^CNXIT,2026-06-05,29509.94921875,29639.80078125,28918.849609375,29010.30078125,65200
^CNXIT,2026-06-08,28577.69921875,28915.849609375,28417.69921875,28653.55078125,97700
^CNXIT,2026-06-09,28895.30078125,28895.30078125,28294.599609375,28516.25,50100
^CNXIT,2026-06-10,28541.849609375,28799.349609375,28249.19921875,28279.94921875,33500
^CNXIT,2026-06-11,27888.0,28003.94921875,27519.150390625,27821.05078125,36400
^CNXIT,2026-06-12,28025.25,28078.599609375,27660.0,27795.75,32300
^CNXIT,2026-06-15,28178.849609375,28384.25,27955.05078125,28067.900390625,33000
^CNXIT,2026-06-16,28237.05078125,28663.849609375,28124.30078125,28568.099609375,41700
^CNXIT,2026-06-17,28759.05078125,29007.0,28688.400390625,28809.55078125,35900
^CNXIT,2026-06-18,28592.400390625,28662.900390625,28262.650390625,28466.44921875,50700
^CNXIT,2026-06-19,27012.150390625,27527.75,26634.5,27426.849609375,124500
^CNXIT,2026-06-22,27531.0,27856.400390625,27531.0,27628.55078125,34900
^CNXIT,2026-06-23,27416.44921875,27428.5,26955.5,27012.05078125,60400
^CNXIT,2026-06-24,27046.400390625,27705.94921875,27036.099609375,27566.69921875,85400
^CNXIT,2026-06-25,27801.400390625,27881.0,27295.099609375,27330.849609375,55600
^CNXIT,2026-06-29,27172.19921875,27313.349609375,26965.349609375,27038.5,64900
^CNXIT,2026-06-30,26989.94921875,27032.19921875,26208.5,26299.05078125,71600
^CNXIT,2026-07-01,26381.0,26505.75,25699.099609375,25769.80078125,66500
^CNXIT,2026-07-02,26141.75,27030.94921875,26132.0,26965.05078125,84300
^CNXIT,2026-07-03,27482.400390625,27759.55078125,27286.55078125,27439.400390625,68400
^CNXPHARMA,2025-04-07,19122.69921875,20150.0,19121.099609375,19995.5,29810800
^CNXPHARMA,2025-04-08,20103.0,20471.30078125,20077.900390625,20377.900390625,20693000
^CNXPHARMA,2025-04-09,20019.900390625,20137.900390625,19839.599609375,19976.30078125,26700
^CNXPHARMA,2025-04-11,20608.349609375,20684.75,20379.25,20461.900390625,26200
^CNXPHARMA,2025-04-15,20823.19921875,20957.25,20665.25,20912.19921875,19500
^CNXPHARMA,2025-04-16,20844.30078125,20972.099609375,20768.19921875,20874.30078125,24900
^CNXPHARMA,2025-04-17,20886.69921875,21166.69921875,20862.80078125,21126.75,19600
^CNXPHARMA,2025-04-21,21308.900390625,21380.400390625,21078.05078125,21351.05078125,16796200
^CNXPHARMA,2025-04-22,21378.80078125,21501.849609375,21202.30078125,21438.05078125,15100
^CNXPHARMA,2025-04-23,21537.69921875,21759.55078125,21422.650390625,21738.94921875,20300
^CNXPHARMA,2025-04-24,21769.150390625,22058.19921875,21679.400390625,21974.599609375,47700
^CNXPHARMA,2025-04-25,22008.5,22116.25,21323.19921875,21482.55078125,25900
^CNXPHARMA,2025-04-28,21466.099609375,21961.900390625,21465.5,21908.099609375,17900
^CNXPHARMA,2025-04-29,21948.099609375,21980.849609375,21567.19921875,21676.650390625,17100
^CNXPHARMA,2025-04-30,21708.849609375,21970.0,21668.150390625,21772.44921875,22200
^CNXPHARMA,2025-05-02,21729.900390625,21863.0,21495.05078125,21627.44921875,16200
^CNXPHARMA,2025-05-05,21699.099609375,21802.05078125,21627.0,21775.75,16200
^CNXPHARMA,2025-05-06,21672.849609375,21700.30078125,21359.30078125,21534.349609375,20900
^CNXPHARMA,2025-05-07,21320.80078125,21556.099609375,21313.400390625,21462.44921875,18100
^CNXPHARMA,2025-05-08,21464.75,21517.94921875,21013.0,21115.05078125,19400
^CNXPHARMA,2025-05-09,20855.05078125,21107.30078125,20825.25,21071.75,17800
^CNXPHARMA,2025-05-12,20949.69921875,21156.75,20576.05078125,21102.69921875,37000
^CNXPHARMA,2025-05-13,21226.30078125,21589.099609375,21225.80078125,21359.75,30300
^CNXPHARMA,2025-05-14,21362.19921875,21508.400390625,21176.75,21480.5,19100
^CNXPHARMA,2025-05-15,21489.19921875,21671.349609375,21327.94921875,21650.650390625,21700
^CNXPHARMA,2025-05-16,21717.0,21717.0,21504.5,21633.19921875,15500
^CNXPHARMA,2025-05-19,21723.849609375,22026.650390625,21662.5,21740.44921875,18600
^CNXPHARMA,2025-05-20,21819.650390625,21857.650390625,21427.75,21456.150390625,20500
^CNXPHARMA,2025-05-21,21489.19921875,21947.5,21461.19921875,21723.650390625,23000
^CNXPHARMA,2025-05-22,21703.349609375,21741.69921875,21431.44921875,21521.75,18700
^CNXPHARMA,2025-05-23,21389.349609375,21452.099609375,21172.849609375,21434.25,17100
^CNXPHARMA,2025-05-26,21541.650390625,21650.44921875,21443.30078125,21501.80078125,14400
^CNXPHARMA,2025-05-27,21520.349609375,21590.80078125,21444.19921875,21524.94921875,15000
^CNXPHARMA,2025-05-28,21562.599609375,21574.55078125,21356.349609375,21393.30078125,16600
^CNXPHARMA,2025-05-29,21489.900390625,21610.69921875,21419.349609375,21589.349609375,19700
^CNXPHARMA,2025-05-30,21570.80078125,21641.55078125,21390.099609375,21442.05078125,28300
^CNXPHARMA,2025-06-02,21445.5,21465.55078125,21261.0,21394.099609375,12400
^CNXPHARMA,2025-06-03,21514.55078125,21514.55078125,21303.849609375,21354.19921875,18000
^CNXPHARMA,2025-06-04,21338.69921875,21461.349609375,21311.69921875,21371.69921875,14900
^CNXPHARMA,2025-06-05,21407.30078125,21694.05078125,21405.900390625,21644.19921875,23600
^CNXPHARMA,2025-06-06,21686.849609375,21707.69921875,21557.0,21684.400390625,14500
^CNXPHARMA,2025-06-09,21751.099609375,21840.94921875,21694.80078125,21826.80078125,17000
^CNXPHARMA,2025-06-10,21886.400390625,21976.900390625,21802.19921875,21948.0,21000
^CNXPHARMA,2025-06-11,22016.400390625,22090.849609375,21962.30078125,22057.150390625,25900
^CNXPHARMA,2025-06-12,22124.80078125,22354.75,21968.75,22036.150390625,26500
^CNXPHARMA,2025-06-13,21778.349609375,22008.900390625,21742.05078125,21985.150390625,22000
^CNXPHARMA,2025-06-16,21899.349609375,22058.599609375,21840.349609375,22039.44921875,18800
^CNXPHARMA,2025-06-17,22029.150390625,22057.150390625,21516.94921875,21622.80078125,32500
^CNXPHARMA,2025-06-18,21587.150390625,21724.099609375,21534.75,21588.400390625,21100
^CNXPHARMA,2025-06-19,21583.849609375,21619.30078125,21394.849609375,21441.849609375,20600
^CNXPHARMA,2025-06-20,21443.650390625,21642.650390625,21424.75,21613.0,23500
^CNXPHARMA,2025-06-23,21531.30078125,21672.69921875,21460.75,21626.19921875,15300
^CNXPHARMA,2025-06-24,21728.19921875,21864.349609375,21655.75,21672.099609375,23900
^CNXPHARMA,2025-06-25,21749.80078125,21832.400390625,21708.44921875,21804.80078125,25000
^CNXPHARMA,2025-06-26,21835.900390625,21860.80078125,21665.349609375,21808.19921875,29200
^CNXPHARMA,2025-06-27,21850.849609375,22001.0,21823.599609375,21928.599609375,30600
^CNXPHARMA,2025-06-30,22036.25,22079.099609375,21934.19921875,22038.69921875,25100
^CNXPHARMA,2025-07-01,22097.900390625,22124.05078125,21856.19921875,22041.25,27300
^CNXPHARMA,2025-07-02,22030.400390625,22176.099609375,21996.5,22110.80078125,26400
^CNXPHARMA,2025-07-03,22155.75,22238.349609375,22103.94921875,22204.25,26100
^CNXPHARMA,2025-07-04,22261.150390625,22409.900390625,22196.650390625,22384.599609375,24900
^CNXPHARMA,2025-07-07,22401.55078125,22418.19921875,22262.400390625,22365.05078125,14100
^CNXPHARMA,2025-07-08,22383.400390625,22400.150390625,21987.650390625,22165.900390625,20900
^CNXPHARMA,2025-07-09,22109.75,22267.19921875,22073.150390625,22208.5,24600
^CNXPHARMA,2025-07-10,22175.94921875,22198.75,21973.75,22076.80078125,20200
^CNXPHARMA,2025-07-11,22172.900390625,22346.80078125,22124.849609375,22225.900390625,33500
^CNXPHARMA,2025-07-14,22166.5,22502.30078125,22118.650390625,22410.349609375,28500
^CNXPHARMA,2025-07-15,22513.5,22688.650390625,22373.849609375,22665.69921875,25100
^CNXPHARMA,2025-07-16,22678.599609375,22694.849609375,22562.25,22593.900390625,35700
^CNXPHARMA,2025-07-17,22647.599609375,22794.19921875,22625.849609375,22680.349609375,23400
^CNXPHARMA,2025-07-18,22713.55078125,22720.30078125,22511.650390625,22592.75,17600
^CNXPHARMA,2025-07-21,22567.94921875,22615.150390625,22439.150390625,22531.849609375,15400
^CNXPHARMA,2025-07-22,22529.099609375,22570.400390625,22275.5,22307.19921875,17800
^CNXPHARMA,2025-07-23,22326.05078125,22436.05078125,22297.400390625,22417.44921875,16000
^CNXPHARMA,2025-07-24,22457.19921875,22618.69921875,22455.099609375,22541.05078125,22200
^CNXPHARMA,2025-07-25,22525.55078125,22715.94921875,22440.05078125,22662.69921875,23200
^CNXPHARMA,2025-07-28,22690.5,22908.400390625,22662.80078125,22761.150390625,36300
^CNXPHARMA,2025-07-29,22741.5,23115.05078125,22732.599609375,23072.44921875,25400
^CNXPHARMA,2025-07-30,23102.05078125,23162.44921875,22996.55078125,23073.900390625,23900
^CNXPHARMA,2025-07-31,22772.900390625,22993.849609375,22701.849609375,22771.05078125,26200
^CNXPHARMA,2025-08-01,22696.25,22705.94921875,21972.650390625,22011.69921875,29300
^CNXPHARMA,2025-08-04,22038.5,22206.80078125,21890.55078125,22153.80078125,19000
^CNXPHARMA,2025-08-05,22142.650390625,22237.599609375,21879.650390625,21970.150390625,15300
^CNXPHARMA,2025-08-06,21966.5,21966.599609375,21487.30078125,21523.75,23900
^CNXPHARMA,2025-08-07,21380.900390625,21712.349609375,21325.19921875,21684.80078125,23500
^CNXPHARMA,2025-08-08,21633.05078125,21676.150390625,21375.94921875,21402.150390625,18100
^CNXPHARMA,2025-08-11,21391.75,21783.599609375,21324.05078125,21604.650390625,15300
^CNXPHARMA,2025-08-12,21604.650390625,21900.0,21554.69921875,21753.5,22100
^CNXPHARMA,2025-08-13,21803.44921875,22171.05078125,21794.30078125,22130.30078125,17000
^CNXPHARMA,2025-08-14,22176.849609375,22370.44921875,22077.5,22151.849609375,19700
^CNXPHARMA,2025-08-18,22243.5,22253.30078125,22038.69921875,22141.150390625,18000
^CNXPHARMA,2025-08-19,22167.099609375,22177.44921875,22030.55078125,22066.75,12300
^CNXPHARMA,2025-08-20,22069.55078125,22093.69921875,21899.650390625,21969.5,15500
^CNXPHARMA,2025-08-21,21958.650390625,22253.69921875,21867.75,22177.69921875,17200
^CNXPHARMA,2025-08-22,22213.19921875,22304.650390625,22171.599609375,22265.0,14700
^CNXPHARMA,2025-08-25,22361.599609375,22394.05078125,22259.599609375,22362.80078125,15200
^CNXPHARMA,2025-08-26,22292.349609375,22292.349609375,21941.150390625,21990.0,32500
^CNXPHARMA,2025-08-28,22043.80078125,22051.80078125,21732.349609375,21808.349609375,25400
^CNXPHARMA,2025-08-29,21806.349609375,21894.599609375,21696.900390625,21804.05078125,31200
^CNXPHARMA,2025-09-01,21820.400390625,21916.849609375,21691.400390625,21778.849609375,26600
^CNXPHARMA,2025-09-02,21813.94921875,21845.05078125,21676.55078125,21719.94921875,17200
^CNXPHARMA,2025-09-03,21741.25,21985.19921875,21697.19921875,21959.599609375,17200
^CNXPHARMA,2025-09-04,22156.69921875,22156.69921875,21850.75,21915.400390625,11400
^CNXPHARMA,2025-09-05,21927.349609375,22139.849609375,21842.19921875,21924.80078125,12800
^CNXPHARMA,2025-09-08,21951.099609375,22034.80078125,21811.25,21865.19921875,10700
^CNXPHARMA,2025-09-09,21885.25,22080.400390625,21883.55078125,22052.650390625,13000
^CNXPHARMA,2025-09-10,22110.94921875,22201.44921875,22026.75,22122.05078125,15100
^CNXPHARMA,2025-09-11,22150.30078125,22307.80078125,22039.55078125,22224.0,16700
^CNXPHARMA,2025-09-12,22262.400390625,22399.25,22260.44921875,22341.19921875,12900
^CNXPHARMA,2025-09-15,22315.30078125,22330.900390625,22111.849609375,22198.69921875,12100
^CNXPHARMA,2025-09-16,22240.0,22310.900390625,22197.099609375,22264.55078125,9700
^CNXPHARMA,2025-09-17,22274.5,22307.05078125,22194.599609375,22241.349609375,14100
^CNXPHARMA,2025-09-18,22321.900390625,22596.900390625,22261.19921875,22574.349609375,25100
^CNXPHARMA,2025-09-19,22636.19921875,22716.900390625,22580.75,22686.599609375,31600
^CNXPHARMA,2025-09-22,22668.94921875,22685.44921875,22325.5,22365.75,17000
^CNXPHARMA,2025-09-23,22386.55078125,22434.75,22210.25,22299.099609375,12400
^CNXPHARMA,2025-09-24,22291.05078125,22321.25,22166.400390625,22180.69921875,11100
^CNXPHARMA,2025-09-25,22219.650390625,22311.150390625,21956.25,21977.69921875,16700
^CNXPHARMA,2025-09-26,21623.94921875,21695.55078125,21390.25,21507.19921875,34500
^CNXPHARMA,2025-09-29,21543.400390625,21740.849609375,21443.80078125,21475.30078125,23495900
^CNXPHARMA,2025-09-30,21509.05078125,21594.25,21365.900390625,21454.25,14510200
^CNXPHARMA,2025-10-01,21511.5,21786.55078125,21511.5,21733.5,21742500
^CNXPHARMA,2025-10-03,21684.19921875,21873.19921875,21660.69921875,21756.349609375,19700800
^CNXPHARMA,2025-10-06,21727.150390625,21799.0,21591.44921875,21779.849609375,13309600
^CNXPHARMA,2025-10-07,21813.75,21900.349609375,21737.30078125,21875.30078125,15438200
^CNXPHARMA,2025-10-08,21856.150390625,21973.650390625,21677.150390625,21707.349609375,14214700
^CNXPHARMA,2025-10-09,21872.19921875,22042.55078125,21837.349609375,21936.19921875,27615300
^CNXPHARMA,2025-10-10,21952.400390625,22324.599609375,21849.55078125,22218.25,25619000
^CNXPHARMA,2025-10-13,22154.69921875,22231.80078125,22094.599609375,22205.099609375,13627000
^CNXPHARMA,2025-10-14,22223.150390625,22227.25,21924.849609375,22039.25,22178300
^CNXPHARMA,2025-10-15,22047.05078125,22146.900390625,22007.900390625,22057.30078125,15754500
^CNXPHARMA,2025-10-16,22083.25,22129.69921875,22034.05078125,22103.19921875,15509500
^CNXPHARMA,2025-10-17,22122.19921875,22341.05078125,22039.0,22253.75,14701000
^CNXPHARMA,2025-10-20,22346.849609375,22477.94921875,22313.5,22439.900390625,19931300
^CNXPHARMA,2025-10-21,22509.5,22547.849609375,22477.150390625,22515.69921875,3379000
^CNXPHARMA,2025-10-23,22665.0,22667.44921875,22441.25,22481.25,23368700
^CNXPHARMA,2025-10-24,22492.05078125,22517.900390625,22273.05078125,22357.349609375,21964200
^CNXPHARMA,2025-10-27,22405.69921875,22411.55078125,22272.349609375,22310.400390625,18308900
^CNXPHARMA,2025-10-28,22316.849609375,22377.400390625,22147.599609375,22250.900390625,15898900
^CNXPHARMA,2025-10-29,22311.75,22521.44921875,22297.94921875,22430.69921875,16149500
^CNXPHARMA,2025-10-30,22388.150390625,22388.150390625,22105.400390625,22298.19921875,31909500
^CNXPHARMA,2025-10-31,22251.55078125,22312.19921875,22147.849609375,22175.400390625,22384700
^CNXPHARMA,2025-11-03,22187.099609375,22472.849609375,22154.94921875,22442.599609375,1247000
^CNXPHARMA,2025-11-04,22475.30078125,22494.900390625,22286.0,22334.44921875,22298300
^CNXPHARMA,2025-11-06,22393.849609375,22474.55078125,22167.94921875,22250.55078125,35755100
^CNXPHARMA,2025-11-07,22260.94921875,22320.0,22105.19921875,22169.80078125,18219600
^CNXPHARMA,2025-11-10,22249.099609375,22422.5,22212.80078125,22379.849609375,21651700
^CNXPHARMA,2025-11-11,22369.599609375,22369.599609375,22369.599609375,22369.599609375,0
^CNXPHARMA,2025-11-12,22453.25,22616.650390625,22333.849609375,22593.400390625,34648600
^CNXPHARMA,2025-11-13,22644.650390625,22828.55078125,22595.400390625,22686.80078125,29149600
^CNXPHARMA,2025-11-14,22714.30078125,22864.599609375,22648.94921875,22821.05078125,22405000
^CNXPHARMA,2025-11-17,22885.44921875,22888.80078125,22750.19921875,22867.599609375,22546100
^CNXPHARMA,2025-11-18,22878.69921875,22882.55078125,22680.44921875,22713.650390625,23630200
^CNXPHARMA,2025-11-19,22754.599609375,22773.0,22593.099609375,22727.650390625,17339900
^CNXPHARMA,2025-11-20,22801.05078125,22802.099609375,22638.599609375,22687.55078125,20509100
^CNXPHARMA,2025-11-21,22665.80078125,22695.150390625,22544.900390625,22580.94921875,17315300
^CNXPHARMA,2025-11-24,22604.650390625,22625.900390625,22442.05078125,22492.44921875,33964800
^CNXPHARMA,2025-11-25,22521.900390625,22672.099609375,22480.0,22590.94921875,14392000
^CNXPHARMA,2025-11-26,22591.150390625,22881.849609375,22572.650390625,22862.349609375,15405500
^CNXPHARMA,2025-11-27,22879.349609375,22948.0,22812.69921875,22863.0,15901900
^CNXPHARMA,2025-11-28,22899.69921875,23010.400390625,22856.650390625,22998.30078125,16789100
^CNXPHARMA,2025-12-01,23076.94921875,23101.099609375,22810.25,22887.75,27406600
^CNXPHARMA,2025-12-02,22879.75,22983.650390625,22825.349609375,22905.0,34343900
^CNXPHARMA,2025-12-03,22949.30078125,23005.30078125,22726.5,22907.849609375,31202600
^CNXPHARMA,2025-12-04,22912.94921875,22987.900390625,22838.25,22958.94921875,29710300
^CNXPHARMA,2025-12-05,22973.19921875,22974.0,22839.80078125,22947.150390625,20371700
^CNXPHARMA,2025-12-08,22938.099609375,22946.69921875,22556.30078125,22640.69921875,21676400
^CNXPHARMA,2025-12-09,22607.94921875,22660.19921875,22405.05078125,22522.849609375,20987800
^CNXPHARMA,2025-12-10,22583.80078125,22703.849609375,22488.19921875,22561.5,16975500
^CNXPHARMA,2025-12-11,22541.80078125,22799.349609375,22475.19921875,22783.44921875,14517200
^CNXPHARMA,2025-12-12,22825.650390625,22882.80078125,22742.099609375,22808.69921875,18236400
^CNXPHARMA,2025-12-15,22736.75,22805.44921875,22588.900390625,22719.400390625,11247900
^CNXPHARMA,2025-12-16,22700.75,22712.19921875,22558.349609375,22591.5,12689200
^CNXPHARMA,2025-12-17,22585.599609375,22650.5,22515.650390625,22612.150390625,13236500
^CNXPHARMA,2025-12-18,22601.19921875,22601.19921875,22394.25,22557.599609375,16510600
^CNXPHARMA,2025-12-19,22583.55078125,22863.19921875,22583.55078125,22751.25,24858600
^CNXPHARMA,2025-12-22,22780.30078125,22943.69921875,22765.150390625,22927.900390625,16743100
^CNXPHARMA,2025-12-23,22980.599609375,23005.75,22820.30078125,22875.099609375,13387500
^CNXPHARMA,2025-12-24,22903.150390625,22934.30078125,22717.44921875,22757.400390625,16075100
^CNXPHARMA,2025-12-26,22761.900390625,22807.900390625,22631.599609375,22684.650390625,12241300
^CNXPHARMA,2025-12-29,22697.25,22721.25,22552.599609375,22578.30078125,16053400
^CNXPHARMA,2025-12-30,22604.5,22615.94921875,22395.150390625,22540.05078125,25377400
^CNXPHARMA,2025-12-31,22620.69921875,22770.099609375,22536.150390625,22723.650390625,13158000
^CNXPHARMA,2026-01-02,22649.650390625,22803.650390625,22578.69921875,22790.900390625,13771200
^CNXPHARMA,2026-01-05,22810.44921875,22930.69921875,22706.05078125,22743.400390625,16653300
^CNXPHARMA,2026-01-06,22791.05078125,23149.94921875,22764.849609375,23126.849609375,17554400
^CNXPHARMA,2026-01-07,23117.05078125,23492.55078125,23021.80078125,23286.25,32875100
^CNXPHARMA,2026-01-08,23260.25,23260.25,22927.30078125,22962.55078125,18166800
^CNXPHARMA,2026-01-09,22961.099609375,22989.849609375,22696.44921875,22761.0,16394300
^CNXPHARMA,2026-01-12,22758.0,22769.80078125,22392.5,22668.44921875,17724700
^CNXPHARMA,2026-01-13,22708.05078125,22742.69921875,22392.25,22562.30078125,20442600
^CNXPHARMA,2026-01-14,22571.05078125,22580.849609375,22413.900390625,22505.400390625,19297500
^CNXPHARMA,2026-01-16,22456.599609375,22484.349609375,22175.19921875,22217.05078125,22142800
^CNXPHARMA,2026-01-19,22119.150390625,22213.19921875,21910.400390625,22136.25,20105100
^CNXPHARMA,2026-01-20,22128.44921875,22130.400390625,21668.599609375,21714.30078125,29817400
^CNXPHARMA,2026-01-21,21743.94921875,21970.400390625,21477.94921875,21584.400390625,22934400
^CNXPHARMA,2026-01-22,21738.19921875,22030.55078125,21726.400390625,21928.0,22518200
^CNXPHARMA,2026-01-23,22007.05078125,22033.5,21676.400390625,21722.25,24837400
^CNXPHARMA,2026-01-27,21891.80078125,21898.349609375,21632.80078125,21788.44921875,26700400
^CNXPHARMA,2026-01-28,21828.0,21903.849609375,21622.94921875,21739.849609375,19478300
^CNXPHARMA,2026-01-29,21781.05078125,21798.0,21467.349609375,21564.0,39232700
^CNXPHARMA,2026-01-30,21544.5,21768.900390625,21396.349609375,21715.099609375,28223600
^CNXPHARMA,2026-02-02,21629.80078125,21640.599609375,21188.55078125,21549.55078125,20520800
^CNXPHARMA,2026-02-03,22470.349609375,22564.099609375,22086.05078125,22200.25,32396400
^CNXPHARMA,2026-02-04,22275.80078125,22323.75,22009.849609375,22125.80078125,18214100
^CNXPHARMA,2026-02-05,22138.900390625,22163.849609375,21919.0,22119.900390625,14720100
^CNXPHARMA,2026-02-06,22094.5,22103.94921875,21810.25,21961.349609375,13247100
^CNXPHARMA,2026-02-09,22126.30078125,22328.599609375,21974.150390625,22290.69921875,18731000
^CNXPHARMA,2026-02-10,22387.400390625,22438.25,22161.30078125,22210.5,29833100
^CNXPHARMA,2026-02-11,22280.44921875,22581.0,22158.099609375,22434.19921875,18367500
^CNXPHARMA,2026-02-12,22486.099609375,22486.099609375,22248.650390625,22386.30078125,22418600
^CNXPHARMA,2026-02-13,22325.900390625,22408.5,22134.0,22194.900390625,21635900
^CNXPHARMA,2026-02-16,22184.599609375,22457.599609375,22121.69921875,22403.150390625,18233200
^CNXPHARMA,2026-02-17,22390.900390625,22512.75,22318.400390625,22494.900390625,12766900
^CNXPHARMA,2026-02-18,22529.5,22584.94921875,22417.30078125,22541.94921875,14895000
^CNXPHARMA,2026-02-19,22578.94921875,22657.94921875,22375.75,22429.099609375,16020600
^CNXPHARMA,2026-02-20,22400.44921875,22515.0,22320.150390625,22452.400390625,14750800
^CNXPHARMA,2026-02-23,22558.80078125,22608.75,22450.0,22578.55078125,16469900
^CNXPHARMA,2026-02-24,22557.25,22692.80078125,22481.650390625,22632.05078125,18182400
^CNXPHARMA,2026-02-25,22685.5,23071.94921875,22617.349609375,23051.849609375,19540100
^CNXPHARMA,2026-02-26,23106.94921875,23436.94921875,23047.849609375,23301.650390625,26914000
^CNXPHARMA,2026-02-27,23257.80078125,23301.849609375,22917.099609375,22952.349609375,24996500
^CNXPHARMA,2026-03-02,22385.30078125,22994.55078125,22354.099609375,22956.69921875,17940000
^CNXPHARMA,2026-03-04,22702.55078125,22814.349609375,22528.19921875,22672.19921875,21855900
^CNXPHARMA,2026-03-05,22703.599609375,23082.80078125,22703.599609375,23005.5,16464600
^CNXPHARMA,2026-03-06,23005.05078125,23131.69921875,22877.55078125,22970.19921875,14612700
^CNXPHARMA,2026-03-09,22638.849609375,22977.94921875,22506.25,22933.75,21116900
^CNXPHARMA,2026-03-10,23042.55078125,23305.099609375,23039.349609375,23253.650390625,21854600
^CNXPHARMA,2026-03-11,23311.75,23540.900390625,23283.099609375,23348.05078125,21875700
^CNXPHARMA,2026-03-12,23299.69921875,23388.0,23083.19921875,23275.19921875,24567700
^CNXPHARMA,2026-03-13,23198.80078125,23317.099609375,22780.650390625,22832.19921875,25787000
^CNXPHARMA,2026-03-16,22800.150390625,22965.25,22369.80078125,22547.19921875,21217200
^CNXPHARMA,2026-03-17,22632.80078125,22733.69921875,22492.94921875,22597.55078125,17216600
^CNXPHARMA,2026-03-18,22633.69921875,22774.75,22584.30078125,22632.599609375,18241900
^CNXPHARMA,2026-03-19,22413.099609375,22503.44921875,22040.55078125,22101.650390625,15180900
^CNXPHARMA,2026-03-20,22277.94921875,22628.55078125,22268.5,22540.69921875,32703500
^CNXPHARMA,2026-03-23,22461.80078125,22462.900390625,21983.69921875,22053.099609375,20528500
^CNXPHARMA,2026-03-24,22305.94921875,22364.30078125,21993.94921875,22239.80078125,22208400
^CNXPHARMA,2026-03-25,22381.349609375,22825.55078125,22294.19921875,22679.75,21482700
^CNXPHARMA,2026-03-27,22612.69921875,22758.30078125,22484.05078125,22565.599609375,34213800
^CNXPHARMA,2026-03-30,22412.900390625,22468.099609375,22205.900390625,22232.25,28211900
^CNXPHARMA,2026-04-01,22531.599609375,22782.05078125,21909.349609375,22011.599609375,25245000
^CNXPHARMA,2026-04-02,21689.94921875,21852.0,21149.900390625,21808.400390625,30067900
^CNXPHARMA,2026-04-06,21779.75,21867.75,21464.80078125,21835.349609375,20606500
^CNXPHARMA,2026-04-07,21765.5,22022.19921875,21595.400390625,21868.69921875,31769300
^CNXPHARMA,2026-04-08,22203.5,22250.5,21829.599609375,21991.19921875,29865200
^CNXPHARMA,2026-04-09,21954.80078125,22216.05078125,21953.75,22135.400390625,20198600
^CNXPHARMA,2026-04-10,22127.80078125,22191.650390625,21932.80078125,22164.849609375,23831100
^CNXPHARMA,2026-04-13,21971.69921875,22183.5,21846.05078125,22100.099609375,21182600
^CNXPHARMA,2026-04-15,22321.099609375,22456.19921875,22142.5,22435.650390625,25523500
^CNXPHARMA,2026-04-16,22577.55078125,22593.0,22304.349609375,22465.0,22642600
^CNXPHARMA,2026-04-17,22473.19921875,22538.80078125,22390.5,22497.25,19693300
^CNXPHARMA,2026-04-20,22544.80078125,22563.5,22307.19921875,22456.75,13683000
^CNXPHARMA,2026-04-21,22454.099609375,22540.69921875,22423.650390625,22438.44921875,17554900
^CNXPHARMA,2026-04-22,22398.55078125,22510.099609375,22314.349609375,22455.44921875,18275900
^CNXPHARMA,2026-04-23,22443.94921875,23164.099609375,22365.349609375,22986.349609375,92345300
^CNXPHARMA,2026-04-24,22923.69921875,22946.900390625,22537.19921875,22580.099609375,41758800
^CNXPHARMA,2026-04-27,22648.599609375,23258.349609375,22637.25,23171.849609375,51717700
^CNXPHARMA,2026-04-28,23155.650390625,23287.650390625,23090.75,23158.150390625,39790100
^CNXPHARMA,2026-04-29,23273.75,23386.150390625,23179.94921875,23260.849609375,30635200
^CNXPHARMA,2026-04-30,23191.94921875,23375.099609375,23054.849609375,23267.69921875,20887500
^CNXPHARMA,2026-05-04,23371.30078125,23548.94921875,23296.099609375,23475.55078125,21561400
^CNXPHARMA,2026-05-05,23525.900390625,23619.0,23379.099609375,23568.94921875,38038600
^CNXPHARMA,2026-05-06,23743.19921875,24264.849609375,23640.75,24110.30078125,58097200
^CNXPHARMA,2026-05-07,24153.150390625,24268.099609375,24095.30078125,24135.5,74338300
^CNXPHARMA,2026-05-08,24043.44921875,24306.75,24030.650390625,24110.30078125,27481400
^CNXPHARMA,2026-05-11,24008.19921875,24310.80078125,23877.400390625,24170.44921875,46305700
^CNXPHARMA,2026-05-12,24177.30078125,24185.44921875,23816.400390625,23840.900390625,34126100
^CNXPHARMA,2026-05-13,23785.349609375,24177.849609375,23768.900390625,23896.05078125,43650100
^CNXPHARMA,2026-05-14,24151.650390625,24573.30078125,24137.75,24551.05078125,42179500
^CNXPHARMA,2026-05-15,24644.94921875,24847.900390625,24557.55078125,24634.80078125,31052200
^CNXPHARMA,2026-05-18,24617.0,24788.94921875,24436.25,24762.849609375,29483900
^CNXPHARMA,2026-05-19,24771.30078125,25001.25,24754.30078125,24867.400390625,29843800
^CNXPHARMA,2026-05-20,24807.05078125,25043.150390625,24775.44921875,24843.150390625,38875300
^CNXPHARMA,2026-05-21,24994.099609375,25001.0,24782.650390625,24890.900390625,20989500
^CNXPHARMA,2026-05-22,24960.75,24979.099609375,24519.75,24573.94921875,23647500
^CNXPHARMA,2026-05-25,24615.150390625,24762.900390625,24543.75,24674.69921875,26832300
^CNXPHARMA,2026-05-26,24647.25,24755.400390625,24552.55078125,24659.19921875,25959100
^CNXPHARMA,2026-05-27,24747.5,24822.650390625,24608.44921875,24716.0,17241100
^CNXPHARMA,2026-05-29,24796.30078125,24945.349609375,24218.5,24345.80078125,69261300
^CNXPHARMA,2026-06-01,24547.849609375,24571.349609375,24148.849609375,24214.25,35327000
^CNXPHARMA,2026-06-02,24102.94921875,24171.55078125,23796.650390625,24006.30078125,29548000
^CNXPHARMA,2026-06-03,23978.05078125,24119.75,23829.599609375,24086.599609375,27592000
^CNXPHARMA,2026-06-04,24042.0,24275.30078125,23883.0,24177.94921875,21304400
^CNXPHARMA,2026-06-05,24285.44921875,24396.650390625,24154.25,24248.05078125,19109400
^CNXPHARMA,2026-06-08,24090.150390625,24417.099609375,24059.650390625,24147.650390625,19240500
^CNXPHARMA,2026-06-09,24208.150390625,24416.94921875,24171.55078125,24290.30078125,23358400
^CNXPHARMA,2026-06-10,24313.80078125,24497.94921875,24119.599609375,24160.75,16845300
^CNXPHARMA,2026-06-11,24131.650390625,24457.30078125,24094.400390625,24306.94921875,19815300
^CNXPHARMA,2026-06-12,24526.5,24526.80078125,24274.5,24380.05078125,15218700
^CNXPHARMA,2026-06-15,24551.650390625,24553.5,24198.150390625,24220.099609375,25060600
^CNXPHARMA,2026-06-16,24272.19921875,24306.849609375,24020.55078125,24157.849609375,16542200
^CNXPHARMA,2026-06-17,24198.75,24238.650390625,24035.44921875,24146.55078125,19006200
^CNXPHARMA,2026-06-18,24173.0,24322.849609375,24135.19921875,24282.19921875,20111900
^CNXPHARMA,2026-06-19,24276.150390625,24493.849609375,24274.400390625,24460.30078125,22601800
^CNXPHARMA,2026-06-22,24558.75,24778.30078125,24468.400390625,24762.900390625,21722600
^CNXPHARMA,2026-06-23,24863.900390625,25294.5,24838.80078125,24989.94921875,127339100
^CNXPHARMA,2026-06-24,25052.75,25222.900390625,24999.5,25018.94921875,53395100
^CNXPHARMA,2026-06-25,25066.900390625,25155.94921875,24948.25,24969.5,20389500
^CNXPHARMA,2026-06-29,25098.900390625,25463.69921875,24978.05078125,25227.900390625,50873400
^CNXPHARMA,2026-06-30,25274.75,25476.55078125,25173.05078125,25326.400390625,34848900
^CNXPHARMA,2026-07-01,25416.900390625,25591.30078125,25133.25,25182.69921875,21705900
^CNXPHARMA,2026-07-02,25301.80078125,25364.75,25160.30078125,25308.900390625,17861600
^CNXPHARMA,2026-07-03,25402.599609375,25861.5,25399.900390625,25745.150390625,57144400
^CRSLDX,2025-04-07,19524.25,20189.349609375,19519.849609375,20105.69921875,31899200
^CRSLDX,2025-04-08,20430.099609375,20588.400390625,20227.150390625,20480.80078125,24101600
^CRSLDX,2025-04-09,20422.94921875,20423.25,20252.349609375,20356.75,20686300
^CRSLDX,2025-04-11,20684.849609375,20817.5,20629.0,20752.849609375,22159500
^CRSLDX,2025-04-15,21199.05078125,21302.75,21067.599609375,21279.400390625,23092700
^CRSLDX,2025-04-16,21302.75,21414.849609375,21246.400390625,21404.349609375,23069300
^CRSLDX,2025-04-17,21379.349609375,21704.099609375,21296.349609375,21681.55078125,24530900
^CRSLDX,2025-04-21,21787.05078125,22033.75,21732.44921875,22005.75,33200
^CRSLDX,2025-04-22,22072.0,22157.94921875,21953.400390625,22085.150390625,28400500
^CRSLDX,2025-04-23,22238.599609375,22263.849609375,21988.349609375,22237.599609375,26262000
^CRSLDX,2025-04-24,22217.650390625,22270.150390625,22155.400390625,22180.650390625,24349800
^CRSLDX,2025-04-25,22220.30078125,22271.849609375,21661.599609375,21848.150390625,40982400
^CRSLDX,2025-04-28,21843.44921875,22125.44921875,21841.400390625,22101.849609375,20254000
^CRSLDX,2025-04-29,22160.75,22255.900390625,22084.55078125,22112.400390625,21891800
^CRSLDX,2025-04-30,22119.19921875,22175.0,21920.55078125,22030.05078125,21908500
^CRSLDX,2025-05-02,22009.94921875,22238.900390625,21920.849609375,22006.0,21060500
^CRSLDX,2025-05-05,22086.25,22209.94921875,22070.94921875,22195.150390625,18176200
^CRSLDX,2025-05-06,22235.599609375,22244.5,21916.900390625,21956.599609375,23813700
^CRSLDX,2025-05-07,21756.80078125,22084.69921875,21752.900390625,22072.44921875,23862400
^CRSLDX,2025-05-08,22109.349609375,22145.19921875,21730.55078125,21843.05078125,24556600
^CRSLDX,2025-05-09,21463.75,21716.05078125,21463.75,21675.55078125,28601400
^CRSLDX,2025-05-12,22149.400390625,22525.0,22126.400390625,22511.400390625,29453500
^CRSLDX,2025-05-13,22491.5,22575.69921875,22317.5,22349.400390625,25880300
^CRSLDX,2025-05-14,22402.650390625,22544.900390625,22366.400390625,22499.5,25396000
^CRSLDX,2025-05-15,22547.05078125,22814.099609375,22408.650390625,22788.80078125,28758400
^CRSLDX,2025-05-16,22825.55078125,22885.349609375,22750.349609375,22870.900390625,32136800
^CRSLDX,2025-05-19,22896.25,22965.05078125,22827.650390625,22865.80078125,38611100
^CRSLDX,2025-05-20,22942.650390625,22958.599609375,22565.55078125,22585.599609375,28729600
^CRSLDX,2025-05-21,22632.400390625,22811.94921875,22577.400390625,22730.650390625,24227900
^CRSLDX,2025-05-22,22674.0,22675.349609375,22464.44921875,22595.0,24519900
^CRSLDX,2025-05-23,22628.75,22813.25,22580.80078125,22781.05078125,25499400
^CRSLDX,2025-05-26,22852.69921875,22970.69921875,22845.400390625,22908.30078125,24898200
^CRSLDX,2025-05-27,22895.05078125,22963.099609375,22721.80078125,22816.5,24659100
^CRSLDX,2025-05-28,22843.25,22871.19921875,22765.69921875,22779.400390625,32991400
^CRSLDX,2025-05-29,22859.44921875,22899.150390625,22750.150390625,22861.349609375,26181000
^CRSLDX,2025-05-30,22868.25,22912.30078125,22759.150390625,22801.94921875,52128200
^CRSLDX,2025-06-02,22758.599609375,22863.349609375,22664.150390625,22834.5,38899400
^CRSLDX,2025-06-03,22906.19921875,22946.150390625,22691.25,22711.30078125,45435500
^CRSLDX,2025-06-04,22742.19921875,22823.94921875,22667.900390625,22807.849609375,31514700
^CRSLDX,2025-06-05,22879.19921875,23026.30078125,22828.849609375,22934.5,25523800
^CRSLDX,2025-06-06,22962.0,23180.349609375,22891.599609375,23165.099609375,29178900
^CRSLDX,2025-06-09,23308.650390625,23335.349609375,23254.55078125,23330.55078125,31805600
^CRSLDX,2025-06-10,23422.30078125,23423.80078125,23287.349609375,23339.94921875,30820100
^CRSLDX,2025-06-11,23376.599609375,23423.599609375,23271.400390625,23337.849609375,35796300
^CRSLDX,2025-06-12,23363.5,23370.30078125,23009.650390625,23046.44921875,25762100
^CRSLDX,2025-06-13,22631.69921875,22932.25,22631.69921875,22906.19921875,25533300
^CRSLDX,2025-06-16,22914.849609375,23106.69921875,22789.400390625,23095.05078125,23518500
^CRSLDX,2025-06-17,23126.80078125,23128.5,22959.150390625,22981.5,29479900
^CRSLDX,2025-06-18,22937.75,23066.849609375,22868.349609375,22925.19921875,19507700
^CRSLDX,2025-06-19,22921.599609375,22973.150390625,22712.55078125,22763.5,23853000
^CRSLDX,2025-06-20,22760.650390625,23064.69921875,22760.599609375,23041.099609375,32449300
^CRSLDX,2025-06-23,22880.349609375,23063.349609375,22837.80078125,23001.5,20840000
^CRSLDX,2025-06-24,23212.30078125,23307.94921875,23074.25,23113.19921875,31040600
^CRSLDX,2025-06-25,23216.150390625,23303.650390625,23190.849609375,23296.849609375,30406900
^CRSLDX,2025-06-26,23341.19921875,23529.650390625,23319.849609375,23517.55078125,29163000
^CRSLDX,2025-06-27,23566.69921875,23644.349609375,23538.55078125,23620.150390625,34232800
^CRSLDX,2025-06-30,23672.349609375,23677.55078125,23563.0,23617.19921875,24613500
^CRSLDX,2025-07-01,23659.75,23669.94921875,23558.900390625,23615.44921875,25642800
^CRSLDX,2025-07-02,23653.05078125,23669.30078125,23463.849609375,23547.25,26194600
^CRSLDX,2025-07-03,23591.80078125,23647.099609375,23503.55078125,23521.849609375,23572100
^CRSLDX,2025-07-04,23553.44921875,23570.900390625,23448.900390625,23562.44921875,18787000
^CRSLDX,2025-07-07,23561.599609375,23595.30078125,23506.5,23551.19921875,24223800
^CRSLDX,2025-07-08,23540.599609375,23600.349609375,23469.94921875,23572.55078125,29300500
^CRSLDX,2025-07-09,23576.44921875,23613.900390625,23513.849609375,23557.44921875,23483000
^CRSLDX,2025-07-10,23595.849609375,23605.5,23444.94921875,23471.400390625,20223100
^CRSLDX,2025-07-11,23408.80078125,23462.349609375,23256.30078125,23282.69921875,22318700
^CRSLDX,2025-07-14,23290.150390625,23329.19921875,23200.099609375,23309.05078125,39977700
^CRSLDX,2025-07-15,23334.55078125,23469.44921875,23332.80078125,23449.150390625,27090700
^CRSLDX,2025-07-16,23458.900390625,23502.900390625,23403.5,23472.5,28588900
^CRSLDX,2025-07-17,23507.650390625,23514.69921875,23409.05078125,23419.69921875,21951000
^CRSLDX,2025-07-18,23430.0,23449.44921875,23240.849609375,23275.150390625,19710600
^CRSLDX,2025-07-21,23296.75,23394.5,23184.900390625,23378.44921875,17595400
^CRSLDX,2025-07-22,23449.75,23456.0,23306.400390625,23320.900390625,20318100
^CRSLDX,2025-07-23,23382.400390625,23435.55078125,23296.0,23428.400390625,19959600
^CRSLDX,2025-07-24,23447.349609375,23449.400390625,23257.599609375,23301.099609375,19690700
^CRSLDX,2025-07-25,23255.25,23255.25,22993.0,23014.80078125,21958300
^CRSLDX,2025-07-28,22967.400390625,23094.849609375,22818.150390625,22846.94921875,20263600
^CRSLDX,2025-07-29,22793.0,23024.150390625,22777.69921875,23007.349609375,17358000
^CRSLDX,2025-07-30,23064.25,23070.349609375,22959.44921875,23033.55078125,16971600
^CRSLDX,2025-07-31,22804.19921875,23071.25,22802.150390625,22914.94921875,22141000
^CRSLDX,2025-08-01,22901.599609375,22917.849609375,22646.75,22673.650390625,22209200
^CRSLDX,2025-08-04,22699.69921875,22871.599609375,22648.599609375,22860.400390625,18958000
^CRSLDX,2025-08-05,22869.5,22878.099609375,22736.05078125,22798.5,17350900
^CRSLDX,2025-08-06,22807.55078125,22818.19921875,22622.349609375,22666.849609375,15763400
^CRSLDX,2025-08-07,22563.400390625,22726.900390625,22425.849609375,22694.099609375,20517000
^CRSLDX,2025-08-08,22680.900390625,22690.349609375,22419.69921875,22443.150390625,17064600
^CRSLDX,2025-08-11,22447.55078125,22650.099609375,22406.0,22633.44921875,15385700
^CRSLDX,2025-08-12,22633.650390625,22730.25,22554.30078125,22568.599609375,15129600
^CRSLDX,2025-08-13,22655.150390625,22733.80078125,22624.44921875,22698.099609375,20941400
^CRSLDX,2025-08-14,22713.650390625,22754.150390625,22646.69921875,22680.25,20569500
^CRSLDX,2025-08-18,22958.30078125,23040.849609375,22913.05078125,22931.5,23896800
^CRSLDX,2025-08-19,22959.5,23077.099609375,22908.150390625,23066.599609375,23250400
^CRSLDX,2025-08-20,23067.69921875,23171.150390625,23025.849609375,23143.150390625,29253300
^CRSLDX,2025-08-21,23221.75,23230.94921875,23126.75,23137.150390625,23429200
^CRSLDX,2025-08-22,23133.849609375,23144.55078125,22980.849609375,22991.30078125,32235300
^CRSLDX,2025-08-25,23069.30078125,23106.900390625,23022.099609375,23052.0,27455000
^CRSLDX,2025-08-26,22994.849609375,23013.05078125,22746.75,22768.650390625,44479200
^CRSLDX,2025-08-28,22762.25,22762.25,22529.599609375,22541.650390625,29189400
^CRSLDX,2025-08-29,22524.150390625,22624.69921875,22443.80078125,22462.94921875,28764200
^CRSLDX,2025-09-01,22491.900390625,22720.55078125,22491.900390625,22713.55078125,27115300
^CRSLDX,2025-09-02,22758.19921875,22858.19921875,22678.44921875,22724.400390625,27193100
^CRSLDX,2025-09-03,22764.0,22877.349609375,22709.19921875,22864.650390625,30994300
^CRSLDX,2025-09-04,23116.900390625,23116.900390625,22795.0,22819.650390625,30118100
^CRSLDX,2025-09-05,22891.75,22916.0,22718.5,22829.150390625,34473200
^CRSLDX,2025-09-08,22892.80078125,22974.849609375,22835.900390625,22878.650390625,22996300
^CRSLDX,2025-09-09,22949.55078125,22964.05078125,22893.05078125,22949.099609375,20109300
^CRSLDX,2025-09-10,23056.80078125,23121.75,23027.05078125,23074.150390625,23676100
^CRSLDX,2025-09-11,23073.44921875,23128.55078125,23065.69921875,23102.650390625,21459700
^CRSLDX,2025-09-12,23171.55078125,23210.400390625,23129.900390625,23190.25,25960500
^CRSLDX,2025-09-15,23213.150390625,23249.19921875,23182.05078125,23215.849609375,33099500
^CRSLDX,2025-09-16,23240.25,23386.650390625,23217.30078125,23369.30078125,23720000
^CRSLDX,2025-09-17,23419.099609375,23464.400390625,23395.75,23445.19921875,22655400
^CRSLDX,2025-09-18,23534.150390625,23538.900390625,23434.44921875,23518.900390625,21229100
^CRSLDX,2025-09-19,23530.599609375,23541.30078125,23451.599609375,23486.650390625,49270900
^CRSLDX,2025-09-22,23434.75,23523.55078125,23335.099609375,23381.44921875,26249700
^CRSLDX,2025-09-23,23408.19921875,23434.30078125,23253.099609375,23325.25,29750900
^CRSLDX,2025-09-24,23293.400390625,23317.19921875,23165.94921875,23178.25,22385600
^CRSLDX,2025-09-25,23169.44921875,23235.55078125,23009.55078125,23022.400390625,23143600
^CRSLDX,2025-09-26,22965.900390625,22994.150390625,22692.69921875,22713.150390625,30633900
^CRSLDX,2025-09-29,22783.900390625,22865.099609375,22677.0,22739.099609375,27084600
^CRSLDX,2025-09-30,22793.650390625,22829.19921875,22669.30078125,22734.099609375,21800300
^CRSLDX,2025-10-01,22745.94921875,22943.19921875,22726.25,22928.30078125,23002400
^CRSLDX,2025-10-03,22905.099609375,23037.5,22874.150390625,23027.69921875,24935400
^CRSLDX,2025-10-06,23055.150390625,23177.25,23008.30078125,23169.650390625,26990400
^CRSLDX,2025-10-07,23191.349609375,23275.099609375,23170.849609375,23209.5,29565400
^CRSLDX,2025-10-08,23197.94921875,23265.19921875,23087.900390625,23109.349609375,25463900
^CRSLDX,2025-10-09,23144.30078125,23251.650390625,23101.849609375,23241.75,21819900
^CRSLDX,2025-10-10,23247.44921875,23374.25,23220.05078125,23337.55078125,28175300
^CRSLDX,2025-10-13,23245.05078125,23315.650390625,23201.55078125,23294.80078125,26231000
^CRSLDX,2025-10-14,23349.75,23374.0,23121.5,23184.05078125,23464300
^CRSLDX,2025-10-15,23227.55078125,23400.94921875,23224.150390625,23377.349609375,23139300
^CRSLDX,2025-10-16,23443.30078125,23592.849609375,23428.150390625,23563.80078125,22457600
^CRSLDX,2025-10-17,23547.0,23679.05078125,23515.849609375,23598.05078125,24249000
^CRSLDX,2025-10-20,23699.349609375,23766.55078125,23654.75,23716.099609375,23663900
^CRSLDX,2025-10-21,23791.900390625,23818.349609375,23723.400390625,23759.19921875,5545000
^CRSLDX,2025-10-23,23899.75,23926.099609375,23727.599609375,23755.900390625,33809000
^CRSLDX,2025-10-24,23796.19921875,23802.75,23622.80078125,23686.599609375,23861200
^CRSLDX,2025-10-27,23742.69921875,23856.30078125,23723.400390625,23840.900390625,47146700
^CRSLDX,2025-10-28,23844.75,23907.55078125,23717.05078125,23812.55078125,33996800
^CRSLDX,2025-10-29,23851.55078125,23971.55078125,23821.30078125,23952.400390625,30359000
^CRSLDX,2025-10-30,23933.650390625,23949.75,23804.44921875,23841.30078125,47770900
^CRSLDX,2025-10-31,23847.599609375,23913.44921875,23698.05078125,23710.400390625,32133500
^CRSLDX,2025-11-03,23711.94921875,23840.099609375,23695.150390625,23810.69921875,3860300
^CRSLDX,2025-11-04,23811.30078125,23829.69921875,23660.19921875,23675.44921875,31284700
^CRSLDX,2025-11-06,23683.349609375,23713.400390625,23501.05078125,23513.150390625,26246000
^CRSLDX,2025-11-07,23441.05078125,23570.099609375,23291.19921875,23521.5,28762600
^CRSLDX,2025-11-10,23545.349609375,23658.849609375,23542.099609375,23596.900390625,20824200
^CRSLDX,2025-11-11,23634.650390625,23693.80078125,23476.30078125,23682.650390625,36093900
^CRSLDX,2025-11-12,23796.94921875,23874.849609375,23766.19921875,23836.900390625,27828600
^CRSLDX,2025-11-13,23867.650390625,23935.099609375,23793.650390625,23816.0,30243400
^CRSLDX,2025-11-14,23751.25,23858.30078125,23717.0,23836.349609375,39640500
^CRSLDX,2025-11-17,23889.55078125,23964.75,23863.55078125,23954.55078125,26483000
^CRSLDX,2025-11-18,23970.44921875,23973.05078125,23800.94921875,23824.650390625,21125900
^CRSLDX,2025-11-19,23832.55078125,23924.30078125,23766.599609375,23906.30078125,25934900
^CRSLDX,2025-11-20,23984.400390625,24032.099609375,23918.80078125,23975.44921875,29557000
^CRSLDX,2025-11-21,23917.5,23938.30078125,23776.30078125,23790.25,22985900
^CRSLDX,2025-11-24,23827.25,23835.19921875,23642.55078125,23674.55078125,29594500
^CRSLDX,2025-11-25,23700.55078125,23745.5,23635.80078125,23655.05078125,20539800
^CRSLDX,2025-11-26,23654.75,23965.349609375,23654.75,23955.19921875,18996600
^CRSLDX,2025-11-27,24011.900390625,24026.25,23879.599609375,23947.75,19974200
^CRSLDX,2025-11-28,23968.80078125,23979.69921875,23907.75,23933.19921875,19209800
^CRSLDX,2025-12-01,24034.94921875,24035.0,23871.75,23922.44921875,21160800
^CRSLDX,2025-12-02,23870.599609375,23925.849609375,23782.75,23822.25,27952000
^CRSLDX,2025-12-03,23813.44921875,23845.80078125,23641.75,23716.30078125,28046000
^CRSLDX,2025-12-04,23718.099609375,23820.44921875,23680.25,23741.099609375,26417400
^CRSLDX,2025-12-05,23720.69921875,23848.44921875,23672.349609375,23835.25,23079200
^CRSLDX,2025-12-08,23821.75,23833.150390625,23460.69921875,23526.19921875,24509100
^CRSLDX,2025-12-09,23447.05078125,23556.349609375,23259.69921875,23516.25,26228000
^CRSLDX,2025-12-10,23540.150390625,23628.30078125,23386.80078125,23408.80078125,19928500
^CRSLDX,2025-12-11,23421.900390625,23562.150390625,23344.25,23550.849609375,24370000
^CRSLDX,2025-12-12,23620.349609375,23737.69921875,23613.0,23726.19921875,26020800
^CRSLDX,2025-12-15,23654.0,23735.69921875,23591.30078125,23725.19921875,24287600
^CRSLDX,2025-12-16,23676.80078125,23687.349609375,23542.55078125,23570.150390625,20919100
^CRSLDX,2025-12-17,23597.599609375,23635.05078125,23449.5,23496.05078125,20646900
^CRSLDX,2025-12-18,23469.80078125,23553.25,23363.5,23491.5,23446500
^CRSLDX,2025-12-19,23562.650390625,23688.349609375,23548.94921875,23677.55078125,31695900
^CRSLDX,2025-12-22,23760.94921875,23878.650390625,23743.25,23867.650390625,25155300
^CRSLDX,2025-12-23,23906.099609375,23929.25,23825.150390625,23895.150390625,26039700
^CRSLDX,2025-12-24,23903.099609375,23956.80078125,23836.55078125,23850.25,19661100
^CRSLDX,2025-12-26,23841.94921875,23885.349609375,23752.55078125,23780.25,22264400
^CRSLDX,2025-12-29,23804.400390625,23826.75,23660.30078125,23682.099609375,24245800
^CRSLDX,2025-12-30,23675.30078125,23704.19921875,23599.900390625,23668.80078125,33582300
^CRSLDX,2025-12-31,23710.44921875,23921.44921875,23709.55078125,23871.55078125,52722700
^CRSLDX,2026-01-02,23935.94921875,24107.69921875,23921.44921875,24099.0,37097600
^CRSLDX,2026-01-05,24123.099609375,24144.19921875,23999.150390625,24058.44921875,31394300
^CRSLDX,2026-01-06,24042.900390625,24089.75,23941.400390625,24010.5,26802900
^CRSLDX,2026-01-07,23995.849609375,24050.55078125,23942.25,24016.599609375,22658700
^CRSLDX,2026-01-08,23996.19921875,24010.44921875,23657.349609375,23680.099609375,27493200
^CRSLDX,2026-01-09,23646.75,23741.75,23407.69921875,23467.349609375,44599100
^CRSLDX,2026-01-12,23459.400390625,23533.44921875,23199.5,23510.44921875,31293100
^CRSLDX,2026-01-13,23603.44921875,23627.05078125,23336.05078125,23480.650390625,27943100
^CRSLDX,2026-01-14,23422.099609375,23558.69921875,23399.900390625,23475.849609375,27359900
^CRSLDX,2026-01-16,23502.849609375,23652.69921875,23455.5,23485.30078125,29366800
^CRSLDX,2026-01-19,23443.30078125,23443.349609375,23324.849609375,23373.75,27220400
^CRSLDX,2026-01-20,23365.650390625,23368.150390625,22888.650390625,22946.650390625,30410100
^CRSLDX,2026-01-21,22864.5,22981.80078125,22586.80078125,22835.150390625,35043900
^CRSLDX,2026-01-22,23013.44921875,23144.55078125,22888.5,23008.75,24924100
^CRSLDX,2026-01-23,23072.30078125,23073.349609375,22679.69921875,22706.19921875,24687600
^CRSLDX,2026-01-27,22752.69921875,22886.94921875,22562.94921875,22819.25,29981800
^CRSLDX,2026-01-28,22899.599609375,23101.75,22884.5,23082.099609375,29783700
^CRSLDX,2026-01-29,23107.5,23158.599609375,22922.599609375,23134.80078125,34203300
^CRSLDX,2026-01-30,22994.30078125,23110.19921875,22916.0,23079.5,41570300
^CRSLDX,2026-02-02,22595.44921875,22869.69921875,22408.5,22837.0,27016400
^CRSLDX,2026-02-03,23870.19921875,23912.349609375,23355.5,23446.30078125,38335700
^CRSLDX,2026-02-04,23414.099609375,23562.69921875,23284.44921875,23534.94921875,28918200
^CRSLDX,2026-02-05,23509.75,23509.94921875,23337.349609375,23411.69921875,25100
^CRSLDX,2026-02-06,23366.5,23447.0,23211.400390625,23434.0,22813300
^CRSLDX,2026-02-09,23600.849609375,23693.05078125,23535.400390625,23683.400390625,27270100
^CRSLDX,2026-02-10,23752.599609375,23796.400390625,23691.5,23753.75,23665500
^CRSLDX,2026-02-11,23808.099609375,23811.150390625,23707.150390625,23783.05078125,26368100
^CRSLDX,2026-02-12,23753.80078125,23753.80078125,23589.05078125,23651.55078125,22693700
^CRSLDX,2026-02-13,23448.69921875,23464.05078125,23285.0,23313.150390625,22274400
^CRSLDX,2026-02-16,23248.55078125,23487.349609375,23190.19921875,23472.44921875,18203700
^CRSLDX,2026-02-17,23445.30078125,23563.25,23394.80078125,23540.05078125,19871600
^CRSLDX,2026-02-18,23571.5,23657.75,23490.349609375,23645.80078125,19114900
^CRSLDX,2026-02-19,23691.599609375,23697.900390625,23235.349609375,23297.44921875,18237200
^CRSLDX,2026-02-20,23252.75,23467.400390625,23221.150390625,23395.0,17831500
^CRSLDX,2026-02-23,23493.30078125,23566.849609375,23394.25,23484.94921875,25462500
^CRSLDX,2026-02-24,23418.099609375,23418.099609375,23168.05078125,23304.599609375,25350000
^CRSLDX,2026-02-25,23388.44921875,23500.099609375,23325.900390625,23403.80078125,22679300
^CRSLDX,2026-02-26,23462.05078125,23502.94921875,23340.75,23448.5,25536400
^CRSLDX,2026-02-27,23423.94921875,23433.55078125,23136.75,23166.849609375,36885800
^CRSLDX,2026-03-02,22547.0,22992.349609375,22539.650390625,22835.94921875,28882800
^CRSLDX,2026-03-04,22438.0,22517.400390625,22283.150390625,22409.80078125,32291200
^CRSLDX,2026-03-05,22536.75,22760.849609375,22468.19921875,22697.80078125,27067700
^CRSLDX,2026-03-06,22621.55078125,22701.599609375,22456.44921875,22481.30078125,23202000
^CRSLDX,2026-03-09,21995.150390625,22090.69921875,21743.150390625,22056.55078125,25569200
^CRSLDX,2026-03-10,22310.80078125,22385.650390625,22141.849609375,22342.94921875,23891700
^CRSLDX,2026-03-11,22351.849609375,22440.900390625,22009.30078125,22042.30078125,23611300
^CRSLDX,2026-03-12,21888.400390625,22059.599609375,21703.900390625,21897.5,30265000
^CRSLDX,2026-03-13,21763.25,21780.75,21351.099609375,21391.19921875,31139800
^CRSLDX,2026-03-16,21355.94921875,21593.25,21110.0,21498.80078125,32174500
^CRSLDX,2026-03-17,21585.05078125,21729.650390625,21446.150390625,21669.30078125,25153300
^CRSLDX,2026-03-18,21721.44921875,21990.400390625,21713.400390625,21917.400390625,28957100
^CRSLDX,2026-03-19,21466.400390625,21562.80078125,21156.19921875,21225.80078125,32926600
^CRSLDX,2026-03-20,21349.94921875,21558.0,21294.849609375,21327.900390625,37005100
^CRSLDX,2026-03-23,21079.599609375,21090.05078125,20611.80078125,20664.25,31363300
^CRSLDX,2026-03-24,21045.44921875,21183.150390625,20743.900390625,21067.0,28289000
^CRSLDX,2026-03-25,21236.25,21612.44921875,21236.05078125,21478.19921875,29251000
^CRSLDX,2026-03-27,21357.349609375,21364.349609375,21007.150390625,21020.150390625,35750200
^CRSLDX,2026-03-30,20762.349609375,20889.25,20490.44921875,20528.05078125,34842000
^CRSLDX,2026-04-01,21067.150390625,21153.25,20867.400390625,20935.150390625,33012900
^CRSLDX,2026-04-02,20666.69921875,20990.05078125,20385.650390625,20938.349609375,34322000
^CRSLDX,2026-04-06,20990.849609375,21217.94921875,20789.44921875,21194.05078125,32241800
^CRSLDX,2026-04-07,21085.30078125,21313.099609375,20959.349609375,21296.44921875,25888100
^CRSLDX,2026-04-08,21998.599609375,22159.5,21952.400390625,22137.099609375,39922000
^CRSLDX,2026-04-09,22090.69921875,22189.5,21943.19921875,22037.5,37071300
^CRSLDX,2026-04-10,22151.05078125,22364.30078125,22133.150390625,22346.75,38754300
^CRSLDX,2026-04-13,21906.150390625,22244.900390625,21816.349609375,22179.05078125,33694300
^CRSLDX,2026-04-15,22506.94921875,22621.900390625,22496.75,22595.55078125,37059700
^CRSLDX,2026-04-16,22757.05078125,22792.25,22529.650390625,22656.30078125,38280500
^CRSLDX,2026-04-17,22660.55078125,22882.150390625,22605.150390625,22869.400390625,40384600
^CRSLDX,2026-04-20,22906.650390625,22987.599609375,22717.55078125,22865.80078125,32840100
^CRSLDX,2026-04-21,22898.94921875,23064.349609375,22893.599609375,23042.349609375,31497000
^CRSLDX,2026-04-22,22975.849609375,23054.5,22923.55078125,22991.5,32724400
^CRSLDX,2026-04-23,22873.150390625,22957.599609375,22788.599609375,22810.849609375,29661600
^CRSLDX,2026-04-24,22788.80078125,22872.05078125,22472.5,22570.05078125,27321800
^CRSLDX,2026-04-27,22645.849609375,22853.849609375,22640.849609375,22821.400390625,28500400
^CRSLDX,2026-04-28,22808.150390625,22904.0,22733.900390625,22765.599609375,32052600
^CRSLDX,2026-04-29,22875.30078125,23026.94921875,22825.150390625,22871.0,33747800
^CRSLDX,2026-04-30,22736.80078125,22759.0,22498.0,22683.55078125,31107300
^CRSLDX,2026-05-04,22783.80078125,22954.30078125,22709.75,22830.75,38703400
^CRSLDX,2026-05-05,22796.650390625,22842.25,22672.80078125,22808.25,33371800
^CRSLDX,2026-05-06,22978.94921875,23150.900390625,22849.94921875,23133.400390625,38546000
^CRSLDX,2026-05-07,23219.349609375,23304.5,23142.44921875,23214.0,32662600
^CRSLDX,2026-05-08,23166.05078125,23185.650390625,23080.30078125,23115.650390625,29600300
^CRSLDX,2026-05-11,22957.400390625,22962.150390625,22777.44921875,22795.75,43426100
^CRSLDX,2026-05-12,22728.69921875,22768.099609375,22270.94921875,22299.900390625,37543300
^CRSLDX,2026-05-13,22292.150390625,22532.0,22208.5,22377.349609375,40634400
^CRSLDX,2026-05-14,22505.0,22675.80078125,22338.650390625,22613.099609375,34058900
^CRSLDX,2026-05-15,22664.400390625,22710.849609375,22502.599609375,22531.150390625,40428700
^CRSLDX,2026-05-18,22382.0,22494.099609375,22150.5,22461.05078125,34307100
^CRSLDX,2026-05-19,22501.150390625,22646.650390625,22485.44921875,22521.75,36129400
^CRSLDX,2026-05-20,22379.849609375,22597.650390625,22316.44921875,22578.150390625,28717500
^CRSLDX,2026-05-21,22745.900390625,22781.0,22557.0,22602.849609375,33852100
^CRSLDX,2026-05-22,22639.69921875,22727.900390625,22604.80078125,22651.30078125,28726600
^CRSLDX,2026-05-25,22859.5,22949.94921875,22849.099609375,22929.44921875,30168200
^CRSLDX,2026-05-26,22925.650390625,23015.0,22858.19921875,22897.19921875,31807400
^CRSLDX,2026-05-27,22895.75,22999.44921875,22886.44921875,22967.400390625,45794100
^CRSLDX,2026-05-29,23012.80078125,23075.25,22598.44921875,22657.0,67184500
^CRSLDX,2026-06-01,22760.80078125,22810.19921875,22414.80078125,22437.94921875,37130800
^CRSLDX,2026-06-02,22302.05078125,22563.25,22253.0,22521.099609375,36094400
^CRSLDX,2026-06-03,22488.150390625,22505.0,22202.599609375,22451.849609375,41039400
^CRSLDX,2026-06-04,22362.400390625,22559.849609375,22328.349609375,22497.69921875,36481000
^CRSLDX,2026-06-05,22569.44921875,22614.650390625,22379.05078125,22465.349609375,34527400
^CRSLDX,2026-06-08,22191.55078125,22357.69921875,22119.30078125,22173.69921875,28846200
^CRSLDX,2026-06-09,22298.849609375,22390.5,22233.44921875,22370.150390625,36288100
^CRSLDX,2026-06-10,22377.0,22455.900390625,22200.349609375,22233.849609375,30804200
^CRSLDX,2026-06-11,22128.55078125,22258.900390625,22063.75,22114.44921875,31438200
^CRSLDX,2026-06-12,22376.44921875,22618.69921875,22295.150390625,22599.80078125,35312200
^CRSLDX,2026-06-15,22955.80078125,23019.44921875,22859.650390625,22891.30078125,34302100
^CRSLDX,2026-06-16,22962.44921875,23009.400390625,22902.349609375,22997.25,32580100
^CRSLDX,2026-06-17,23048.69921875,23120.900390625,22990.94921875,23109.69921875,39479300
^CRSLDX,2026-06-18,23129.900390625,23221.349609375,23090.349609375,23206.44921875,34469400
^CRSLDX,2026-06-19,23082.69921875,23174.650390625,23023.349609375,23144.19921875,36475300
^CRSLDX,2026-06-22,23240.900390625,23289.75,23213.849609375,23261.849609375,26271000
^CRSLDX,2026-06-23,23260.0,23302.25,22976.94921875,23010.94921875,29724100
^CRSLDX,2026-06-24,22992.900390625,23183.599609375,22941.05078125,23126.30078125,28409100
^CRSLDX,2026-06-25,23224.400390625,23289.94921875,23093.900390625,23113.69921875,27570900
^CRSLDX,2026-06-29,23112.599609375,23148.75,22943.849609375,23000.0,42080500
^CRSLDX,2026-06-30,23074.150390625,23088.94921875,22932.05078125,22995.650390625,31935800
^CRSLDX,2026-07-01,23038.650390625,23144.099609375,23032.94921875,23111.650390625,30769700
^CRSLDX,2026-07-02,23182.05078125,23276.19921875,23170.75,23264.80078125,24569900
^CRSLDX,2026-07-03,23416.650390625,23416.650390625,23284.30078125,23301.150390625,23620300
^INDIAVIX,2025-04-07,13.760000228881836,23.190000534057617,13.760000228881836,22.790000915527344,0
^INDIAVIX,2025-04-08,22.790000915527344,22.790000915527344,19.3799991607666,20.440000534057617,0
^INDIAVIX,2025-04-09,20.440000534057617,21.75,19.700000762939453,21.43000030517578,0
^INDIAVIX,2025-04-11,21.43000030517578,21.43000030517578,18.860000610351562,20.110000610351562,0
^INDIAVIX,2025-04-15,20.110000610351562,20.110000610351562,15.970000267028809,16.1299991607666,0
^INDIAVIX,2025-04-16,16.1299991607666,16.1299991607666,15.119999885559082,15.869999885559082,0
^INDIAVIX,2025-04-17,15.869999885559082,16.459999084472656,15.09000015258789,15.470000267028809,0
^INDIAVIX,2025-04-21,15.470000267028809,16.329999923706055,14.220000267028809,15.520000457763672,0
^INDIAVIX,2025-04-22,15.520000457763672,16.010000228881836,14.539999961853027,15.229999542236328,0
^INDIAVIX,2025-04-23,15.229999542236328,16.520000457763672,12.84000015258789,15.960000038146973,0
^INDIAVIX,2025-04-24,15.960000038146973,16.760000228881836,15.550000190734863,16.25,0
^INDIAVIX,2025-04-25,16.25,17.579999923706055,15.920000076293945,17.15999984741211,0
^INDIAVIX,2025-04-28,17.15999984741211,18.06999969482422,16.6200008392334,16.940000534057617,0
^INDIAVIX,2025-04-29,16.940000534057617,17.59000015258789,16.06999969482422,17.3700008392334,0
^INDIAVIX,2025-04-30,17.3700008392334,18.559999465942383,15.989999771118164,18.219999313354492,0
^INDIAVIX,2025-05-02,18.219999313354492,18.860000610351562,17.350000381469727,18.260000228881836,0
^INDIAVIX,2025-05-05,18.260000228881836,18.799999237060547,18.06999969482422,18.34000015258789,0
^INDIAVIX,2025-05-06,18.34000015258789,19.299999237060547,17.989999771118164,19.0,0
^INDIAVIX,2025-05-07,19.0,19.729999542236328,18.360000610351562,19.059999465942383,0
^INDIAVIX,2025-05-08,19.059999465942383,21.889999389648438,18.149999618530273,21.010000228881836,0
^INDIAVIX,2025-05-09,21.010000228881836,22.75,21.0,21.6299991607666,0
^INDIAVIX,2025-05-12,21.6299991607666,21.6299991607666,17.209999084472656,18.389999389648438,0
^INDIAVIX,2025-05-13,18.389999389648438,18.899999618530273,17.889999389648438,18.200000762939453,0
^INDIAVIX,2025-05-14,18.200000762939453,19.239999771118164,17.079999923706055,17.229999542236328,0
^INDIAVIX,2025-05-15,17.229999542236328,17.670000076293945,16.719999313354492,16.889999389648438,0
^INDIAVIX,2025-05-16,16.889999389648438,17.059999465942383,16.219999313354492,16.549999237060547,0
^INDIAVIX,2025-05-19,16.549999237060547,17.450000762939453,15.829999923706055,17.360000610351562,0
^INDIAVIX,2025-05-20,17.360000610351562,17.65999984741211,15.970000267028809,17.389999389648438,0
^INDIAVIX,2025-05-21,17.389999389648438,18.0,17.040000915527344,17.549999237060547,0
^INDIAVIX,2025-05-22,17.549999237060547,18.200000762939453,16.700000762939453,17.260000228881836,0
^INDIAVIX,2025-05-23,17.260000228881836,17.520000457763672,15.489999771118164,17.280000686645508,0
^INDIAVIX,2025-05-26,17.280000686645508,18.40999984741211,16.059999465942383,18.020000457763672,0
^INDIAVIX,2025-05-27,18.020000457763672,19.18000030517578,17.420000076293945,18.540000915527344,0
^INDIAVIX,2025-05-28,18.540000915527344,19.040000915527344,17.8799991607666,18.020000457763672,0
^INDIAVIX,2025-05-29,18.020000457763672,18.020000457763672,16.209999084472656,16.420000076293945,0
^INDIAVIX,2025-05-30,16.420000076293945,16.549999237060547,15.289999961853027,16.079999923706055,0
^INDIAVIX,2025-06-02,16.079999923706055,17.729999542236328,16.079999923706055,17.15999984741211,0
^INDIAVIX,2025-06-03,17.15999984741211,17.729999542236328,16.260000228881836,16.559999465942383,0
^INDIAVIX,2025-06-04,16.559999465942383,17.059999465942383,15.630000114440918,15.75,0
^INDIAVIX,2025-06-05,15.75,15.930000305175781,14.979999542236328,15.079999923706055,0
^INDIAVIX,2025-06-06,15.079999923706055,15.609999656677246,14.369999885559082,14.630000114440918,0
^INDIAVIX,2025-06-09,14.630000114440918,15.520000457763672,14.630000114440918,14.6899995803833,0
^INDIAVIX,2025-06-10,14.6899995803833,14.739999771118164,13.930000305175781,14.020000457763672,0
^INDIAVIX,2025-06-11,14.020000457763672,14.15999984741211,13.5600004196167,13.670000076293945,0
^INDIAVIX,2025-06-12,13.670000076293945,14.270000457763672,13.130000114440918,14.020000457763672,0
^INDIAVIX,2025-06-13,14.020000457763672,15.979999542236328,14.020000457763672,15.079999923706055,0
^INDIAVIX,2025-06-16,15.079999923706055,15.470000267028809,14.550000190734863,14.84000015258789,0
^INDIAVIX,2025-06-17,14.84000015258789,15.020000457763672,14.300000190734863,14.399999618530273,0
^INDIAVIX,2025-06-18,14.399999618530273,14.819999694824219,14.109999656677246,14.279999732971191,0
^INDIAVIX,2025-06-19,14.279999732971191,14.369999885559082,13.739999771118164,14.260000228881836,0
^INDIAVIX,2025-06-20,14.260000228881836,14.260000228881836,13.319999694824219,13.670000076293945,0
^INDIAVIX,2025-06-23,13.670000076293945,14.520000457763672,13.65999984741211,14.050000190734863,0
^INDIAVIX,2025-06-24,14.050000190734863,14.34000015258789,13.3100004196167,13.640000343322754,0
^INDIAVIX,2025-06-25,13.640000343322754,13.640000343322754,12.899999618530273,12.960000038146973,0
^INDIAVIX,2025-06-26,12.960000038146973,13.329999923706055,12.520000457763672,12.59000015258789,0
^INDIAVIX,2025-06-27,12.59000015258789,12.920000076293945,12.319999694824219,12.390000343322754,0
^INDIAVIX,2025-06-30,12.390000343322754,13.029999732971191,12.390000343322754,12.789999961853027,0
^INDIAVIX,2025-07-01,12.789999961853027,12.989999771118164,12.4399995803833,12.529999732971191,0
^INDIAVIX,2025-07-02,12.529999732971191,12.65999984741211,12.34000015258789,12.449999809265137,0
^INDIAVIX,2025-07-03,12.449999809265137,12.65999984741211,12.1899995803833,12.390000343322754,0
^INDIAVIX,2025-07-04,12.390000343322754,12.699999809265137,12.239999771118164,12.319999694824219,0
^INDIAVIX,2025-07-07,12.319999694824219,12.789999961853027,11.9399995803833,12.5600004196167,0
^INDIAVIX,2025-07-08,12.5600004196167,12.710000038146973,12.0600004196167,12.199999809265137,0
^INDIAVIX,2025-07-09,12.199999809265137,12.359999656677246,11.75,11.9399995803833,0
^INDIAVIX,2025-07-10,11.9399995803833,12.1899995803833,11.609999656677246,11.670000076293945,0
^INDIAVIX,2025-07-11,11.670000076293945,12.119999885559082,11.539999961853027,11.819999694824219,0
^INDIAVIX,2025-07-14,11.819999694824219,12.420000076293945,11.819999694824219,11.979999542236328,0
^INDIAVIX,2025-07-15,11.979999542236328,12.029999732971191,11.40999984741211,11.479999542236328,0
^INDIAVIX,2025-07-16,11.479999542236328,11.670000076293945,11.199999809265137,11.239999771118164,0
^INDIAVIX,2025-07-17,11.239999771118164,11.539999961853027,10.729999542236328,11.239999771118164,0
^INDIAVIX,2025-07-18,11.239999771118164,11.859999656677246,9.899999618530273,11.390000343322754,0
^INDIAVIX,2025-07-21,11.390000343322754,11.9399995803833,11.09000015258789,11.199999809265137,0
^INDIAVIX,2025-07-22,11.199999809265137,11.229999542236328,10.6899995803833,10.75,0
^INDIAVIX,2025-07-23,10.75,10.75,10.220000267028809,10.520000457763672,0
^INDIAVIX,2025-07-24,10.520000457763672,11.109999656677246,9.869999885559082,10.720000267028809,0
^INDIAVIX,2025-07-25,10.720000267028809,11.579999923706055,10.609999656677246,11.279999732971191,0
^INDIAVIX,2025-07-28,11.279999732971191,12.229999542236328,10.329999923706055,12.0600004196167,0
^INDIAVIX,2025-07-29,12.0600004196167,12.300000190734863,11.399999618530273,11.529999732971191,0
^INDIAVIX,2025-07-30,11.529999732971191,11.779999732971191,10.609999656677246,11.210000038146973,0
^INDIAVIX,2025-07-31,11.210000038146973,12.119999885559082,11.210000038146973,11.539999961853027,0
^INDIAVIX,2025-08-01,11.539999961853027,12.109999656677246,11.399999618530273,11.979999542236328,0
^INDIAVIX,2025-08-04,11.979999542236328,12.630000114440918,11.800000190734863,11.970000267028809,0
^INDIAVIX,2025-08-05,11.970000267028809,12.180000305175781,11.640000343322754,11.710000038146973,0
^INDIAVIX,2025-08-06,11.710000038146973,12.050000190734863,10.65999984741211,11.960000038146973,0
^INDIAVIX,2025-08-07,11.960000038146973,12.3100004196167,11.5600004196167,11.6899995803833,0
^INDIAVIX,2025-08-08,11.6899995803833,12.199999809265137,10.899999618530273,12.029999732971191,0
^INDIAVIX,2025-08-11,12.029999732971191,12.729999542236328,12.029999732971191,12.220000267028809,0
^INDIAVIX,2025-08-12,12.220000267028809,12.420000076293945,11.600000381469727,12.229999542236328,0
^INDIAVIX,2025-08-13,12.229999542236328,12.350000381469727,10.779999732971191,12.140000343322754,0
^INDIAVIX,2025-08-14,12.140000343322754,12.470000267028809,11.470000267028809,12.359999656677246,0
^INDIAVIX,2025-08-18,12.359999656677246,13.470000267028809,11.75,12.34000015258789,0
^INDIAVIX,2025-08-19,12.34000015258789,12.34000015258789,11.760000228881836,11.789999961853027,0
^INDIAVIX,2025-08-20,11.789999961853027,11.989999771118164,10.1899995803833,11.789999961853027,0
^INDIAVIX,2025-08-21,11.789999961853027,11.890000343322754,10.09000015258789,11.369999885559082,0
^INDIAVIX,2025-08-22,11.369999885559082,11.789999961853027,10.699999809265137,11.729999542236328,0
^INDIAVIX,2025-08-25,11.729999542236328,12.350000381469727,11.550000190734863,11.760000228881836,0
^INDIAVIX,2025-08-26,11.760000228881836,12.550000190734863,10.930000305175781,12.1899995803833,0
^INDIAVIX,2025-08-28,12.1899995803833,13.149999618530273,11.579999923706055,12.180000305175781,0
^INDIAVIX,2025-08-29,12.180000305175781,12.199999809265137,11.59000015258789,11.75,0
^INDIAVIX,2025-09-01,11.75,12.199999809265137,11.239999771118164,11.289999961853027,0
^INDIAVIX,2025-09-02,11.289999961853027,11.779999732971191,10.779999732971191,11.399999618530273,0
^INDIAVIX,2025-09-03,11.399999618530273,11.579999923706055,10.850000381469727,10.930000305175781,0
^INDIAVIX,2025-09-04,10.930000305175781,11.239999771118164,10.489999771118164,10.850000381469727,0
^INDIAVIX,2025-09-05,10.850000381469727,11.4399995803833,9.949999809265137,10.779999732971191,0
^INDIAVIX,2025-09-08,10.779999732971191,11.079999923706055,10.420000076293945,10.84000015258789,0
^INDIAVIX,2025-09-09,10.84000015258789,11.449999809265137,9.850000381469727,10.6899995803833,0
^INDIAVIX,2025-09-10,10.6899995803833,10.84000015258789,10.25,10.539999961853027,0
^INDIAVIX,2025-09-11,10.539999961853027,10.779999732971191,10.180000305175781,10.359999656677246,0
^INDIAVIX,2025-09-12,10.359999656677246,10.359999656677246,9.850000381469727,10.119999885559082,0
^INDIAVIX,2025-09-15,10.119999885559082,10.680000305175781,9.899999618530273,10.399999618530273,0
^INDIAVIX,2025-09-16,10.399999618530273,10.5,9.760000228881836,10.270000457763672,0
^INDIAVIX,2025-09-17,10.270000457763672,10.359999656677246,9.619999885559082,10.25,0
^INDIAVIX,2025-09-18,10.25,10.25,9.489999771118164,9.890000343322754,0
^INDIAVIX,2025-09-19,9.890000343322754,10.260000228881836,9.399999618530273,9.970000267028809,0
^INDIAVIX,2025-09-22,9.970000267028809,10.729999542236328,9.970000267028809,10.5600004196167,0
^INDIAVIX,2025-09-23,10.5600004196167,10.899999618530273,9.960000038146973,10.630000114440918,0
^INDIAVIX,2025-09-24,10.630000114440918,10.890000343322754,10.109999656677246,10.520000457763672,0
^INDIAVIX,2025-09-25,10.520000457763672,10.899999618530273,10.289999961853027,10.779999732971191,0
^INDIAVIX,2025-09-26,10.779999732971191,11.680000305175781,10.170000076293945,11.430000305175781,0
^INDIAVIX,2025-09-29,11.430000305175781,11.729999542236328,10.619999885559082,11.369999885559082,0
^INDIAVIX,2025-09-30,11.369999885559082,11.789999961853027,10.930000305175781,11.069999694824219,0
^INDIAVIX,2025-10-01,11.069999694824219,11.260000228881836,10.149999618530273,10.289999961853027,0
^INDIAVIX,2025-10-03,10.289999961853027,10.619999885559082,9.949999809265137,10.0600004196167,0
^INDIAVIX,2025-10-06,10.0600004196167,10.539999961853027,9.65999984741211,10.1899995803833,0
^INDIAVIX,2025-10-07,10.1899995803833,10.449999809265137,10.0,10.050000190734863,0
^INDIAVIX,2025-10-08,10.050000190734863,10.520000457763672,9.6899995803833,10.3100004196167,0
^INDIAVIX,2025-10-09,10.3100004196167,10.569999694824219,10.0,10.119999885559082,0
^INDIAVIX,2025-10-10,10.119999885559082,10.34000015258789,9.710000038146973,10.100000381469727,0
^INDIAVIX,2025-10-13,10.100000381469727,11.260000228881836,9.779999732971191,11.010000228881836,0
^INDIAVIX,2025-10-14,11.010000228881836,11.670000076293945,10.010000228881836,11.15999984741211,0
^INDIAVIX,2025-10-15,11.15999984741211,11.15999984741211,10.430000305175781,10.529999732971191,0
^INDIAVIX,2025-10-16,10.529999732971191,11.0600004196167,10.380000114440918,10.869999885559082,0
^INDIAVIX,2025-10-17,10.869999885559082,11.8100004196167,9.779999732971191,11.630000114440918,0
^INDIAVIX,2025-10-20,11.630000114440918,11.880000114440918,10.670000076293945,11.359999656677246,0
^INDIAVIX,2025-10-21,11.359999656677246,11.600000381469727,10.699999809265137,11.300000190734863,0
^INDIAVIX,2025-10-23,11.300000190734863,12.050000190734863,10.739999771118164,11.729999542236328,0
^INDIAVIX,2025-10-24,11.729999542236328,11.9399995803833,11.4399995803833,11.59000015258789,0
^INDIAVIX,2025-10-27,11.59000015258789,12.729999542236328,11.279999732971191,11.859999656677246,0
^INDIAVIX,2025-10-28,11.859999656677246,12.640000343322754,10.710000038146973,11.949999809265137,0
^INDIAVIX,2025-10-29,11.949999809265137,12.100000381469727,11.229999542236328,11.970000267028809,0
^INDIAVIX,2025-10-30,11.970000267028809,12.270000457763672,11.710000038146973,12.069999694824219,0
^INDIAVIX,2025-10-31,12.069999694824219,12.289999961853027,11.770000457763672,12.149999618530273,0
^INDIAVIX,2025-11-03,12.149999618530273,12.9399995803833,11.789999961853027,12.670000076293945,0
^INDIAVIX,2025-11-04,12.670000076293945,12.9399995803833,10.979999542236328,12.649999618530273,0
^INDIAVIX,2025-11-06,12.649999618530273,12.869999885559082,12.0600004196167,12.40999984741211,0
^INDIAVIX,2025-11-07,12.40999984741211,12.670000076293945,11.960000038146973,12.5600004196167,0
^INDIAVIX,2025-11-10,12.5600004196167,12.930000305175781,11.40999984741211,12.300000190734863,0
^INDIAVIX,2025-11-11,12.300000190734863,13.010000228881836,11.989999771118164,12.489999771118164,0
^INDIAVIX,2025-11-12,12.489999771118164,12.710000038146973,11.4399995803833,12.109999656677246,0
^INDIAVIX,2025-11-13,12.109999656677246,12.270000457763672,11.229999542236328,12.15999984741211,0
^INDIAVIX,2025-11-14,12.15999984741211,12.449999809265137,11.800000190734863,11.9399995803833,0
^INDIAVIX,2025-11-17,11.9399995803833,12.279999732971191,10.899999618530273,11.789999961853027,0
^INDIAVIX,2025-11-18,11.789999961853027,12.289999961853027,10.9399995803833,12.100000381469727,0
^INDIAVIX,2025-11-19,12.100000381469727,12.380000114440918,10.770000457763672,11.970000267028809,0
^INDIAVIX,2025-11-20,11.970000267028809,12.380000114440918,11.0600004196167,12.140000343322754,0
^INDIAVIX,2025-11-21,12.140000343322754,13.850000381469727,12.140000343322754,13.630000114440918,0
^INDIAVIX,2025-11-24,13.630000114440918,13.630000114440918,11.9399995803833,13.239999771118164,0
^INDIAVIX,2025-11-25,13.239999771118164,13.239999771118164,10.859999656677246,12.239999771118164,0
^INDIAVIX,2025-11-26,12.239999771118164,12.569999694824219,11.59000015258789,11.970000267028809,0
^INDIAVIX,2025-11-27,11.970000267028809,12.239999771118164,11.510000228881836,11.789999961853027,0
^INDIAVIX,2025-11-28,11.789999961853027,11.789999961853027,10.819999694824219,11.619999885559082,0
^INDIAVIX,2025-12-01,11.619999885559082,12.010000228881836,10.899999618530273,11.630000114440918,0
^INDIAVIX,2025-12-02,11.630000114440918,11.9399995803833,11.029999732971191,11.229999542236328,0
^INDIAVIX,2025-12-03,11.229999542236328,11.369999885559082,10.920000076293945,11.210000038146973,0
^INDIAVIX,2025-12-04,11.210000038146973,11.270000457763672,10.579999923706055,10.819999694824219,0
^INDIAVIX,2025-12-05,10.819999694824219,10.869999885559082,10.15999984741211,10.319999694824219,0
^INDIAVIX,2025-12-08,10.319999694824219,11.609999656677246,10.140000343322754,11.130000114440918,0
^INDIAVIX,2025-12-09,11.130000114440918,11.880000114440918,10.460000038146973,10.949999809265137,0
^INDIAVIX,2025-12-10,10.949999809265137,11.420000076293945,10.489999771118164,10.90999984741211,0
^INDIAVIX,2025-12-11,10.90999984741211,11.1899995803833,10.319999694824219,10.399999618530273,0
^INDIAVIX,2025-12-12,10.399999618530273,10.399999618530273,9.960000038146973,10.109999656677246,0
^INDIAVIX,2025-12-15,10.109999656677246,10.84000015258789,10.050000190734863,10.25,0
^INDIAVIX,2025-12-16,10.25,10.430000305175781,9.65999984741211,10.0600004196167,0
^INDIAVIX,2025-12-17,10.0600004196167,10.180000305175781,9.479999542236328,9.84000015258789,0
^INDIAVIX,2025-12-18,9.84000015258789,9.949999809265137,9.609999656677246,9.710000038146973,0
^INDIAVIX,2025-12-19,9.710000038146973,10.3100004196167,9.4399995803833,9.520000457763672,0
^INDIAVIX,2025-12-22,9.520000457763672,9.899999618530273,8.859999656677246,9.680000305175781,0
^INDIAVIX,2025-12-23,9.680000305175781,9.789999961853027,9.319999694824219,9.380000114440918,0
^INDIAVIX,2025-12-24,9.380000114440918,9.680000305175781,8.880000114440918,9.1899995803833,0
^INDIAVIX,2025-12-26,9.1899995803833,9.399999618530273,9.020000457763672,9.149999618530273,0
^INDIAVIX,2025-12-29,9.149999618530273,9.770000457763672,9.050000190734863,9.720000267028809,0
^INDIAVIX,2025-12-30,9.720000267028809,9.989999771118164,9.59000015258789,9.680000305175781,0
^INDIAVIX,2025-12-31,9.680000305175781,9.729999542236328,9.3100004196167,9.479999542236328,0
^INDIAVIX,2026-01-02,9.1899995803833,9.5600004196167,8.970000267028809,9.449999809265137,0
^INDIAVIX,2026-01-05,9.449999809265137,10.220000267028809,9.289999961853027,10.020000457763672,0
^INDIAVIX,2026-01-06,10.020000457763672,10.289999961853027,9.649999618530273,10.020000457763672,0
^INDIAVIX,2026-01-07,10.020000457763672,10.239999771118164,9.75,9.949999809265137,0
^INDIAVIX,2026-01-08,9.949999809265137,10.989999771118164,9.479999542236328,10.600000381469727,0
^INDIAVIX,2026-01-09,10.600000381469727,11.039999961853027,10.220000267028809,10.930000305175781,0
^INDIAVIX,2026-01-12,10.930000305175781,11.949999809265137,10.520000457763672,11.369999885559082,0
^INDIAVIX,2026-01-13,11.369999885559082,11.680000305175781,10.640000343322754,11.199999809265137,0
^INDIAVIX,2026-01-14,11.199999809265137,11.470000267028809,11.010000228881836,11.319999694824219,0
^INDIAVIX,2026-01-16,11.319999694824219,11.579999923706055,10.880000114440918,11.369999885559082,0
^INDIAVIX,2026-01-19,11.369999885559082,12.130000114440918,10.390000343322754,11.829999923706055,0
^INDIAVIX,2026-01-20,11.829999923706055,12.899999618530273,11.0,12.729999542236328,0
^INDIAVIX,2026-01-21,12.729999542236328,14.430000305175781,12.430000305175781,13.779999732971191,0
^INDIAVIX,2026-01-22,13.779999732971191,14.329999923706055,12.90999984741211,13.350000381469727,0
^INDIAVIX,2026-01-23,13.350000381469727,14.430000305175781,12.279999732971191,14.1899995803833,0
^INDIAVIX,2026-01-27,14.1899995803833,16.059999465942383,13.920000076293945,14.449999809265137,0
^INDIAVIX,2026-01-28,14.449999809265137,14.510000228881836,13.4399995803833,13.529999732971191,0
^INDIAVIX,2026-01-29,13.529999732971191,14.1899995803833,13.069999694824219,13.369999885559082,0
^INDIAVIX,2026-01-30,13.369999885559082,14.229999542236328,12.880000114440918,13.630000114440918,0
^INDIAVIX,2026-02-02,15.100000381469727,15.550000190734863,13.579999923706055,13.869999885559082,0
^INDIAVIX,2026-02-03,13.869999885559082,15.470000267028809,11.850000381469727,12.899999618530273,0
^INDIAVIX,2026-02-04,12.899999618530273,13.149999618530273,12.0600004196167,12.25,0
^INDIAVIX,2026-02-05,12.25,12.550000190734863,10.9399995803833,12.170000076293945,0
^INDIAVIX,2026-02-06,12.170000076293945,12.350000381469727,11.15999984741211,11.9399995803833,0
^INDIAVIX,2026-02-09,11.9399995803833,12.279999732971191,10.670000076293945,12.1899995803833,0
^INDIAVIX,2026-02-10,12.1899995803833,12.1899995803833,10.359999656677246,11.670000076293945,0
^INDIAVIX,2026-02-11,11.670000076293945,11.710000038146973,10.5600004196167,11.550000190734863,0
^INDIAVIX,2026-02-12,11.550000190734863,12.109999656677246,10.850000381469727,11.729999542236328,0
^INDIAVIX,2026-02-13,11.729999542236328,13.579999923706055,10.960000038146973,13.289999961853027,0
^INDIAVIX,2026-02-16,13.289999961853027,13.829999923706055,13.239999771118164,13.329999923706055,0
^INDIAVIX,2026-02-17,13.329999923706055,13.479999542236328,11.630000114440918,12.670000076293945,0
^INDIAVIX,2026-02-18,12.670000076293945,12.770000457763672,11.350000381469727,12.220000267028809,0
^INDIAVIX,2026-02-19,12.220000267028809,13.680000305175781,9.729999542236328,13.460000038146973,0
^INDIAVIX,2026-02-20,13.460000038146973,14.779999732971191,13.100000381469727,14.359999656677246,0
^INDIAVIX,2026-02-23,14.359999656677246,14.479999542236328,12.770000457763672,14.170000076293945,0
^INDIAVIX,2026-02-24,14.170000076293945,14.949999809265137,12.350000381469727,14.149999618530273,0
^INDIAVIX,2026-02-25,14.149999618530273,14.149999618530273,12.84000015258789,13.489999771118164,0
^INDIAVIX,2026-02-26,13.489999771118164,13.609999656677246,11.8100004196167,13.0600004196167,0
^INDIAVIX,2026-02-27,13.0600004196167,14.039999961853027,11.199999809265137,13.699999809265137,0
^INDIAVIX,2026-03-02,13.699999809265137,17.809999465942383,12.829999923706055,17.1299991607666,0
^INDIAVIX,2026-03-04,17.1299991607666,21.3700008392334,16.969999313354492,21.139999389648438,0
^INDIAVIX,2026-03-05,21.139999389648438,21.139999389648438,17.299999237060547,17.860000610351562,0
^INDIAVIX,2026-03-06,17.860000610351562,20.139999389648438,17.200000762939453,19.8799991607666,0
^INDIAVIX,2026-03-09,19.8799991607666,24.489999771118164,19.219999313354492,23.360000610351562,0
^INDIAVIX,2026-03-10,23.360000610351562,23.360000610351562,18.780000686645508,18.90999984741211,0
^INDIAVIX,2026-03-11,18.90999984741211,21.389999389648438,17.239999771118164,21.059999465942383,0
^INDIAVIX,2026-03-12,21.059999465942383,22.360000610351562,20.81999969482422,21.520000457763672,0
^INDIAVIX,2026-03-13,21.520000457763672,22.8799991607666,21.25,22.649999618530273,0
^INDIAVIX,2026-03-16,22.649999618530273,22.8799991607666,19.81999969482422,21.600000381469727,0
^INDIAVIX,2026-03-17,21.600000381469727,21.600000381469727,19.6299991607666,19.790000915527344,0
^INDIAVIX,2026-03-18,19.790000915527344,19.790000915527344,18.59000015258789,18.719999313354492,0
^INDIAVIX,2026-03-19,18.719999313354492,23.200000762939453,18.719999313354492,22.799999237060547,0
^INDIAVIX,2026-03-20,22.799999237060547,23.139999389648438,21.690000534057617,22.809999465942383,0
^INDIAVIX,2026-03-23,22.809999465942383,27.170000076293945,22.809999465942383,26.729999542236328,0
^INDIAVIX,2026-03-24,26.729999542236328,26.729999542236328,24.6299991607666,24.739999771118164,0
^INDIAVIX,2026-03-25,24.739999771118164,25.229999542236328,24.139999389648438,24.639999389648438,0
^INDIAVIX,2026-03-27,24.639999389648438,27.09000015258789,23.389999389648438,26.799999237060547,0
^INDIAVIX,2026-03-30,26.799999237060547,28.90999984741211,26.799999237060547,27.889999389648438,0
^INDIAVIX,2026-04-01,27.889999389648438,27.889999389648438,23.649999618530273,25.010000228881836,0
^INDIAVIX,2026-04-02,25.010000228881836,26.600000381469727,25.010000228881836,25.520000457763672,0
^INDIAVIX,2026-04-06,25.520000457763672,26.559999465942383,25.079999923706055,25.469999313354492,0
^INDIAVIX,2026-04-07,25.469999313354492,26.260000228881836,24.549999237060547,24.700000762939453,0
^INDIAVIX,2026-04-08,24.700000762939453,24.700000762939453,19.309999465942383,19.700000762939453,0
^INDIAVIX,2026-04-09,19.700000762939453,20.940000534057617,19.170000076293945,20.43000030517578,0
^INDIAVIX,2026-04-10,20.43000030517578,20.43000030517578,18.3700008392334,18.850000381469727,0
^INDIAVIX,2026-04-13,18.850000381469727,21.510000228881836,18.18000030517578,20.5,0
^INDIAVIX,2026-04-15,20.5,20.5,17.34000015258789,18.670000076293945,0
^INDIAVIX,2026-04-16,18.670000076293945,18.670000076293945,16.829999923706055,18.09000015258789,0
^INDIAVIX,2026-04-17,18.09000015258789,18.469999313354492,16.59000015258789,17.209999084472656,0
^INDIAVIX,2026-04-20,17.209999084472656,19.010000228881836,16.479999542236328,18.790000915527344,0
^INDIAVIX,2026-04-21,18.790000915527344,18.790000915527344,17.450000762939453,17.530000686645508,0
^INDIAVIX,2026-04-22,17.530000686645508,18.729999542236328,17.25,18.299999237060547,0
^INDIAVIX,2026-04-23,18.299999237060547,19.1200008392334,17.489999771118164,18.59000015258789,0
^INDIAVIX,2026-04-24,18.59000015258789,19.899999618530273,18.059999465942383,19.709999084472656,0
^INDIAVIX,2026-04-27,19.709999084472656,19.709999084472656,18.270000457763672,18.3799991607666,0
^INDIAVIX,2026-04-28,18.3799991607666,18.40999984741211,17.270000457763672,18.049999237060547,0
^INDIAVIX,2026-04-29,18.049999237060547,18.049999237060547,16.75,17.440000534057617,0
^INDIAVIX,2026-04-30,17.440000534057617,19.479999542236328,17.190000534057617,18.459999084472656,0
^INDIAVIX,2026-05-04,18.459999084472656,18.8799991607666,16.75,18.299999237060547,0
^INDIAVIX,2026-05-05,18.299999237060547,18.84000015258789,17.709999084472656,17.90999984741211,0
^INDIAVIX,2026-05-06,17.90999984741211,18.079999923706055,16.579999923706055,16.68000030517578,0
^INDIAVIX,2026-05-07,16.68000030517578,17.200000762939453,15.170000076293945,16.6200008392334,0
^INDIAVIX,2026-05-08,16.6200008392334,17.43000030517578,16.15999984741211,16.84000015258789,0
^INDIAVIX,2026-05-11,16.84000015258789,18.969999313354492,16.84000015258789,18.549999237060547,0
^INDIAVIX,2026-05-12,18.549999237060547,19.459999084472656,17.6299991607666,19.280000686645508,0
^INDIAVIX,2026-05-13,19.280000686645508,20.1299991607666,18.360000610351562,19.43000030517578,0
^INDIAVIX,2026-05-14,19.43000030517578,19.43000030517578,18.389999389648438,18.610000610351562,0
^INDIAVIX,2026-05-15,18.610000610351562,19.010000228881836,17.420000076293945,18.790000915527344,0
^INDIAVIX,2026-05-18,18.790000915527344,20.059999465942383,17.719999313354492,19.6299991607666,0
^INDIAVIX,2026-05-19,19.6299991607666,19.6299991607666,18.270000457763672,18.68000030517578,0
^INDIAVIX,2026-05-20,18.68000030517578,19.459999084472656,18.059999465942383,18.440000534057617,0
^INDIAVIX,2026-05-21,18.440000534057617,18.440000534057617,17.43000030517578,17.81999969482422,0
^INDIAVIX,2026-05-22,17.81999969482422,19.030000686645508,16.469999313354492,17.90999984741211,0
^INDIAVIX,2026-05-25,17.90999984741211,17.90999984741211,16.389999389648438,16.700000762939453,0
^INDIAVIX,2026-05-26,16.700000762939453,16.959999084472656,15.359999656677246,16.1299991607666,0
^INDIAVIX,2026-05-27,16.1299991607666,16.329999923706055,14.699999809265137,14.979999542236328,0
^INDIAVIX,2026-05-29,14.979999542236328,16.549999237060547,14.59000015258789,16.190000534057617,0
^INDIAVIX,2026-06-01,16.190000534057617,16.920000076293945,13.90999984741211,16.540000915527344,0
^INDIAVIX,2026-06-02,16.540000915527344,16.540000915527344,15.119999885559082,15.359999656677246,0
^INDIAVIX,2026-06-03,15.359999656677246,16.979999542236328,14.850000381469727,16.280000686645508,0
^INDIAVIX,2026-06-04,16.280000686645508,16.40999984741211,15.529999732971191,15.890000343322754,0
^INDIAVIX,2026-06-05,15.890000343322754,16.3700008392334,13.460000038146973,15.789999961853027,0
^INDIAVIX,2026-06-08,15.789999961853027,18.440000534057617,15.789999961853027,17.030000686645508,0
^INDIAVIX,2026-06-09,17.030000686645508,17.030000686645508,15.520000457763672,15.579999923706055,0
^INDIAVIX,2026-06-10,15.579999923706055,15.850000381469727,14.899999618530273,15.630000114440918,0
^INDIAVIX,2026-06-11,15.630000114440918,15.949999809265137,15.119999885559082,15.609999656677246,0
^INDIAVIX,2026-06-12,15.609999656677246,15.609999656677246,14.399999618530273,14.720000267028809,0
^INDIAVIX,2026-06-15,14.720000267028809,14.720000267028809,13.5600004196167,14.350000381469727,0
^INDIAVIX,2026-06-16,14.350000381469727,14.350000381469727,13.010000228881836,13.359999656677246,0
^INDIAVIX,2026-06-17,13.359999656677246,13.529999732971191,12.350000381469727,13.1899995803833,0
^INDIAVIX,2026-06-18,13.1899995803833,13.229999542236328,11.989999771118164,12.670000076293945,0
^INDIAVIX,2026-06-19,12.670000076293945,13.640000343322754,12.069999694824219,12.970000267028809,0
^INDIAVIX,2026-06-22,12.970000267028809,13.510000228881836,12.649999618530273,12.84000015258789,0
^INDIAVIX,2026-06-23,12.84000015258789,14.239999771118164,12.430000305175781,13.9399995803833,0
^INDIAVIX,2026-06-24,13.9399995803833,14.300000190734863,13.300000190734863,13.390000343322754,0
^INDIAVIX,2026-06-25,13.390000343322754,13.390000343322754,12.430000305175781,13.050000190734863,0
^INDIAVIX,2026-06-29,13.050000190734863,14.069999694824219,12.920000076293945,13.609999656677246,0
^INDIAVIX,2026-06-30,13.609999656677246,13.970000267028809,13.149999618530273,13.600000381469727,0
^INDIAVIX,2026-07-01,13.600000381469727,14.069999694824219,13.149999618530273,13.239999771118164,0
^INDIAVIX,2026-07-02,13.239999771118164,13.289999961853027,12.1899995803833,12.289999961853027,0
^INDIAVIX,2026-07-03,12.289999961853027,12.289999961853027,11.649999618530273,11.800000190734863,0
^NSEBANK,2025-04-07,49336.1015625,50426.25,49156.94921875,49860.1015625,236800
^NSEBANK,2025-04-08,50388.55078125,50793.69921875,50030.80078125,50511.0,162300
^NSEBANK,2025-04-09,50487.1015625,50496.8984375,49910.8515625,50240.1484375,141800
^NSEBANK,2025-04-11,50634.1015625,51244.69921875,50634.1015625,51002.3515625,140000
^NSEBANK,2025-04-15,52299.0,52486.3515625,51863.30078125,52379.5,203800
^NSEBANK,2025-04-16,52690.8984375,53164.44921875,52471.3515625,53117.75,200500
^NSEBANK,2025-04-17,53153.75,54407.19921875,53084.8984375,54290.19921875,294900
^NSEBANK,2025-04-21,54891.25,55461.6484375,54674.94921875,55304.5,300
^NSEBANK,2025-04-22,55414.30078125,55961.19921875,55243.55078125,55647.19921875,276900
^NSEBANK,2025-04-23,56097.1015625,56098.69921875,55162.5,55370.05078125,245500
^NSEBANK,2025-04-24,55103.8984375,55550.44921875,55088.3984375,55201.3984375,233200
^NSEBANK,2025-04-25,55233.55078125,55350.55078125,54176.44921875,54664.05078125,210800
^NSEBANK,2025-04-28,54610.30078125,55577.3984375,54582.3515625,55432.80078125,178600
^NSEBANK,2025-04-29,55524.3515625,55957.75,55262.3984375,55391.25,193900
^NSEBANK,2025-04-30,55382.3984375,55478.25,54723.69921875,55087.1484375,193500
^NSEBANK,2025-05-02,55100.94921875,55691.94921875,54994.3984375,55115.3515625,154200
^NSEBANK,2025-05-05,55065.80078125,55345.5,54786.5,54919.5,139400
^NSEBANK,2025-05-06,54918.25,55036.94921875,54172.94921875,54271.3984375,198700
^NSEBANK,2025-05-07,54013.3984375,54684.30078125,53919.8984375,54610.8984375,268900
^NSEBANK,2025-05-08,54801.75,54937.25,54108.0,54365.6484375,302200
^NSEBANK,2025-05-09,53595.94921875,54054.80078125,53483.05078125,53595.25,179300
^NSEBANK,2025-05-12,54658.75,55466.30078125,54558.05078125,55382.8515625,199600
^NSEBANK,2025-05-13,55233.5,55499.6484375,54888.5,54940.8515625,190000
^NSEBANK,2025-05-14,55008.55078125,55208.6015625,54491.0,54801.30078125,145200
^NSEBANK,2025-05-15,54853.69921875,55490.55078125,54442.30078125,55355.6015625,138400
^NSEBANK,2025-05-16,55276.0,55418.8984375,55170.25,55354.8984375,136000
^NSEBANK,2025-05-19,55326.05078125,55695.55078125,55296.55078125,55420.69921875,138100
^NSEBANK,2025-05-20,55445.30078125,55568.3515625,54829.44921875,54877.3515625,143400
^NSEBANK,2025-05-21,55060.19921875,55336.8515625,54690.80078125,55075.1015625,119500
^NSEBANK,2025-05-22,54875.8984375,54996.1015625,54576.6015625,54941.30078125,148200
^NSEBANK,2025-05-23,54959.30078125,55441.30078125,54854.5,55398.25,88900
^NSEBANK,2025-05-26,55534.8984375,55875.75,55307.5,55572.0,90800
^NSEBANK,2025-05-27,55458.94921875,55831.3515625,55037.8515625,55352.80078125,145400
^NSEBANK,2025-05-28,55328.6015625,55521.80078125,55235.55078125,55417.0,128300
^NSEBANK,2025-05-29,55571.3984375,55782.75,55096.44921875,55546.05078125,185700
^NSEBANK,2025-05-30,55615.55078125,55813.30078125,55356.6015625,55749.69921875,281100
^NSEBANK,2025-06-02,55598.25,55966.30078125,55400.55078125,55903.3984375,211300
^NSEBANK,2025-06-03,56104.80078125,56161.3984375,55455.80078125,55599.94921875,212800
^NSEBANK,2025-06-04,55650.3515625,55791.0,55408.3515625,55676.8515625,151500
^NSEBANK,2025-06-05,55806.75,56010.1484375,55580.44921875,55760.8515625,141300
^NSEBANK,2025-06-06,55699.44921875,56695.0,55534.75,56578.3984375,347000
^NSEBANK,2025-06-09,57049.5,57049.5,56792.69921875,56839.6015625,207500
^NSEBANK,2025-06-10,56993.8984375,57015.3984375,56564.1484375,56629.1015625,146000
^NSEBANK,2025-06-11,56639.8515625,56782.5,56399.3984375,56459.75,135300
^NSEBANK,2025-06-12,56480.8984375,56611.05078125,55968.5,56082.55078125,135300
^NSEBANK,2025-06-13,55149.30078125,55688.0,55149.30078125,55527.3515625,142000
^NSEBANK,2025-06-16,55554.1015625,55999.8515625,55381.44921875,55944.8984375,107700
^NSEBANK,2025-06-17,55975.0,56067.30078125,55643.94921875,55714.1484375,106300
^NSEBANK,2025-06-18,55544.94921875,55933.6015625,55511.80078125,55828.75,116400
^NSEBANK,2025-06-19,55784.8515625,55942.44921875,55475.44921875,55577.44921875,131300
^NSEBANK,2025-06-20,55566.69921875,56328.19921875,55566.3984375,56252.8515625,161500
^NSEBANK,2025-06-23,55832.3515625,56233.55078125,55779.25,56059.3515625,86800
^NSEBANK,2025-06-24,56529.44921875,56862.0,56276.1484375,56461.8984375,132900
^NSEBANK,2025-06-25,56564.5,56681.3984375,56420.6484375,56621.1484375,98700
^NSEBANK,2025-06-26,56693.55078125,57263.44921875,56558.3515625,57206.69921875,176500
^NSEBANK,2025-06-27,57234.69921875,57475.3984375,56993.8515625,57443.8984375,238000
^NSEBANK,2025-06-30,57529.94921875,57614.5,57193.80078125,57312.75,183000
^NSEBANK,2025-07-01,57375.80078125,57533.8515625,57150.3515625,57459.44921875,283300
^NSEBANK,2025-07-02,57558.19921875,57628.3984375,56833.80078125,56999.19921875,169600
^NSEBANK,2025-07-03,57050.3984375,57193.25,56764.1015625,56791.94921875,149900
^NSEBANK,2025-07-04,56825.25,57075.1015625,56623.6015625,57031.8984375,93900
^NSEBANK,2025-07-07,56938.69921875,57152.19921875,56838.55078125,56949.19921875,103300
^NSEBANK,2025-07-08,56942.55078125,57303.30078125,56923.05078125,57256.30078125,105500
^NSEBANK,2025-07-09,57199.75,57290.6484375,57037.8984375,57213.55078125,91100
^NSEBANK,2025-07-10,57339.75,57363.69921875,56886.6015625,56956.0,102000
^NSEBANK,2025-07-11,56843.44921875,57091.05078125,56607.75,56754.69921875,95500
^NSEBANK,2025-07-14,56780.75,56896.30078125,56594.25,56765.3515625,123000
^NSEBANK,2025-07-15,56709.19921875,57134.94921875,56707.80078125,57006.6484375,124600
^NSEBANK,2025-07-16,57111.25,57276.55078125,56937.6015625,57168.94921875,161300
^NSEBANK,2025-07-17,57231.94921875,57262.8515625,56780.1484375,56828.80078125,129800
^NSEBANK,2025-07-18,56524.25,56705.1484375,56204.8515625,56283.0,141200
^NSEBANK,2025-07-21,56558.8984375,56983.44921875,56255.69921875,56952.75,133700
^NSEBANK,2025-07-22,57253.3515625,57286.1484375,56692.0,56756.0,132800
^NSEBANK,2025-07-23,56918.1484375,57249.0,56715.80078125,57210.44921875,129800
^NSEBANK,2025-07-24,57316.6015625,57316.6015625,56850.8984375,57066.05078125,179800
^NSEBANK,2025-07-25,57170.69921875,57170.69921875,56439.3984375,56528.8984375,125100
^NSEBANK,2025-07-28,56215.1015625,56578.3984375,55997.44921875,56084.8984375,145700
^NSEBANK,2025-07-29,55881.80078125,56296.3984375,55843.25,56222.0,145100
^NSEBANK,2025-07-30,56310.1015625,56321.1484375,56064.55078125,56150.69921875,139700
^NSEBANK,2025-07-31,55728.1484375,56406.19921875,55547.3515625,55961.94921875,182800
^NSEBANK,2025-08-01,55897.1484375,56097.6015625,55562.1015625,55617.6015625,98900
^NSEBANK,2025-08-04,55557.5,55752.44921875,55437.30078125,55619.3515625,131100
^NSEBANK,2025-08-05,55545.05078125,55648.1484375,55202.8515625,55360.25,105700
^NSEBANK,2025-08-06,55329.80078125,55559.3984375,55227.69921875,55411.1484375,117600
^NSEBANK,2025-08-07,55215.6484375,55614.80078125,54973.55078125,55521.1484375,95500
^NSEBANK,2025-08-08,55609.3515625,55652.6015625,54905.6015625,55004.8984375,97300
^NSEBANK,2025-08-11,54999.3515625,55582.1484375,54927.55078125,55510.75,105200
^NSEBANK,2025-08-12,55441.1015625,55566.69921875,55001.5,55043.69921875,74700
^NSEBANK,2025-08-13,55340.05078125,55340.05078125,55026.94921875,55181.44921875,80100
^NSEBANK,2025-08-14,55102.55078125,55472.80078125,55074.30078125,55341.8515625,74200
^NSEBANK,2025-08-18,55940.6015625,56156.30078125,55647.6484375,55734.8984375,101700
^NSEBANK,2025-08-19,55622.30078125,55965.55078125,55608.1484375,55865.1484375,89300
^NSEBANK,2025-08-20,55751.5,55812.6015625,55577.3515625,55698.5,69100
^NSEBANK,2025-08-21,55972.05078125,55993.6484375,55708.19921875,55755.44921875,70300
^NSEBANK,2025-08-22,55669.25,55745.0,55102.6015625,55149.3984375,77100
^NSEBANK,2025-08-25,55147.75,55306.0,55048.3984375,55139.30078125,79900
^NSEBANK,2025-08-26,54999.05078125,55068.8984375,54396.1015625,54450.44921875,123800
^NSEBANK,2025-08-28,54256.0,54382.25,53768.44921875,53820.3515625,134300
^NSEBANK,2025-08-29,53660.3515625,54086.0,53606.44921875,53655.6484375,103900
^NSEBANK,2025-09-01,53658.1484375,54035.8515625,53658.1484375,54002.44921875,78000
^NSEBANK,2025-09-02,54038.25,54160.94921875,53578.0,53661.0,77500
^NSEBANK,2025-09-03,53630.75,54136.1484375,53561.75,54067.55078125,100100
^NSEBANK,2025-09-04,54379.6015625,54450.55078125,53971.8515625,54075.44921875,120000
^NSEBANK,2025-09-05,54308.05078125,54308.05078125,53719.55078125,54114.55078125,79900
^NSEBANK,2025-09-08,54215.3984375,54518.69921875,54067.1484375,54186.8984375,76300
^NSEBANK,2025-09-09,54330.55078125,54350.6484375,54079.44921875,54216.1015625,93800
^NSEBANK,2025-09-10,54554.75,54705.19921875,54400.0,54536.0,116900
^NSEBANK,2025-09-11,54413.05078125,54757.44921875,54402.3984375,54669.6015625,96900
^NSEBANK,2025-09-12,54781.55078125,54852.25,54580.3515625,54809.30078125,80100
^NSEBANK,2025-09-15,54884.05078125,55018.69921875,54807.5,54887.8515625,72000
^NSEBANK,2025-09-16,54778.3984375,55185.44921875,54777.75,55147.6015625,98700
^NSEBANK,2025-09-17,55158.3515625,55540.75,55146.55078125,55493.30078125,155300
^NSEBANK,2025-09-18,55797.1015625,55835.25,55490.8984375,55727.44921875,134300
^NSEBANK,2025-09-19,55647.94921875,55688.75,55355.30078125,55458.8515625,190000
^NSEBANK,2025-09-22,55429.30078125,55666.3515625,55215.6015625,55284.75,118600
^NSEBANK,2025-09-23,55248.69921875,55662.0,55159.0,55509.75,171200
^NSEBANK,2025-09-24,55387.1015625,55511.1015625,55040.44921875,55121.5,172000
^NSEBANK,2025-09-25,55061.6484375,55276.6484375,54903.30078125,54976.19921875,158400
^NSEBANK,2025-09-26,54797.8984375,54897.0,54310.94921875,54389.3515625,127700
^NSEBANK,2025-09-29,54460.3984375,54686.05078125,54226.6015625,54461.0,218300
^NSEBANK,2025-09-30,54705.5,54793.05078125,54502.94921875,54635.8515625,206900
^NSEBANK,2025-10-01,54653.8984375,55406.75,54582.55078125,55347.94921875,173000
^NSEBANK,2025-10-03,55182.6015625,55616.44921875,55177.0,55589.25,156900
^NSEBANK,2025-10-06,55834.69921875,56164.19921875,55727.25,56104.8515625,162600
^NSEBANK,2025-10-07,56126.3984375,56502.44921875,56025.05078125,56239.3515625,153700
^NSEBANK,2025-10-08,56098.5,56303.6015625,55821.0,56018.25,133600
^NSEBANK,2025-10-09,55979.0,56286.25,55843.8984375,56192.05078125,118000
^NSEBANK,2025-10-10,56168.6015625,56760.25,56152.44921875,56609.75,163000
^NSEBANK,2025-10-13,56337.05078125,56770.8984375,56327.3984375,56625.0,123500
^NSEBANK,2025-10-14,56598.6484375,56721.30078125,56230.1484375,56496.44921875,129800
^NSEBANK,2025-10-15,56528.94921875,56922.69921875,56491.8515625,56799.8984375,123700
^NSEBANK,2025-10-16,57139.94921875,57525.80078125,56994.69921875,57422.55078125,148600
^NSEBANK,2025-10-17,57362.8984375,57830.19921875,57238.6484375,57713.3515625,147200
^NSEBANK,2025-10-20,57872.8515625,58261.55078125,57872.8515625,58033.19921875,341700
^NSEBANK,2025-10-21,58063.3984375,58155.55078125,57887.19921875,58007.19921875,39000
^NSEBANK,2025-10-23,58314.55078125,58577.5,57951.44921875,58078.05078125,291600
^NSEBANK,2025-10-24,58172.75,58232.8984375,57482.05078125,57699.6015625,132100
^NSEBANK,2025-10-27,57796.44921875,58224.55078125,57652.75,58114.25,153000
^NSEBANK,2025-10-28,58006.55078125,58313.80078125,57770.3515625,58214.1015625,256100
^NSEBANK,2025-10-29,58316.25,58469.8984375,58087.05078125,58385.25,151800
^NSEBANK,2025-10-30,58152.05078125,58331.19921875,57999.19921875,58031.1015625,223000
^NSEBANK,2025-10-31,57942.44921875,58254.94921875,57656.94921875,57776.3515625,307900
^NSEBANK,2025-11-03,57726.8515625,58247.55078125,57718.3984375,58101.44921875,27800
^NSEBANK,2025-11-04,57966.6484375,58119.6484375,57732.94921875,57827.05078125,168600
^NSEBANK,2025-11-06,57714.80078125,57945.05078125,57521.0,57554.25,170400
^NSEBANK,2025-11-07,57391.3984375,58001.3515625,57157.8515625,57876.80078125,142400
^NSEBANK,2025-11-10,57846.19921875,58097.19921875,57846.19921875,57937.55078125,123400
^NSEBANK,2025-11-11,57962.30078125,58187.3515625,57594.25,58138.1484375,119600
^NSEBANK,2025-11-12,58505.3515625,58507.69921875,58171.8515625,58274.6484375,149300
^NSEBANK,2025-11-13,58158.75,58615.94921875,58127.1015625,58381.94921875,121200
^NSEBANK,2025-11-14,58050.0,58590.1484375,58050.0,58517.55078125,114800
^NSEBANK,2025-11-17,58696.30078125,59001.55078125,58605.30078125,58962.69921875,157500
^NSEBANK,2025-11-18,58990.5,59103.6484375,58798.8984375,58899.25,145500
^NSEBANK,2025-11-19,58908.1484375,59264.25,58688.55078125,59216.05078125,149800
^NSEBANK,2025-11-20,59308.19921875,59440.1015625,59125.25,59347.69921875,120000
^NSEBANK,2025-11-21,59116.69921875,59232.1484375,58823.6484375,58867.69921875,121400
^NSEBANK,2025-11-24,58996.8984375,59309.8984375,58649.5,58835.3515625,190400
^NSEBANK,2025-11-25,58925.6484375,59166.1484375,58746.19921875,58820.30078125,137400
^NSEBANK,2025-11-26,58783.05078125,59554.94921875,58783.05078125,59528.05078125,140200
^NSEBANK,2025-11-27,59605.30078125,59866.6015625,59523.0,59737.30078125,137800
^NSEBANK,2025-11-28,59758.69921875,59897.5,59598.94921875,59752.69921875,100000
^NSEBANK,2025-12-01,60102.05078125,60114.30078125,59527.6015625,59681.3515625,122300
^NSEBANK,2025-12-02,59354.19921875,59656.55078125,59251.94921875,59273.80078125,207100
^NSEBANK,2025-12-03,59158.69921875,59414.8984375,58925.69921875,59348.25,166400
^NSEBANK,2025-12-04,59287.1015625,59548.69921875,59062.1484375,59288.69921875,109600
^NSEBANK,2025-12-05,59133.19921875,59806.6015625,59106.55078125,59777.19921875,119500
^NSEBANK,2025-12-08,59672.05078125,59713.1484375,59030.6015625,59238.55078125,131200
^NSEBANK,2025-12-09,58918.8515625,59358.25,58878.44921875,59222.3515625,137800
^NSEBANK,2025-12-10,59281.55078125,59440.8984375,58853.8984375,58960.3984375,105200
^NSEBANK,2025-12-11,58966.19921875,59423.3515625,58799.8984375,59209.8515625,96900
^NSEBANK,2025-12-12,59401.5,59545.69921875,59224.8515625,59389.94921875,107700
^NSEBANK,2025-12-15,59053.69921875,59533.0,59052.30078125,59461.80078125,125200
^NSEBANK,2025-12-16,59288.75,59335.25,58966.3515625,59034.6015625,123300
^NSEBANK,2025-12-17,59072.80078125,59127.19921875,58801.3984375,58926.75,132700
^NSEBANK,2025-12-18,58712.69921875,59211.0,58712.69921875,58912.8515625,97400
^NSEBANK,2025-12-19,59047.3984375,59140.55078125,58897.5,59069.19921875,179100
^NSEBANK,2025-12-22,59224.75,59371.19921875,59155.5,59304.0,114800
^NSEBANK,2025-12-23,59334.3515625,59402.3515625,59216.75,59299.55078125,91800
^NSEBANK,2025-12-24,59322.94921875,59478.1484375,59118.25,59183.6015625,82500
^NSEBANK,2025-12-26,59092.8515625,59180.6484375,58947.05078125,59011.3515625,72900
^NSEBANK,2025-12-29,59007.05078125,59140.3984375,58809.55078125,58932.3515625,106900
^NSEBANK,2025-12-30,58885.94921875,59272.69921875,58737.6015625,59171.25,295700
^NSEBANK,2025-12-31,59194.6015625,59766.19921875,59187.1015625,59581.8515625,122600
^NSEBANK,2026-01-01,59674.80078125,59743.19921875,59569.6484375,59711.55078125,71800
^NSEBANK,2026-01-02,59757.3984375,60203.75,59738.25,60150.94921875,250400
^NSEBANK,2026-01-05,60360.3984375,60437.3515625,59859.80078125,60044.19921875,318500
^NSEBANK,2026-01-06,59957.80078125,60305.0,59844.80078125,60118.3984375,295400
^NSEBANK,2026-01-07,60039.69921875,60065.3984375,59760.6484375,59990.8515625,376300
^NSEBANK,2026-01-08,59893.1484375,60112.8515625,59564.80078125,59686.5,312900
^NSEBANK,2026-01-09,59558.1484375,59739.6484375,59154.19921875,59251.55078125,272500
^NSEBANK,2026-01-12,59217.25,59541.1015625,58864.19921875,59450.5,262400
^NSEBANK,2026-01-13,59767.55078125,59767.55078125,59312.05078125,59578.80078125,224200
^NSEBANK,2026-01-14,59330.3515625,59796.6484375,59324.19921875,59580.1484375,341500
^NSEBANK,2026-01-16,59590.3515625,60235.1484375,59510.5,60095.1484375,478100
^NSEBANK,2026-01-19,60093.30078125,60107.5,59594.6015625,59891.3515625,492900
^NSEBANK,2026-01-20,59851.3984375,59993.5,59283.94921875,59404.19921875,396100
^NSEBANK,2026-01-21,59142.0,59447.3515625,58278.6015625,58800.30078125,331700
^NSEBANK,2026-01-22,59194.25,59573.1015625,58823.05078125,59200.1015625,300700
^NSEBANK,2026-01-23,59305.1484375,59400.1484375,58346.25,58473.1015625,323400
^NSEBANK,2026-01-27,58366.05078125,59436.80078125,58121.6015625,59205.44921875,388800
^NSEBANK,2026-01-28,59575.6484375,59699.8984375,59240.1015625,59598.80078125,289300
^NSEBANK,2026-01-29,59416.25,60060.69921875,59339.0,59957.8515625,617400
^NSEBANK,2026-01-30,59542.25,59906.8984375,59501.80078125,59610.44921875,317800
^NSEBANK,2026-02-02,58239.30078125,58687.05078125,57829.8515625,58619.0,282500
^NSEBANK,2026-02-03,61411.19921875,61764.8515625,59793.19921875,60041.30078125,368300
^NSEBANK,2026-02-04,60163.3515625,60389.3984375,59891.75,60238.1484375,255600
^NSEBANK,2026-02-05,60315.3515625,60328.30078125,59881.05078125,60063.6484375,200
^NSEBANK,2026-02-06,59967.1015625,60149.8984375,59644.55078125,60120.55078125,204800
^NSEBANK,2026-02-09,60805.19921875,60876.19921875,60495.69921875,60669.3515625,263400
^NSEBANK,2026-02-10,60740.80078125,60797.55078125,60531.55078125,60626.3984375,215900
^NSEBANK,2026-02-11,60670.25,60779.94921875,60444.6484375,60745.3515625,235100
^NSEBANK,2026-02-12,60786.1484375,60864.3984375,60597.6484375,60739.75,267000
^NSEBANK,2026-02-13,60504.3984375,60621.8984375,60073.55078125,60186.6484375,236600
^NSEBANK,2026-02-16,59947.80078125,61011.30078125,59861.1015625,60949.1015625,168600
^NSEBANK,2026-02-17,60821.1484375,61241.6015625,60560.0,61174.0,264000
^NSEBANK,2026-02-18,61255.3515625,61596.8515625,61100.8984375,61550.80078125,218100
^NSEBANK,2026-02-19,61660.8515625,61678.80078125,60592.8984375,60739.55078125,190600
^NSEBANK,2026-02-20,60627.8515625,61360.5,60562.3515625,61172.0,219800
^NSEBANK,2026-02-23,61145.55078125,61517.80078125,61029.1484375,61264.25,841900
^NSEBANK,2026-02-24,61392.1015625,61435.6484375,60801.8515625,61047.30078125,587700
^NSEBANK,2026-02-25,61175.05078125,61317.55078125,60816.75,61043.3515625,321600
^NSEBANK,2026-02-26,61193.8984375,61284.75,60813.30078125,61187.69921875,602700
^NSEBANK,2026-02-27,61057.44921875,61086.44921875,60438.94921875,60529.0,369200
^NSEBANK,2026-03-02,59204.30078125,60177.5,59148.0,59839.6484375,387100
^NSEBANK,2026-03-04,58447.1484375,59058.3984375,58393.55078125,58755.25,363100
^NSEBANK,2026-03-05,59008.25,59274.3515625,58506.3984375,59055.8515625,273500
^NSEBANK,2026-03-06,58629.6015625,58807.1484375,57696.3984375,57783.25,256900
^NSEBANK,2026-03-09,56121.3984375,56274.1484375,55270.6015625,56019.80078125,374100
^NSEBANK,2026-03-10,56583.8515625,57097.05078125,56387.19921875,56950.80078125,346800
^NSEBANK,2026-03-11,56790.3984375,56938.3984375,55631.94921875,55735.75,261000
^NSEBANK,2026-03-12,55008.19921875,55636.94921875,54760.55078125,55100.94921875,311300
^NSEBANK,2026-03-13,54592.05078125,54713.75,53675.69921875,53757.8515625,327500
^NSEBANK,2026-03-16,53721.5,54664.1484375,53258.1484375,54413.3984375,390200
^NSEBANK,2026-03-17,54649.1015625,54996.0,54113.1484375,54876.0,277100
^NSEBANK,2026-03-18,54927.05078125,55554.1484375,54689.1015625,55326.05078125,223200
^NSEBANK,2026-03-19,53474.55078125,54150.30078125,53240.6015625,53451.0,395300
^NSEBANK,2026-03-20,53548.19921875,54382.44921875,53297.55078125,53427.05078125,403500
^NSEBANK,2026-03-23,52576.1015625,52665.30078125,51323.6015625,51437.75,397300
^NSEBANK,2026-03-24,52384.80078125,52949.1484375,51827.5,52605.6484375,340600
^NSEBANK,2026-03-25,53024.75,54146.1484375,53024.75,53708.1015625,348600
^NSEBANK,2026-03-27,53244.25,53292.5,52211.19921875,52274.6015625,653000
^NSEBANK,2026-03-30,51527.8984375,51624.5,50105.25,50275.3515625,564900
^NSEBANK,2026-04-01,51433.8984375,52025.8515625,51133.55078125,51448.6484375,370100
^NSEBANK,2026-04-02,50625.6484375,51731.94921875,49954.8515625,51548.75,339200
^NSEBANK,2026-04-06,51747.6015625,52704.55078125,51111.1015625,52609.1015625,355000
^NSEBANK,2026-04-07,52258.69921875,52778.19921875,51868.44921875,52716.25,279700
^NSEBANK,2026-04-08,54904.44921875,55778.25,54797.5,55703.8984375,443600
^NSEBANK,2026-04-09,55505.94921875,55583.1015625,54626.8515625,54821.69921875,298800
^NSEBANK,2026-04-10,55182.25,55978.5,55145.25,55912.75,281000
^NSEBANK,2026-04-13,54646.0,55752.6484375,54356.19921875,55605.05078125,303600
^NSEBANK,2026-04-15,56343.44921875,56786.25,56109.19921875,56301.94921875,268000
^NSEBANK,2026-04-16,56657.25,56834.25,55898.25,56086.3984375,402200
^NSEBANK,2026-04-17,56072.3984375,56628.69921875,55841.6484375,56565.69921875,290600
^NSEBANK,2026-04-20,56704.05078125,57085.1015625,56356.55078125,56582.3515625,596100
^NSEBANK,2026-04-21,56823.6015625,57456.30078125,56696.30078125,57371.44921875,281400
^NSEBANK,2026-04-22,57163.3515625,57438.19921875,57002.1484375,57124.44921875,261900
^NSEBANK,2026-04-23,56608.94921875,56868.69921875,56217.1484375,56305.0,336300
^NSEBANK,2026-04-24,56170.19921875,56460.5,55750.3984375,56089.75,241200
^NSEBANK,2026-04-27,56162.6015625,56474.94921875,55911.1015625,56264.30078125,235500
^NSEBANK,2026-04-28,55862.5,56138.05078125,55263.75,55400.3515625,292600
^NSEBANK,2026-04-29,55634.5,56178.75,55290.5,55403.6015625,313100
^NSEBANK,2026-04-30,54880.6484375,55111.6015625,54440.25,54863.3515625,299000
^NSEBANK,2026-05-04,54937.8984375,55602.30078125,54723.5,54878.5,282600
^NSEBANK,2026-05-05,54691.30078125,54888.55078125,54221.6484375,54547.05078125,379800
^NSEBANK,2026-05-06,55113.3984375,56078.80078125,54587.19921875,55981.05078125,653300
^NSEBANK,2026-05-07,56114.0,56334.1484375,55783.19921875,56047.3984375,463500
^NSEBANK,2026-05-08,55783.94921875,55797.69921875,55062.5,55310.55078125,429500
^NSEBANK,2026-05-11,54832.44921875,55002.44921875,54360.69921875,54439.8984375,486800
^NSEBANK,2026-05-12,54178.3984375,54365.44921875,53457.5,53555.19921875,364400
^NSEBANK,2026-05-13,53600.3984375,54103.8984375,53194.25,53456.1484375,305900
^NSEBANK,2026-05-14,53639.5,54393.75,53191.6015625,54128.94921875,311800
^NSEBANK,2026-05-15,54207.75,54325.44921875,53628.30078125,53710.3515625,315100
^NSEBANK,2026-05-18,53282.1484375,53667.55078125,52783.44921875,53537.0,311800
^NSEBANK,2026-05-19,53553.75,53770.6484375,53337.05078125,53409.1484375,267800
^NSEBANK,2026-05-20,53015.69921875,53640.8984375,52836.1015625,53562.19921875,221400
^NSEBANK,2026-05-21,53963.1015625,54109.1484375,53156.1484375,53439.3984375,285500
^NSEBANK,2026-05-22,53483.8515625,54213.05078125,53483.55078125,54055.3515625,229300
^NSEBANK,2026-05-25,54610.55078125,55405.19921875,54590.69921875,55293.6484375,262400
^NSEBANK,2026-05-26,55311.80078125,55536.80078125,54979.75,55092.8984375,321300
^NSEBANK,2026-05-27,54992.94921875,55221.69921875,54738.6015625,54853.8515625,268100
^NSEBANK,2026-05-29,54748.30078125,55184.44921875,54116.1484375,54239.19921875,1042600
^NSEBANK,2026-06-01,54403.8515625,54582.75,53470.0,53643.1015625,322900
^NSEBANK,2026-06-02,53265.1015625,53933.55078125,53121.8515625,53714.6484375,406400
^NSEBANK,2026-06-03,53541.1015625,54299.3515625,53027.1484375,54185.94921875,339100
^NSEBANK,2026-06-04,53918.8515625,54461.0,53829.3984375,54307.8515625,273700
^NSEBANK,2026-06-05,54405.19921875,54865.5,54140.6015625,54496.25,369000
^NSEBANK,2026-06-08,53853.44921875,54455.19921875,53843.30078125,54063.75,299400
^NSEBANK,2026-06-09,54265.0,55318.3515625,54242.30078125,55194.5,409700
^NSEBANK,2026-06-10,55110.5,55555.8515625,55026.1484375,55100.30078125,343200
^NSEBANK,2026-06-11,54779.6484375,55600.1484375,54753.1484375,55176.75,339400
^NSEBANK,2026-06-12,55934.1015625,56867.1015625,55726.55078125,56814.80078125,337400
^NSEBANK,2026-06-15,57679.6484375,57804.5,57119.19921875,57198.80078125,350700
^NSEBANK,2026-06-16,57320.1015625,57399.69921875,57076.25,57297.1484375,375400
^NSEBANK,2026-06-17,57434.05078125,57646.1484375,57222.3984375,57585.05078125,583400
^NSEBANK,2026-06-18,57596.44921875,58021.25,57583.19921875,57963.80078125,409600
^NSEBANK,2026-06-19,57754.94921875,57804.8984375,57464.55078125,57685.75,285800
^NSEBANK,2026-06-22,57906.8984375,58009.1015625,57720.1015625,57935.6015625,293500
^NSEBANK,2026-06-23,57886.75,57970.8984375,57078.44921875,57183.75,267200
^NSEBANK,2026-06-24,57074.8984375,58256.3515625,57074.8984375,58150.3515625,283200
^NSEBANK,2026-06-25,58493.8515625,58706.05078125,58109.8515625,58177.05078125,296500
^NSEBANK,2026-06-29,58191.44921875,58318.05078125,57637.25,57727.3515625,529800
^NSEBANK,2026-06-30,58011.94921875,58011.94921875,57456.6484375,57542.8984375,398700
^NSEBANK,2026-07-01,57573.3515625,58134.1484375,57487.8515625,58033.05078125,260500
^NSEBANK,2026-07-02,58134.5,58396.1015625,57884.6015625,58031.6484375,273300
^NSEBANK,2026-07-03,58343.25,58343.25,57799.05078125,57938.5,326300
^NSEI,2025-04-07,21758.400390625,22254.0,21743.650390625,22161.599609375,647100
^NSEI,2025-04-08,22446.75,22697.19921875,22270.849609375,22535.849609375,468300
^NSEI,2025-04-09,22460.30078125,22468.69921875,22353.25,22399.150390625,383800
^NSEI,2025-04-11,22695.400390625,22923.900390625,22695.400390625,22828.55078125,402200
^NSEI,2025-04-15,23368.349609375,23368.349609375,23207.0,23328.55078125,388300
^NSEI,2025-04-16,23344.099609375,23452.19921875,23273.05078125,23437.19921875,348400
^NSEI,2025-04-17,23401.849609375,23872.349609375,23298.55078125,23851.650390625,505300
^NSEI,2025-04-21,23949.150390625,24189.55078125,23903.650390625,24125.55078125,406100
^NSEI,2025-04-22,24185.400390625,24242.599609375,24072.0,24167.25,440900
^NSEI,2025-04-23,24357.599609375,24359.30078125,24119.94921875,24328.94921875,415000
^NSEI,2025-04-24,24277.900390625,24347.849609375,24216.150390625,24246.69921875,358800
^NSEI,2025-04-25,24289.0,24365.44921875,23847.849609375,24039.349609375,387700
^NSEI,2025-04-28,24070.25,24355.099609375,24054.05078125,24328.5,320500
^NSEI,2025-04-29,24370.69921875,24457.650390625,24290.75,24335.94921875,357600
^NSEI,2025-04-30,24342.05078125,24396.150390625,24198.75,24334.19921875,424500
^NSEI,2025-05-02,24311.900390625,24589.150390625,24238.5,24346.69921875,421100
^NSEI,2025-05-05,24419.5,24526.400390625,24400.650390625,24461.150390625,291500
^NSEI,2025-05-06,24500.75,24509.650390625,24331.80078125,24379.599609375,302400
^NSEI,2025-05-07,24233.30078125,24449.599609375,24220.0,24414.400390625,330100
^NSEI,2025-05-08,24431.5,24447.25,24150.19921875,24273.80078125,411400
^NSEI,2025-05-09,23935.75,24164.25,23935.75,24008.0,335600
^NSEI,2025-05-12,24420.099609375,24944.80078125,24378.849609375,24924.69921875,368700
^NSEI,2025-05-13,24864.05078125,24973.80078125,24547.5,24578.349609375,423000
^NSEI,2025-05-14,24613.80078125,24767.55078125,24535.55078125,24666.900390625,345500
^NSEI,2025-05-15,24694.44921875,25116.25,24494.44921875,25062.099609375,500800
^NSEI,2025-05-16,25064.650390625,25070.0,24953.05078125,25019.80078125,432700
^NSEI,2025-05-19,25005.349609375,25062.94921875,24916.650390625,24945.44921875,255300
^NSEI,2025-05-20,24996.19921875,25010.349609375,24669.69921875,24683.900390625,414800
^NSEI,2025-05-21,24744.25,24946.19921875,24685.349609375,24813.44921875,332700
^NSEI,2025-05-22,24733.94921875,24737.5,24462.400390625,24609.69921875,403300
^NSEI,2025-05-23,24639.5,24909.05078125,24614.05078125,24853.150390625,270500
^NSEI,2025-05-26,24919.349609375,25079.19921875,24900.5,25001.150390625,302800
^NSEI,2025-05-27,24956.650390625,25062.900390625,24704.099609375,24826.19921875,525700
^NSEI,2025-05-28,24832.5,24864.25,24737.05078125,24752.44921875,684400
^NSEI,2025-05-29,24825.099609375,24892.599609375,24677.30078125,24833.599609375,345400
^NSEI,2025-05-30,24812.599609375,24863.94921875,24717.400390625,24750.69921875,853900
^NSEI,2025-06-02,24669.69921875,24754.400390625,24526.150390625,24716.599609375,311100
^NSEI,2025-06-03,24786.30078125,24845.099609375,24502.150390625,24542.5,349300
^NSEI,2025-06-04,24560.44921875,24644.25,24530.44921875,24620.19921875,280900
^NSEI,2025-06-05,24691.19921875,24899.849609375,24613.099609375,24750.900390625,388400
^NSEI,2025-06-06,24748.69921875,25029.5,24671.44921875,25003.05078125,335600
^NSEI,2025-06-09,25160.099609375,25160.099609375,25077.150390625,25103.19921875,279200
^NSEI,2025-06-10,25196.05078125,25199.30078125,25055.44921875,25104.25,307300
^NSEI,2025-06-11,25134.150390625,25222.400390625,25081.30078125,25141.400390625,301200
^NSEI,2025-06-12,25164.44921875,25196.19921875,24825.900390625,24888.19921875,328300
^NSEI,2025-06-13,24473.0,24754.349609375,24473.0,24718.599609375,318700
^NSEI,2025-06-16,24732.349609375,24967.099609375,24703.599609375,24946.5,305800
^NSEI,2025-06-17,24977.849609375,24982.05078125,24813.69921875,24853.400390625,242400
^NSEI,2025-06-18,24788.349609375,24947.55078125,24750.44921875,24812.05078125,237600
^NSEI,2025-06-19,24803.25,24863.099609375,24733.400390625,24793.25,274600
^NSEI,2025-06-20,24787.650390625,25136.19921875,24783.650390625,25112.400390625,574700
^NSEI,2025-06-23,24939.75,25057.0,24824.849609375,24971.900390625,248500
^NSEI,2025-06-24,25179.900390625,25317.69921875,24999.69921875,25044.349609375,450200
^NSEI,2025-06-25,25150.349609375,25266.80078125,25125.05078125,25244.75,260600
^NSEI,2025-06-26,25268.94921875,25565.30078125,25259.900390625,25549.0,428900
^NSEI,2025-06-27,25576.650390625,25654.19921875,25523.55078125,25637.80078125,564000
^NSEI,2025-06-30,25661.650390625,25669.349609375,25473.30078125,25517.05078125,271000
^NSEI,2025-07-01,25551.349609375,25593.400390625,25501.80078125,25541.80078125,260700
^NSEI,2025-07-02,25588.30078125,25608.099609375,25378.75,25453.400390625,309800
^NSEI,2025-07-03,25505.099609375,25587.5,25384.349609375,25405.30078125,293400
^NSEI,2025-07-04,25428.849609375,25470.25,25331.650390625,25461.0,193500
^NSEI,2025-07-07,25450.44921875,25489.80078125,25407.25,25461.30078125,196100
^NSEI,2025-07-08,25427.849609375,25548.05078125,25424.150390625,25522.5,210400
^NSEI,2025-07-09,25514.599609375,25548.69921875,25424.349609375,25476.099609375,239100
^NSEI,2025-07-10,25511.650390625,25524.05078125,25340.44921875,25355.25,219600
^NSEI,2025-07-11,25255.5,25322.44921875,25129.0,25149.849609375,250000
^NSEI,2025-07-14,25149.5,25151.099609375,25001.94921875,25082.30078125,259500
^NSEI,2025-07-15,25089.5,25245.19921875,25088.44921875,25195.80078125,241300
^NSEI,2025-07-16,25196.599609375,25255.30078125,25121.05078125,25212.05078125,228800
^NSEI,2025-07-17,25230.75,25238.349609375,25101.0,25111.44921875,243400
^NSEI,2025-07-18,25108.55078125,25144.599609375,24918.650390625,24968.400390625,317000
^NSEI,2025-07-21,24999.0,25111.400390625,24882.30078125,25090.69921875,305200
^NSEI,2025-07-22,25166.650390625,25182.0,25035.55078125,25060.900390625,483700
^NSEI,2025-07-23,25139.349609375,25233.5,25085.5,25219.900390625,271500
^NSEI,2025-07-24,25243.30078125,25246.25,25018.69921875,25062.099609375,338700
^NSEI,2025-07-25,25010.349609375,25010.349609375,24806.349609375,24837.0,278100
^NSEI,2025-07-28,24782.44921875,24889.19921875,24646.599609375,24680.900390625,262100
^NSEI,2025-07-29,24609.650390625,24847.150390625,24598.599609375,24821.099609375,284700
^NSEI,2025-07-30,24890.400390625,24902.30078125,24771.94921875,24855.05078125,243900
^NSEI,2025-07-31,24642.25,24956.5,24635.0,24768.349609375,346300
^NSEI,2025-08-01,24734.900390625,24784.150390625,24535.05078125,24565.349609375,263400
^NSEI,2025-08-04,24596.05078125,24736.25,24554.0,24722.75,259300
^NSEI,2025-08-05,24720.25,24733.099609375,24590.30078125,24649.55078125,251800
^NSEI,2025-08-06,24641.349609375,24671.400390625,24539.19921875,24574.19921875,225100
^NSEI,2025-08-07,24464.19921875,24634.19921875,24344.150390625,24596.150390625,616700
^NSEI,2025-08-08,24544.25,24585.5,24337.5,24363.30078125,312600
^NSEI,2025-08-11,24371.5,24600.849609375,24347.44921875,24585.05078125,241100
^NSEI,2025-08-12,24563.349609375,24702.599609375,24465.650390625,24487.400390625,237000
^NSEI,2025-08-13,24586.19921875,24664.55078125,24535.25,24619.349609375,236000
^NSEI,2025-08-14,24607.25,24673.650390625,24596.900390625,24631.30078125,270200
^NSEI,2025-08-18,24938.19921875,25022.0,24852.849609375,24876.94921875,363100
^NSEI,2025-08-19,24891.349609375,25012.650390625,24873.94921875,24980.650390625,252300
^NSEI,2025-08-20,24965.80078125,25088.69921875,24929.69921875,25050.55078125,287100
^NSEI,2025-08-21,25142.0,25153.650390625,25054.900390625,25083.75,226500
^NSEI,2025-08-22,25064.150390625,25084.849609375,24859.150390625,24870.099609375,210200
^NSEI,2025-08-25,24949.150390625,25021.55078125,24894.349609375,24967.75,213000
^NSEI,2025-08-26,24899.5,24919.650390625,24689.599609375,24712.05078125,750500
^NSEI,2025-08-28,24695.80078125,24702.650390625,24481.599609375,24500.900390625,326600
^NSEI,2025-08-29,24466.69921875,24572.44921875,24404.69921875,24426.849609375,325500
^NSEI,2025-09-01,24432.69921875,24635.599609375,24432.69921875,24625.05078125,229300
^NSEI,2025-09-02,24653.0,24756.099609375,24522.349609375,24579.599609375,271600
^NSEI,2025-09-03,24616.5,24737.05078125,24533.19921875,24715.05078125,340300
^NSEI,2025-09-04,24980.75,24980.75,24708.19921875,24734.30078125,314100
^NSEI,2025-09-05,24818.849609375,24832.349609375,24621.599609375,24741.0,210100
^NSEI,2025-09-08,24802.599609375,24885.5,24751.55078125,24773.150390625,213200
^NSEI,2025-09-09,24864.099609375,24891.80078125,24814.0,24868.599609375,226900
^NSEI,2025-09-10,24991.0,25035.69921875,24915.05078125,24973.099609375,244100
^NSEI,2025-09-11,24945.5,25037.30078125,24940.150390625,25005.5,224600
^NSEI,2025-09-12,25074.44921875,25139.44921875,25038.05078125,25114.0,225700
^NSEI,2025-09-15,25118.900390625,25138.44921875,25048.75,25069.19921875,185400
^NSEI,2025-09-16,25073.599609375,25261.400390625,25070.44921875,25239.099609375,240100
^NSEI,2025-09-17,25276.599609375,25346.5,25275.349609375,25330.25,268900
^NSEI,2025-09-18,25441.05078125,25448.94921875,25329.75,25423.599609375,272200
^NSEI,2025-09-19,25410.19921875,25428.75,25286.30078125,25327.05078125,380400
^NSEI,2025-09-22,25238.099609375,25331.69921875,25151.05078125,25202.349609375,254500
^NSEI,2025-09-23,25209.0,25261.900390625,25084.650390625,25169.5,299200
^NSEI,2025-09-24,25108.75,25149.849609375,25027.44921875,25056.900390625,244400
^NSEI,2025-09-25,25034.5,25092.69921875,24878.30078125,24890.849609375,342500
^NSEI,2025-09-26,24818.55078125,24868.599609375,24629.44921875,24654.69921875,291500
^NSEI,2025-09-29,24728.55078125,24791.30078125,24606.19921875,24634.900390625,394400
^NSEI,2025-09-30,24691.94921875,24731.80078125,24587.69921875,24611.099609375,303000
^NSEI,2025-10-01,24620.55078125,24867.94921875,24605.94921875,24836.30078125,308900
^NSEI,2025-10-03,24759.55078125,24904.80078125,24747.55078125,24894.25,365900
^NSEI,2025-10-06,24916.55078125,25095.94921875,24881.650390625,25077.650390625,268800
^NSEI,2025-10-07,25085.30078125,25220.900390625,25076.30078125,25108.30078125,288000
^NSEI,2025-10-08,25079.75,25192.5,25008.5,25046.150390625,227400
^NSEI,2025-10-09,25074.30078125,25199.25,25024.30078125,25181.80078125,286300
^NSEI,2025-10-10,25167.650390625,25330.75,25156.849609375,25285.349609375,232900
^NSEI,2025-10-13,25177.30078125,25267.30078125,25152.30078125,25227.349609375,234300
^NSEI,2025-10-14,25277.55078125,25310.349609375,25060.55078125,25145.5,292100
^NSEI,2025-10-15,25181.94921875,25365.150390625,25159.349609375,25323.55078125,289900
^NSEI,2025-10-16,25394.900390625,25625.400390625,25376.849609375,25585.30078125,372800
^NSEI,2025-10-17,25546.849609375,25781.5,25508.599609375,25709.849609375,422100
^NSEI,2025-10-20,25824.599609375,25926.19921875,25788.5,25843.150390625,301100
^NSEI,2025-10-21,25901.19921875,25934.349609375,25825.80078125,25868.599609375,42500
^NSEI,2025-10-23,26057.19921875,26104.19921875,25862.44921875,25891.400390625,448400
^NSEI,2025-10-24,25935.099609375,25944.150390625,25718.19921875,25795.150390625,284900
^NSEI,2025-10-27,25843.19921875,26005.94921875,25827.0,25966.05078125,266300
^NSEI,2025-10-28,25939.94921875,26041.69921875,25810.05078125,25936.19921875,395200
^NSEI,2025-10-29,25982.0,26097.849609375,25960.30078125,26053.900390625,321900
^NSEI,2025-10-30,25984.400390625,26032.05078125,25845.25,25877.849609375,257400
^NSEI,2025-10-31,25863.80078125,25953.75,25711.19921875,25722.099609375,334400
^NSEI,2025-11-03,25696.849609375,25803.099609375,25645.5,25763.349609375,23300
^NSEI,2025-11-04,25744.75,25787.400390625,25578.400390625,25597.650390625,305100
^NSEI,2025-11-06,25593.349609375,25679.150390625,25491.55078125,25509.69921875,371900
^NSEI,2025-11-07,25433.80078125,25551.25,25318.44921875,25492.30078125,305600
^NSEI,2025-11-10,25503.5,25653.44921875,25503.5,25574.349609375,243600
^NSEI,2025-11-11,25617.0,25715.80078125,25449.25,25694.94921875,297700
^NSEI,2025-11-12,25834.30078125,25934.55078125,25781.150390625,25875.80078125,312600
^NSEI,2025-11-13,25906.099609375,26010.69921875,25808.400390625,25879.150390625,385200
^NSEI,2025-11-14,25767.900390625,25940.19921875,25740.80078125,25910.05078125,518900
^NSEI,2025-11-17,25948.19921875,26024.19921875,25906.349609375,26013.44921875,281800
^NSEI,2025-11-18,26021.80078125,26029.849609375,25876.5,25910.05078125,280000
^NSEI,2025-11-19,25918.099609375,26074.650390625,25856.19921875,26052.650390625,250100
^NSEI,2025-11-20,26132.099609375,26246.650390625,26063.19921875,26192.150390625,240400
^NSEI,2025-11-21,26109.55078125,26179.19921875,26052.19921875,26068.150390625,235600
^NSEI,2025-11-24,26122.80078125,26142.80078125,25912.150390625,25959.5,464700
^NSEI,2025-11-25,25998.5,26032.599609375,25857.5,25884.80078125,260500
^NSEI,2025-11-26,25842.94921875,26215.150390625,25842.94921875,26205.30078125,275300
^NSEI,2025-11-27,26261.25,26310.44921875,26141.900390625,26215.55078125,240300
^NSEI,2025-11-28,26237.44921875,26280.75,26172.400390625,26202.94921875,202500
^NSEI,2025-12-01,26325.80078125,26325.80078125,26124.19921875,26175.75,213800
^NSEI,2025-12-02,26087.94921875,26154.599609375,25997.849609375,26032.19921875,254800
^NSEI,2025-12-03,26004.900390625,26066.44921875,25891.0,25986.0,265700
^NSEI,2025-12-04,25981.849609375,26098.25,25938.94921875,26033.75,248100
^NSEI,2025-12-05,25999.80078125,26202.599609375,25985.349609375,26186.44921875,249300
^NSEI,2025-12-08,26159.80078125,26178.69921875,25892.25,25960.55078125,320700
^NSEI,2025-12-09,25867.099609375,25923.650390625,25728.0,25839.650390625,276000
^NSEI,2025-12-10,25864.05078125,25947.650390625,25734.55078125,25758.0,207900
^NSEI,2025-12-11,25771.400390625,25922.80078125,25693.25,25898.55078125,206100
^NSEI,2025-12-12,25971.19921875,26057.599609375,25938.44921875,26046.94921875,216300
^NSEI,2025-12-15,25930.05078125,26047.150390625,25904.75,26027.30078125,181600
^NSEI,2025-12-16,25951.5,25980.75,25834.349609375,25860.099609375,264400
^NSEI,2025-12-17,25902.400390625,25929.150390625,25770.349609375,25818.55078125,206500
^NSEI,2025-12-18,25764.69921875,25902.349609375,25726.30078125,25815.55078125,197600
^NSEI,2025-12-19,25911.5,25993.349609375,25880.44921875,25966.400390625,382900
^NSEI,2025-12-22,26055.849609375,26180.69921875,26047.80078125,26172.400390625,253000
^NSEI,2025-12-23,26205.19921875,26233.55078125,26119.05078125,26177.150390625,216600
^NSEI,2025-12-24,26170.650390625,26236.400390625,26123.0,26142.099609375,188800
^NSEI,2025-12-26,26121.25,26144.19921875,26008.599609375,26042.30078125,142200
^NSEI,2025-12-29,26063.349609375,26106.80078125,25920.30078125,25942.099609375,234300
^NSEI,2025-12-30,25940.900390625,25976.75,25878.0,25938.849609375,396900
^NSEI,2025-12-31,25971.05078125,26187.94921875,25969.0,26129.599609375,246300
^NSEI,2026-01-01,26173.30078125,26197.55078125,26113.400390625,26146.55078125,425600
^NSEI,2026-01-02,26155.099609375,26340.0,26118.400390625,26328.55078125,357500
^NSEI,2026-01-05,26333.69921875,26373.19921875,26210.05078125,26250.30078125,338800
^NSEI,2026-01-06,26189.69921875,26273.94921875,26124.75,26178.69921875,383000
^NSEI,2026-01-07,26143.099609375,26187.150390625,26067.900390625,26140.75,338200
^NSEI,2026-01-08,26106.5,26133.19921875,25858.44921875,25876.849609375,328500
^NSEI,2026-01-09,25840.400390625,25940.599609375,25623.0,25683.30078125,348800
^NSEI,2026-01-12,25669.05078125,25813.150390625,25473.400390625,25790.25,275800
^NSEI,2026-01-13,25897.349609375,25899.80078125,25603.30078125,25732.30078125,339500
^NSEI,2026-01-14,25648.55078125,25791.75,25603.94921875,25665.599609375,393100
^NSEI,2026-01-16,25696.05078125,25873.5,25662.400390625,25694.349609375,434000
^NSEI,2026-01-19,25653.099609375,25653.30078125,25494.349609375,25585.5,443100
^NSEI,2026-01-20,25580.30078125,25585.0,25171.349609375,25232.5,409800
^NSEI,2026-01-21,25141.0,25300.94921875,24919.80078125,25157.5,395600
^NSEI,2026-01-22,25344.150390625,25435.75,25168.5,25289.900390625,486400
^NSEI,2026-01-23,25344.599609375,25347.94921875,25025.30078125,25048.650390625,393900
^NSEI,2026-01-27,25063.349609375,25246.650390625,24932.55078125,25175.400390625,618700
^NSEI,2026-01-28,25258.849609375,25372.099609375,25187.650390625,25342.75,574900
^NSEI,2026-01-29,25345.0,25458.150390625,25159.80078125,25418.900390625,582400
^NSEI,2026-01-30,25247.55078125,25370.69921875,25213.650390625,25320.650390625,508400
^NSEI,2026-02-02,24796.5,25108.099609375,24679.400390625,25088.400390625,449200
^NSEI,2026-02-03,26308.05078125,26341.19921875,25641.30078125,25727.55078125,637300
^NSEI,2026-02-04,25675.05078125,25818.55078125,25563.94921875,25776.0,429800
^NSEI,2026-02-05,25755.900390625,25757.650390625,25579.5,25642.80078125,343800
^NSEI,2026-02-06,25605.80078125,25703.94921875,25491.900390625,25693.69921875,375500
^NSEI,2026-02-09,25888.69921875,25922.25,25780.900390625,25867.30078125,359400
^NSEI,2026-02-10,25922.650390625,25989.44921875,25870.44921875,25935.150390625,460900
^NSEI,2026-02-11,25997.44921875,26009.400390625,25899.80078125,25953.849609375,331400
^NSEI,2026-02-12,25906.69921875,25906.69921875,25752.400390625,25807.19921875,419400
^NSEI,2026-02-13,25571.150390625,25630.349609375,25444.30078125,25471.099609375,453500
^NSEI,2026-02-16,25423.599609375,25697.0,25372.69921875,25682.75,275800
^NSEI,2026-02-17,25637.94921875,25764.400390625,25570.30078125,25725.400390625,344100
^NSEI,2026-02-18,25752.650390625,25828.05078125,25645.150390625,25819.349609375,310200
^NSEI,2026-02-19,25873.349609375,25885.30078125,25388.75,25454.349609375,298200
^NSEI,2026-02-20,25406.55078125,25663.55078125,25379.75,25571.25,296600
^NSEI,2026-02-23,25678.400390625,25771.44921875,25609.349609375,25713.0,313700
^NSEI,2026-02-24,25641.80078125,25641.80078125,25327.599609375,25424.650390625,439100
^NSEI,2026-02-25,25512.599609375,25652.599609375,25428.19921875,25482.5,414200
^NSEI,2026-02-26,25556.30078125,25572.94921875,25400.94921875,25496.55078125,405200
^NSEI,2026-02-27,25459.849609375,25476.400390625,25141.30078125,25178.650390625,438900
^NSEI,2026-03-02,24659.25,24989.349609375,24603.5,24865.69921875,519200
^NSEI,2026-03-04,24388.80078125,24602.44921875,24305.400390625,24480.5,599000
^NSEI,2026-03-05,24615.94921875,24854.19921875,24529.400390625,24765.900390625,504300
^NSEI,2026-03-06,24656.400390625,24700.900390625,24415.75,24450.44921875,433400
^NSEI,2026-03-09,23868.05078125,24078.150390625,23697.80078125,24028.05078125,526900
^NSEI,2026-03-10,24280.80078125,24303.80078125,24079.94921875,24261.599609375,444300
^NSEI,2026-03-11,24231.849609375,24299.0,23834.30078125,23866.849609375,407400
^NSEI,2026-03-12,23674.849609375,23833.150390625,23556.30078125,23639.150390625,501000
^NSEI,2026-03-13,23462.5,23492.400390625,23112.0,23151.099609375,519800
^NSEI,2026-03-16,23116.099609375,23502.0,22955.25,23408.80078125,540300
^NSEI,2026-03-17,23493.19921875,23656.80078125,23346.599609375,23581.150390625,458800
^NSEI,2026-03-18,23632.900390625,23862.25,23618.44921875,23777.80078125,382900
^NSEI,2026-03-19,23197.75,23378.69921875,22930.349609375,23002.150390625,550100
^NSEI,2026-03-20,23110.150390625,23345.150390625,23067.599609375,23114.5,663300
^NSEI,2026-03-23,22824.349609375,22851.69921875,22471.25,22512.650390625,550300
^NSEI,2026-03-24,22878.44921875,23057.30078125,22624.19921875,22912.400390625,538100
^NSEI,2026-03-25,23064.400390625,23465.349609375,23063.19921875,23306.44921875,505400
^NSEI,2026-03-27,23173.55078125,23186.099609375,22804.55078125,22819.599609375,612600
^NSEI,2026-03-30,22549.650390625,22714.099609375,22283.849609375,22331.400390625,698600
^NSEI,2026-04-01,22899.0,22941.30078125,22618.599609375,22679.400390625,518000
^NSEI,2026-04-02,22383.400390625,22782.30078125,22182.55078125,22713.099609375,495100
^NSEI,2026-04-06,22780.30078125,22998.349609375,22542.94921875,22968.25,426400
^NSEI,2026-04-07,22838.69921875,23153.849609375,22719.30078125,23123.650390625,477000
^NSEI,2026-04-08,23855.150390625,24025.150390625,23828.5,23997.349609375,639300
^NSEI,2026-04-09,23909.05078125,23990.75,23682.80078125,23775.099609375,466600
^NSEI,2026-04-10,23880.55078125,24074.05078125,23856.349609375,24050.599609375,481300
^NSEI,2026-04-13,23589.599609375,23907.400390625,23555.599609375,23842.650390625,488800
^NSEI,2026-04-15,24163.80078125,24280.900390625,24145.80078125,24231.30078125,460300
^NSEI,2026-04-16,24385.19921875,24400.94921875,24102.80078125,24196.75,508000
^NSEI,2026-04-17,24165.900390625,24371.900390625,24096.05078125,24353.55078125,498600
^NSEI,2026-04-20,24391.5,24480.650390625,24241.25,24364.849609375,415900
^NSEI,2026-04-21,24374.55078125,24601.69921875,24354.900390625,24576.599609375,425800
^NSEI,2026-04-22,24470.849609375,24515.94921875,24352.900390625,24378.099609375,440500
^NSEI,2026-04-23,24202.349609375,24310.19921875,24134.80078125,24173.05078125,467500
^NSEI,2026-04-24,24100.55078125,24206.0,23813.650390625,23897.94921875,438400
^NSEI,2026-04-27,23945.44921875,24130.69921875,23936.19921875,24092.69921875,430300
^NSEI,2026-04-28,24049.900390625,24181.80078125,23957.05078125,23995.69921875,554100
^NSEI,2026-04-29,24096.900390625,24334.69921875,24059.94921875,24177.650390625,531100
^NSEI,2026-04-30,23996.94921875,24087.44921875,23796.849609375,23997.55078125,505500
^NSEI,2026-05-04,24063.55078125,24290.19921875,24004.75,24119.30078125,419100
^NSEI,2026-05-05,24052.599609375,24081.69921875,23882.05078125,24032.80078125,363300
^NSEI,2026-05-06,24171.0,24356.5,23997.900390625,24330.94921875,429200
^NSEI,2026-05-07,24398.5,24482.099609375,24284.0,24326.650390625,440600
^NSEI,2026-05-08,24233.650390625,24253.80078125,24126.650390625,24176.150390625,335900
^NSEI,2026-05-11,23970.099609375,23997.44921875,23799.099609375,23815.849609375,390100
^NSEI,2026-05-12,23722.599609375,23757.55078125,23348.400390625,23379.55078125,447500
^NSEI,2026-05-13,23362.44921875,23582.94921875,23262.55078125,23412.599609375,415400
^NSEI,2026-05-14,23530.25,23777.19921875,23426.55078125,23689.599609375,428700
^NSEI,2026-05-15,23731.400390625,23839.30078125,23610.30078125,23643.5,408900
^NSEI,2026-05-18,23482.19921875,23695.650390625,23317.099609375,23649.94921875,392000
^NSEI,2026-05-19,23675.30078125,23782.30078125,23587.19921875,23618.0,442000
^NSEI,2026-05-20,23457.25,23690.900390625,23397.30078125,23659.0,344100
^NSEI,2026-05-21,23830.05078125,23859.900390625,23596.599609375,23654.69921875,348200
^NSEI,2026-05-22,23671.19921875,23835.650390625,23671.0,23719.30078125,336100
^NSEI,2026-05-25,23940.25,24054.44921875,23922.849609375,24031.69921875,351200
^NSEI,2026-05-26,24004.099609375,24089.80078125,23885.44921875,23913.69921875,387900
^NSEI,2026-05-27,23880.349609375,23983.19921875,23858.25,23907.150390625,531600
^NSEI,2026-05-29,23902.150390625,24002.80078125,23484.75,23547.75,1198000
^NSEI,2026-06-01,23654.5,23733.69921875,23357.94921875,23382.599609375,421700
^NSEI,2026-06-02,23229.150390625,23556.94921875,23229.150390625,23483.55078125,511900
^NSEI,2026-06-03,23415.94921875,23459.650390625,23151.5,23405.599609375,450100
^NSEI,2026-06-04,23282.44921875,23465.30078125,23247.30078125,23416.55078125,412500
^NSEI,2026-06-05,23478.94921875,23516.349609375,23282.650390625,23366.69921875,366200
^NSEI,2026-06-08,23080.69921875,23267.30078125,23070.150390625,23123.0,375700
^NSEI,2026-06-09,23259.05078125,23279.400390625,23104.44921875,23242.099609375,402600
^NSEI,2026-06-10,23233.94921875,23425.349609375,23184.599609375,23214.94921875,380000
^NSEI,2026-06-11,23104.400390625,23327.44921875,23072.05078125,23161.599609375,363000
^NSEI,2026-06-12,23412.55078125,23645.349609375,23313.900390625,23622.900390625,351900
^NSEI,2026-06-15,23984.849609375,24011.400390625,23817.80078125,23853.900390625,398900
^NSEI,2026-06-16,23923.900390625,24002.599609375,23888.19921875,23989.150390625,327300
^NSEI,2026-06-17,24044.5,24108.19921875,23969.69921875,24085.69921875,352700
^NSEI,2026-06-18,24073.80078125,24189.25,24036.94921875,24168.0,340000
^NSEI,2026-06-19,23991.19921875,24047.19921875,23901.900390625,24013.099609375,447900
^NSEI,2026-06-22,24106.599609375,24168.05078125,24073.150390625,24102.900390625,252800
^NSEI,2026-06-23,24071.30078125,24135.5,23784.94921875,23824.099609375,340100
^NSEI,2026-06-24,23795.80078125,24090.05078125,23789.25,24021.650390625,395600
^NSEI,2026-06-25,24125.849609375,24261.599609375,24039.0,24056.0,448800
^NSEI,2026-06-29,24061.75,24120.0,23924.55078125,23946.25,588500
^NSEI,2026-06-30,24032.05078125,24035.55078125,23829.19921875,23865.75,449000
^NSEI,2026-07-01,23897.650390625,24049.900390625,23895.099609375,24005.849609375,352100
^NSEI,2026-07-02,24062.19921875,24194.55078125,24058.80078125,24175.69921875,372900
^NSEI,2026-07-03,24375.650390625,24378.150390625,24252.349609375,24270.849609375,326600
^NSEMDCP50,2025-04-07,13269.650390625,13821.2001953125,13269.650390625,13756.599609375,11600
^NSEMDCP50,2025-04-08,14058.0498046875,14162.349609375,13879.0,14064.25,9200
^NSEMDCP50,2025-04-09,14028.7998046875,14080.9501953125,13825.349609375,14031.599609375,8000
^NSEMDCP50,2025-04-11,14262.849609375,14312.2998046875,14140.2998046875,14267.900390625,8700
^NSEMDCP50,2025-04-15,14520.0,14688.099609375,14420.150390625,14660.900390625,7800
^NSEMDCP50,2025-04-16,14694.25,14745.150390625,14622.2001953125,14736.900390625,6800
^NSEMDCP50,2025-04-17,14710.900390625,14840.75,14644.25,14829.25,8400
^NSEMDCP50,2025-04-21,14910.75,15206.4501953125,14865.9501953125,15191.900390625,1500
^NSEMDCP50,2025-04-22,15242.4501953125,15423.2001953125,15171.75,15352.2001953125,8400
^NSEMDCP50,2025-04-23,15466.0498046875,15551.75,15272.9501953125,15540.150390625,8600
^NSEMDCP50,2025-04-24,15552.599609375,15585.75,15488.75,15513.7998046875,7500
^NSEMDCP50,2025-04-25,15553.650390625,15592.7998046875,15015.5,15137.5,22500
^NSEMDCP50,2025-04-28,15127.75,15414.349609375,15123.9501953125,15404.9501953125,6300
^NSEMDCP50,2025-04-29,15444.900390625,15559.2998046875,15409.7001953125,15442.2998046875,7100
^NSEMDCP50,2025-04-30,15458.2001953125,15521.400390625,15247.7998046875,15314.099609375,6400
^NSEMDCP50,2025-05-02,15269.849609375,15441.0,15133.7001953125,15176.349609375,6100
^NSEMDCP50,2025-05-05,15251.25,15463.75,15246.25,15448.900390625,5300
^NSEMDCP50,2025-05-06,15487.900390625,15506.5498046875,15096.7998046875,15120.7001953125,10300
^NSEMDCP50,2025-05-07,14945.5,15418.75,14942.0,15407.400390625,7700
^NSEMDCP50,2025-05-08,15458.099609375,15494.900390625,15016.349609375,15098.849609375,7900
^NSEMDCP50,2025-05-09,14785.0498046875,15128.2998046875,14783.900390625,15097.5498046875,13500
^NSEMDCP50,2025-05-12,15516.5498046875,15732.75,15476.5,15723.150390625,11500
^NSEMDCP50,2025-05-13,15746.0,15822.2001953125,15677.400390625,15729.2001953125,8400
^NSEMDCP50,2025-05-14,15756.2998046875,15871.099609375,15698.099609375,15848.599609375,7900
^NSEMDCP50,2025-05-15,15902.75,15953.9501953125,15816.0,15931.849609375,11700
^NSEMDCP50,2025-05-16,15995.25,16084.7001953125,15933.75,16043.650390625,10900
^NSEMDCP50,2025-05-19,16081.2998046875,16146.0498046875,15974.099609375,16044.099609375,20300
^NSEMDCP50,2025-05-20,16123.4501953125,16131.25,15771.599609375,15797.599609375,11700
^NSEMDCP50,2025-05-21,15823.75,15939.5,15739.150390625,15888.0,8200
^NSEMDCP50,2025-05-22,15851.25,15851.4501953125,15671.150390625,15759.25,6700
^NSEMDCP50,2025-05-23,15791.5498046875,15902.9501953125,15737.4501953125,15882.0,5100
^NSEMDCP50,2025-05-26,15940.849609375,16006.900390625,15929.5498046875,15970.4501953125,8300
^NSEMDCP50,2025-05-27,15980.900390625,16009.7001953125,15875.7001953125,15973.5498046875,6600
^NSEMDCP50,2025-05-28,16011.75,16051.400390625,15910.2998046875,15929.7998046875,8900
^NSEMDCP50,2025-05-29,16009.400390625,16071.0498046875,15923.099609375,16041.4501953125,6300
^NSEMDCP50,2025-05-30,16058.7998046875,16096.75,15949.900390625,15998.900390625,11600
^NSEMDCP50,2025-06-02,15980.2001953125,16128.9501953125,15922.650390625,16114.349609375,12100
^NSEMDCP50,2025-06-03,16187.25,16187.349609375,16034.2001953125,16052.5498046875,23000
^NSEMDCP50,2025-06-04,16090.900390625,16209.4501953125,15995.849609375,16195.400390625,9200
^NSEMDCP50,2025-06-05,16259.0,16341.75,16217.0,16296.650390625,6100
^NSEMDCP50,2025-06-06,16348.2001953125,16582.5,16307.900390625,16569.599609375,8000
^NSEMDCP50,2025-06-09,16675.69921875,16767.55078125,16647.5,16755.25,9300
^NSEMDCP50,2025-06-10,16820.849609375,16836.900390625,16726.900390625,16749.150390625,5500
^NSEMDCP50,2025-06-11,16789.650390625,16810.19921875,16618.25,16683.30078125,8200
^NSEMDCP50,2025-06-12,16685.900390625,16689.19921875,16404.150390625,16438.05078125,6700
^NSEMDCP50,2025-06-13,16119.5498046875,16417.900390625,16119.5498046875,16391.900390625,7600
^NSEMDCP50,2025-06-16,16385.25,16558.650390625,16238.099609375,16545.69921875,7800
^NSEMDCP50,2025-06-17,16577.94921875,16619.400390625,16421.5,16447.400390625,5100
^NSEMDCP50,2025-06-18,16395.80078125,16506.25,16328.2998046875,16367.849609375,5100
^NSEMDCP50,2025-06-19,16391.55078125,16397.75,16071.5498046875,16102.0,9000
^NSEMDCP50,2025-06-20,16100.599609375,16391.25,16096.9501953125,16357.25,9000
^NSEMDCP50,2025-06-23,16245.0,16465.150390625,16215.349609375,16420.80078125,5400
^NSEMDCP50,2025-06-24,16609.849609375,16649.25,16523.05078125,16557.5,13400
^NSEMDCP50,2025-06-25,16623.75,16650.349609375,16577.650390625,16634.25,13000
^NSEMDCP50,2025-06-26,16679.900390625,16753.44921875,16590.75,16745.05078125,12100
^NSEMDCP50,2025-06-27,16798.400390625,16877.55078125,16746.75,16760.94921875,11800
^NSEMDCP50,2025-06-30,16844.80078125,16863.400390625,16768.599609375,16846.19921875,8000
^NSEMDCP50,2025-07-01,16881.0,16894.900390625,16754.44921875,16851.55078125,10400
^NSEMDCP50,2025-07-02,16841.25,16883.849609375,16739.69921875,16840.19921875,9700
^NSEMDCP50,2025-07-03,16884.75,16941.099609375,16838.650390625,16860.80078125,9600
^NSEMDCP50,2025-07-04,16896.94921875,16910.650390625,16741.25,16841.150390625,6100
^NSEMDCP50,2025-07-07,16851.05078125,16878.69921875,16778.099609375,16811.150390625,5000
^NSEMDCP50,2025-07-08,16820.150390625,16847.80078125,16644.0,16776.099609375,6600
^NSEMDCP50,2025-07-09,16801.25,16824.80078125,16721.75,16753.150390625,5400
^NSEMDCP50,2025-07-10,16776.05078125,16791.05078125,16622.900390625,16675.650390625,4700
^NSEMDCP50,2025-07-11,16661.44921875,16675.30078125,16445.150390625,16482.900390625,5300
^NSEMDCP50,2025-07-14,16528.349609375,16639.80078125,16452.0,16620.30078125,11800
^NSEMDCP50,2025-07-15,16652.900390625,16800.0,16616.94921875,16783.80078125,6500
^NSEMDCP50,2025-07-16,16808.5,16828.05078125,16745.75,16776.25,8600
^NSEMDCP50,2025-07-17,16825.94921875,16830.19921875,16730.69921875,16747.44921875,5200
^NSEMDCP50,2025-07-18,16764.599609375,16776.25,16592.19921875,16645.400390625,5200
^NSEMDCP50,2025-07-21,16641.650390625,16774.94921875,16574.75,16752.599609375,4900
^NSEMDCP50,2025-07-22,16808.80078125,16814.150390625,16604.650390625,16621.150390625,5100
^NSEMDCP50,2025-07-23,16648.849609375,16702.5,16544.75,16694.150390625,4800
^NSEMDCP50,2025-07-24,16685.05078125,16686.900390625,16529.849609375,16566.849609375,4700
^NSEMDCP50,2025-07-25,16519.0,16567.94921875,16299.7001953125,16334.5498046875,5200
^NSEMDCP50,2025-07-28,16300.5,16492.650390625,16203.2001953125,16254.4501953125,6200
^NSEMDCP50,2025-07-29,16227.5498046875,16406.5,16216.599609375,16386.150390625,4800
^NSEMDCP50,2025-07-30,16405.25,16409.150390625,16295.25,16367.75,4700
^NSEMDCP50,2025-07-31,16170.2998046875,16315.25,16101.9501953125,16212.4501953125,6100
^NSEMDCP50,2025-08-01,16210.849609375,16222.2001953125,15937.7998046875,15963.150390625,6900
^NSEMDCP50,2025-08-04,15958.599609375,16187.650390625,15918.25,16177.75,6600
^NSEMDCP50,2025-08-05,16180.349609375,16186.75,16020.7998046875,16084.5,6800
^NSEMDCP50,2025-08-06,16126.9501953125,16126.9501953125,15868.5498046875,15955.650390625,4300
^NSEMDCP50,2025-08-07,15866.2998046875,16063.2001953125,15768.7998046875,16034.0498046875,5100
^NSEMDCP50,2025-08-08,16085.900390625,16086.349609375,15763.5498046875,15785.599609375,5600
^NSEMDCP50,2025-08-11,15775.099609375,15945.25,15717.0498046875,15922.25,4500
^NSEMDCP50,2025-08-12,15933.849609375,15962.650390625,15844.150390625,15856.0498046875,4500
^NSEMDCP50,2025-08-13,15929.650390625,16033.0498046875,15926.599609375,15996.599609375,6700
^NSEMDCP50,2025-08-14,16038.7001953125,16061.7001953125,15885.400390625,15926.150390625,7700
^NSEMDCP50,2025-08-18,16092.75,16215.650390625,16076.75,16136.9501953125,9400
^NSEMDCP50,2025-08-19,16177.4501953125,16314.150390625,16091.900390625,16299.349609375,5500
^NSEMDCP50,2025-08-20,16299.400390625,16419.849609375,16253.900390625,16392.349609375,7400
^NSEMDCP50,2025-08-21,16441.099609375,16456.44921875,16308.650390625,16316.599609375,5200
^NSEMDCP50,2025-08-22,16341.5,16372.150390625,16285.75,16306.849609375,18100
^NSEMDCP50,2025-08-25,16364.349609375,16406.44921875,16322.9501953125,16332.7001953125,15200
^NSEMDCP50,2025-08-26,16269.349609375,16289.650390625,15994.849609375,16020.400390625,17000
^NSEMDCP50,2025-08-28,16034.0498046875,16034.150390625,15805.4501953125,15817.349609375,8500
^NSEMDCP50,2025-08-29,15800.7001953125,15908.25,15696.5,15714.75,10600
^NSEMDCP50,2025-09-01,15762.349609375,16042.2998046875,15757.650390625,16033.5498046875,6400
^NSEMDCP50,2025-09-02,16080.5,16144.5498046875,15972.5498046875,16068.900390625,5500
^NSEMDCP50,2025-09-03,16087.349609375,16172.2001953125,16039.599609375,16156.2001953125,8700
^NSEMDCP50,2025-09-04,16334.400390625,16334.400390625,16047.5498046875,16069.099609375,10700
^NSEMDCP50,2025-09-05,16125.7998046875,16198.599609375,15987.650390625,16091.900390625,19500
^NSEMDCP50,2025-09-08,16149.599609375,16244.0,16101.5498046875,16163.349609375,10000
^NSEMDCP50,2025-09-09,16198.25,16227.650390625,16132.0,16208.0498046875,10300
^NSEMDCP50,2025-09-10,16305.0498046875,16395.44921875,16293.349609375,16361.7001953125,11100
^NSEMDCP50,2025-09-11,16390.099609375,16425.349609375,16337.099609375,16377.0,9000
^NSEMDCP50,2025-09-12,16443.650390625,16470.349609375,16408.19921875,16430.05078125,14200
^NSEMDCP50,2025-09-15,16464.099609375,16526.150390625,16434.19921875,16507.05078125,21500
^NSEMDCP50,2025-09-16,16533.349609375,16614.5,16489.599609375,16600.44921875,10500
^NSEMDCP50,2025-09-17,16645.349609375,16673.150390625,16559.349609375,16597.900390625,8000
^NSEMDCP50,2025-09-18,16654.849609375,16672.69921875,16556.55078125,16658.900390625,8000
^NSEMDCP50,2025-09-19,16667.94921875,16697.849609375,16622.099609375,16633.900390625,30300
^NSEMDCP50,2025-09-22,16590.150390625,16645.75,16470.900390625,16511.44921875,11300
^NSEMDCP50,2025-09-23,16534.94921875,16552.75,16427.650390625,16489.849609375,15500
^NSEMDCP50,2025-09-24,16476.099609375,16499.349609375,16299.75,16313.75,9200
^NSEMDCP50,2025-09-25,16323.75,16370.650390625,16179.0498046875,16205.349609375,10000
^NSEMDCP50,2025-09-26,16175.5,16198.349609375,15889.400390625,15902.2998046875,18300
^NSEMDCP50,2025-09-29,15958.2001953125,16051.150390625,15899.0498046875,15948.599609375,10300
^NSEMDCP50,2025-09-30,15995.900390625,16021.150390625,15850.9501953125,15945.400390625,8300
^NSEMDCP50,2025-10-01,15961.599609375,16098.2001953125,15914.5,16084.0498046875,10000
^NSEMDCP50,2025-10-03,16105.849609375,16215.9501953125,16062.25,16199.849609375,9800
^NSEMDCP50,2025-10-06,16210.2998046875,16407.099609375,16209.900390625,16402.69921875,15400
^NSEMDCP50,2025-10-07,16429.25,16494.5,16391.400390625,16474.0,17300
^NSEMDCP50,2025-10-08,16468.0,16518.150390625,16332.650390625,16352.900390625,13000
^NSEMDCP50,2025-10-09,16390.400390625,16536.099609375,16365.2001953125,16522.400390625,3400
^NSEMDCP50,2025-10-10,16542.55078125,16655.25,16510.0,16615.150390625,7500
^NSEMDCP50,2025-10-13,16570.349609375,16669.25,16524.650390625,16653.900390625,4300
^NSEMDCP50,2025-10-14,16707.30078125,16721.900390625,16477.400390625,16500.25,3400
^NSEMDCP50,2025-10-15,16555.150390625,16706.5,16545.05078125,16678.150390625,2800
^NSEMDCP50,2025-10-16,16727.650390625,16795.599609375,16674.55078125,16766.599609375,2600
^NSEMDCP50,2025-10-17,16770.599609375,16790.30078125,16623.150390625,16668.75,5300
^NSEMDCP50,2025-10-20,16747.19921875,16858.69921875,16743.25,16812.599609375,4700
^NSEMDCP50,2025-10-21,16879.599609375,16892.0,16786.0,16814.25,800
^NSEMDCP50,2025-10-23,16893.94921875,16946.44921875,16770.19921875,16799.0,4600
^NSEMDCP50,2025-10-24,16824.94921875,16878.30078125,16687.349609375,16736.80078125,3000
^NSEMDCP50,2025-10-27,16807.30078125,16921.30078125,16781.05078125,16913.25,2800
^NSEMDCP50,2025-10-28,16923.19921875,16946.44921875,16858.69921875,16931.25,4200
^NSEMDCP50,2025-10-29,16944.599609375,17057.80078125,16897.25,17034.44921875,4000
^NSEMDCP50,2025-10-30,17092.30078125,17093.5,16962.55078125,17052.25,4100
^NSEMDCP50,2025-10-31,17073.5,17119.25,16992.099609375,17006.30078125,5600
^NSEMDCP50,2025-11-03,17012.30078125,17173.69921875,16989.30078125,17135.650390625,400
^NSEMDCP50,2025-11-04,17137.349609375,17145.69921875,17030.0,17048.80078125,6300
^NSEMDCP50,2025-11-06,17069.150390625,17082.849609375,16908.5,16931.349609375,4000
^NSEMDCP50,2025-11-07,16887.69921875,17053.94921875,16741.05078125,17030.900390625,3900
^NSEMDCP50,2025-11-10,17051.80078125,17152.150390625,17019.349609375,17097.44921875,2700
^NSEMDCP50,2025-11-11,17137.150390625,17208.349609375,17011.19921875,17196.599609375,2800
^NSEMDCP50,2025-11-12,17289.599609375,17385.900390625,17276.69921875,17339.650390625,3400
^NSEMDCP50,2025-11-13,17362.44921875,17415.94921875,17256.400390625,17281.30078125,3100
^NSEMDCP50,2025-11-14,17293.69921875,17366.80078125,17220.349609375,17299.69921875,2700
^NSEMDCP50,2025-11-17,17374.25,17454.69921875,17347.0,17444.5,3400
^NSEMDCP50,2025-11-18,17445.19921875,17446.900390625,17327.150390625,17337.650390625,3700
^NSEMDCP50,2025-11-19,17349.650390625,17408.599609375,17283.19921875,17376.80078125,2600
^NSEMDCP50,2025-11-20,17448.599609375,17454.599609375,17354.400390625,17376.349609375,2500
^NSEMDCP50,2025-11-21,17364.55078125,17367.69921875,17183.0,17204.349609375,2700
^NSEMDCP50,2025-11-24,17226.55078125,17253.099609375,17065.349609375,17092.55078125,5900
^NSEMDCP50,2025-11-25,17112.05078125,17205.94921875,17081.099609375,17188.94921875,3100
^NSEMDCP50,2025-11-26,17237.44921875,17434.55078125,17196.150390625,17424.099609375,2700
^NSEMDCP50,2025-11-27,17469.25,17483.75,17374.849609375,17451.69921875,3000
^NSEMDCP50,2025-11-28,17476.900390625,17482.25,17402.75,17423.05078125,2700
^NSEMDCP50,2025-12-01,17485.599609375,17498.55078125,17369.44921875,17422.69921875,2900
^NSEMDCP50,2025-12-02,17430.5,17488.900390625,17339.0,17382.099609375,4200
^NSEMDCP50,2025-12-03,17396.05078125,17403.599609375,17176.650390625,17215.349609375,3100
^NSEMDCP50,2025-12-04,17240.80078125,17330.19921875,17224.650390625,17252.349609375,3300
^NSEMDCP50,2025-12-05,17253.80078125,17400.55078125,17210.25,17383.0,2800
^NSEMDCP50,2025-12-08,17385.75,17416.80078125,17010.650390625,17085.650390625,3200
^NSEMDCP50,2025-12-09,17040.75,17147.5,16813.80078125,17110.25,3000
^NSEMDCP50,2025-12-10,17147.400390625,17201.19921875,16891.80078125,16918.75,2300
^NSEMDCP50,2025-12-11,16916.19921875,17110.5,16883.19921875,17089.75,2000
^NSEMDCP50,2025-12-12,17140.69921875,17291.400390625,17125.05078125,17276.19921875,3300
^NSEMDCP50,2025-12-15,17249.5,17274.400390625,17136.30078125,17262.69921875,2600
^NSEMDCP50,2025-12-16,17251.80078125,17253.099609375,17071.75,17114.5,2300
^NSEMDCP50,2025-12-17,17109.5,17160.80078125,16964.69921875,17006.849609375,1900
^NSEMDCP50,2025-12-18,17021.55078125,17113.94921875,16895.94921875,17091.849609375,1900
^NSEMDCP50,2025-12-19,17116.19921875,17278.400390625,17087.19921875,17265.849609375,3400
^NSEMDCP50,2025-12-22,17313.80078125,17422.25,17275.94921875,17397.900390625,2200
^NSEMDCP50,2025-12-23,17413.099609375,17421.69921875,17321.30078125,17389.30078125,2400
^NSEMDCP50,2025-12-24,17402.599609375,17436.05078125,17235.599609375,17248.19921875,2100
^NSEMDCP50,2025-12-26,17245.19921875,17327.5,17164.650390625,17183.30078125,2000
^NSEMDCP50,2025-12-29,17198.05078125,17230.05078125,17074.75,17096.900390625,2400
^NSEMDCP50,2025-12-30,17092.05078125,17112.30078125,17018.69921875,17059.0,7300
^NSEMDCP50,2025-12-31,17104.0,17303.19921875,17102.75,17254.05078125,2700
^NSEMDCP50,2026-01-02,17390.150390625,17514.0,17350.80078125,17505.69921875,3700
^NSEMDCP50,2026-01-05,17554.69921875,17555.94921875,17395.05078125,17482.30078125,3600
^NSEMDCP50,2026-01-06,17499.5,17519.349609375,17392.94921875,17471.349609375,2900
^NSEMDCP50,2026-01-07,17480.25,17572.44921875,17443.55078125,17534.349609375,4300
^NSEMDCP50,2026-01-08,17530.650390625,17536.150390625,17199.30078125,17215.44921875,4600
^NSEMDCP50,2026-01-09,17209.599609375,17311.0,17031.80078125,17096.5,4900
^NSEMDCP50,2026-01-12,17100.55078125,17134.94921875,16842.0,17085.400390625,3700
^NSEMDCP50,2026-01-13,17147.849609375,17193.099609375,16886.849609375,17034.0,2900
^NSEMDCP50,2026-01-14,17001.849609375,17108.80078125,16959.5,17054.25,3000
^NSEMDCP50,2026-01-16,17078.650390625,17259.150390625,17078.650390625,17146.19921875,5700
^NSEMDCP50,2026-01-19,17118.349609375,17163.0,17032.44921875,17103.0,4100
^NSEMDCP50,2026-01-20,17097.25,17097.30078125,16582.599609375,16635.80078125,4000
^NSEMDCP50,2026-01-21,16579.900390625,16679.75,16228.75,16453.55078125,4200
^NSEMDCP50,2026-01-22,16596.400390625,16788.44921875,16540.900390625,16672.0,3300
^NSEMDCP50,2026-01-23,16740.900390625,16742.400390625,16320.5,16348.150390625,3700
^NSEMDCP50,2026-01-27,16401.349609375,16480.650390625,16208.7001953125,16431.349609375,4400
^NSEMDCP50,2026-01-28,16495.849609375,16722.849609375,16481.55078125,16703.05078125,3500
^NSEMDCP50,2026-01-29,16731.099609375,16749.75,16578.19921875,16736.25,5600
^NSEMDCP50,2026-01-30,16642.94921875,16751.5,16542.80078125,16693.25,3900
^NSEMDCP50,2026-02-02,16357.349609375,16585.849609375,16185.0498046875,16549.30078125,3200
^NSEMDCP50,2026-02-03,17221.150390625,17368.849609375,16944.19921875,17013.19921875,4200
^NSEMDCP50,2026-02-04,16988.099609375,17149.150390625,16848.0,17123.400390625,4100
^NSEMDCP50,2026-02-05,17120.05078125,17120.5,16946.05078125,17084.94921875,400
^NSEMDCP50,2026-02-06,17029.099609375,17043.5,16838.05078125,17023.30078125,2600
^NSEMDCP50,2026-02-09,17128.650390625,17266.19921875,17084.05078125,17249.150390625,2800
^NSEMDCP50,2026-02-10,17344.099609375,17346.44921875,17249.900390625,17303.94921875,3000
^NSEMDCP50,2026-02-11,17325.19921875,17349.55078125,17250.349609375,17330.05078125,4200
^NSEMDCP50,2026-02-12,17323.30078125,17325.44921875,17184.69921875,17251.5,3600
^NSEMDCP50,2026-02-13,17095.900390625,17104.349609375,16880.44921875,16960.44921875,3200
^NSEMDCP50,2026-02-16,16867.900390625,17040.849609375,16793.25,17025.69921875,2800
^NSEMDCP50,2026-02-17,17021.94921875,17078.19921875,16969.599609375,17048.94921875,241500
^NSEMDCP50,2026-02-18,17081.099609375,17133.400390625,17026.0,17123.44921875,207500
^NSEMDCP50,2026-02-19,17146.94921875,17159.44921875,16796.099609375,16844.25,246200
^NSEMDCP50,2026-02-20,16811.349609375,16964.5,16783.849609375,16912.349609375,268500
^NSEMDCP50,2026-02-23,16912.650390625,16925.0,16710.05078125,16772.400390625,870700
^NSEMDCP50,2026-02-24,16720.80078125,16758.0,16548.94921875,16718.75,621700
^NSEMDCP50,2026-02-25,16787.94921875,16871.349609375,16717.44921875,16828.69921875,371800
^NSEMDCP50,2026-02-26,16865.44921875,16965.400390625,16839.099609375,16945.05078125,560000
^NSEMDCP50,2026-02-27,16944.0,16963.19921875,16737.19921875,16765.599609375,486300
^NSEMDCP50,2026-03-02,16201.900390625,16705.650390625,16197.7998046875,16520.349609375,496200
^NSEMDCP50,2026-03-04,16290.900390625,16310.150390625,16084.5,16198.9501953125,423000
^NSEMDCP50,2026-03-05,16332.349609375,16490.25,16234.849609375,16441.55078125,355500
^NSEMDCP50,2026-03-06,16413.30078125,16529.05078125,16283.5498046875,16300.849609375,307800
^NSEMDCP50,2026-03-09,15991.25,16038.2001953125,15732.650390625,16005.4501953125,427600
^NSEMDCP50,2026-03-10,16217.599609375,16308.599609375,16096.849609375,16262.25,360400
^NSEMDCP50,2026-03-11,16297.0498046875,16359.0498046875,15961.150390625,15991.650390625,298500
^NSEMDCP50,2026-03-12,15896.400390625,16047.2998046875,15684.400390625,15922.2001953125,429200
^NSEMDCP50,2026-03-13,15837.2998046875,15870.4501953125,15472.4501953125,15523.7001953125,384800
^NSEMDCP50,2026-03-16,15487.2001953125,15610.900390625,15259.7998046875,15497.0,423600
^NSEMDCP50,2026-03-17,15570.75,15692.2998046875,15444.75,15656.75,340000
^NSEMDCP50,2026-03-18,15686.9501953125,16042.2998046875,15685.5498046875,15983.4501953125,294300
^NSEMDCP50,2026-03-19,15709.349609375,15730.75,15385.7001953125,15458.0,328900
^NSEMDCP50,2026-03-20,15572.400390625,15759.0498046875,15549.150390625,15572.599609375,458000
^NSEMDCP50,2026-03-23,15405.4501953125,15405.4501953125,14956.150390625,15000.5,430600
^NSEMDCP50,2026-03-24,15322.849609375,15477.349609375,15079.5498046875,15411.75,336500
^NSEMDCP50,2026-03-25,15556.5498046875,15827.599609375,15543.4501953125,15731.4501953125,353300
^NSEMDCP50,2026-03-27,15628.900390625,15638.900390625,15367.4501953125,15396.099609375,566300
^NSEMDCP50,2026-03-30,15194.099609375,15228.900390625,14954.900390625,14983.349609375,637500
^NSEMDCP50,2026-04-01,15374.0498046875,15500.0,15235.349609375,15295.4501953125,460700
^NSEMDCP50,2026-04-02,15113.25,15305.2001953125,14804.5498046875,15270.5,366400
^NSEMDCP50,2026-04-06,15294.7998046875,15525.099609375,15096.650390625,15507.2001953125,432500
^NSEMDCP50,2026-04-07,15424.849609375,15595.349609375,15252.4501953125,15573.7998046875,273800
^NSEMDCP50,2026-04-08,16099.150390625,16237.2998046875,16023.2998046875,16210.349609375,574800
^NSEMDCP50,2026-04-09,16216.349609375,16336.599609375,16056.599609375,16246.349609375,420000
^NSEMDCP50,2026-04-10,16333.5,16465.5,16263.7998046875,16452.400390625,372900
^NSEMDCP50,2026-04-13,16128.650390625,16393.150390625,16020.900390625,16326.2998046875,428300
^NSEMDCP50,2026-04-15,16598.400390625,16724.349609375,16563.5,16699.400390625,507800
^NSEMDCP50,2026-04-16,16832.80078125,16887.349609375,16659.55078125,16804.80078125,568500
^NSEMDCP50,2026-04-17,16840.150390625,17035.30078125,16769.349609375,17014.599609375,727200
^NSEMDCP50,2026-04-20,17055.150390625,17117.0,16893.150390625,16981.80078125,750800
^NSEMDCP50,2026-04-21,17009.849609375,17128.650390625,17002.099609375,17061.25,386500
^NSEMDCP50,2026-04-22,17020.25,17113.44921875,16989.849609375,17057.19921875,439500
^NSEMDCP50,2026-04-23,16995.69921875,17034.75,16907.44921875,16936.05078125,405200
^NSEMDCP50,2026-04-24,16961.94921875,16995.30078125,16670.05078125,16741.75,364700
^NSEMDCP50,2026-04-27,16812.80078125,17032.25,16796.55078125,16996.19921875,515200
^NSEMDCP50,2026-04-28,17017.25,17093.55078125,16981.599609375,17039.849609375,435600
^NSEMDCP50,2026-04-29,17139.650390625,17209.94921875,17001.650390625,17029.30078125,490300
^NSEMDCP50,2026-04-30,16959.55078125,16962.349609375,16741.900390625,16882.5,370700
^NSEMDCP50,2026-05-04,17002.5,17098.650390625,16876.44921875,16984.900390625,446000
^NSEMDCP50,2026-05-05,16984.400390625,17029.30078125,16887.150390625,16997.599609375,410100
^NSEMDCP50,2026-05-06,17201.849609375,17395.150390625,17168.0,17372.94921875,726500
^NSEMDCP50,2026-05-07,17470.75,17644.099609375,17420.55078125,17617.55078125,601100
^NSEMDCP50,2026-05-08,17636.55078125,17686.30078125,17555.44921875,17628.19921875,473500
^NSEMDCP50,2026-05-11,17543.69921875,17609.30078125,17391.55078125,17481.05078125,473000
^NSEMDCP50,2026-05-12,17468.25,17494.900390625,17036.30078125,17055.5,469700
^NSEMDCP50,2026-05-13,17082.25,17293.849609375,17002.80078125,17156.900390625,439300
^NSEMDCP50,2026-05-14,17257.30078125,17389.099609375,17093.150390625,17357.5,433800
^NSEMDCP50,2026-05-15,17404.900390625,17432.69921875,17248.900390625,17273.150390625,380100
^NSEMDCP50,2026-05-18,17163.900390625,17284.400390625,16981.55078125,17261.349609375,365900
^NSEMDCP50,2026-05-19,17318.69921875,17549.30078125,17318.55078125,17413.75,287900
^NSEMDCP50,2026-05-20,17296.19921875,17521.19921875,17248.900390625,17499.80078125,326100
^NSEMDCP50,2026-05-21,17620.44921875,17660.0,17413.55078125,17454.099609375,346300
^NSEMDCP50,2026-05-22,17513.19921875,17516.099609375,17393.0,17478.25,326200
^NSEMDCP50,2026-05-25,17637.849609375,17672.30078125,17588.400390625,17650.599609375,391300
^NSEMDCP50,2026-05-26,17673.900390625,17764.75,17633.75,17741.150390625,474100
^NSEMDCP50,2026-05-27,17762.599609375,17843.0,17709.30078125,17754.94921875,499900
^NSEMDCP50,2026-05-29,17850.0,17859.099609375,17448.69921875,17490.55078125,1446500
^NSEMDCP50,2026-06-01,17556.55078125,17583.80078125,17253.05078125,17279.19921875,539300
^NSEMDCP50,2026-06-02,17162.94921875,17318.69921875,17088.19921875,17287.30078125,782200
^NSEMDCP50,2026-06-03,17274.099609375,17280.150390625,16975.099609375,17190.5,610000
^NSEMDCP50,2026-06-04,17140.0,17362.55078125,17080.650390625,17264.650390625,515300
^NSEMDCP50,2026-06-05,17323.5,17382.05078125,17129.0,17198.900390625,485800
^NSEMDCP50,2026-06-08,16973.05078125,17208.400390625,16936.55078125,17039.150390625,432200
^NSEMDCP50,2026-06-09,17139.5,17274.80078125,17123.25,17248.099609375,401500
^NSEMDCP50,2026-06-10,17264.69921875,17287.099609375,16966.55078125,17005.19921875,372900
^NSEMDCP50,2026-06-11,16927.650390625,16983.55078125,16832.900390625,16865.5,317400
^NSEMDCP50,2026-06-12,17083.849609375,17281.75,16985.30078125,17265.900390625,423400
^NSEMDCP50,2026-06-15,17541.150390625,17591.69921875,17471.30078125,17501.900390625,527500
^NSEMDCP50,2026-06-16,17570.75,17615.94921875,17483.69921875,17607.150390625,734500
^NSEMDCP50,2026-06-17,17656.25,17695.599609375,17565.849609375,17659.650390625,749400
^NSEMDCP50,2026-06-18,17693.25,17730.44921875,17650.5,17716.849609375,556500
^NSEMDCP50,2026-06-19,17618.150390625,17755.69921875,17579.55078125,17735.30078125,487100
^NSEMDCP50,2026-06-22,17814.099609375,17843.849609375,17759.94921875,17800.44921875,429400
^NSEMDCP50,2026-06-23,17818.05078125,17853.80078125,17611.900390625,17639.80078125,380000
^NSEMDCP50,2026-06-24,17637.25,17749.900390625,17552.150390625,17690.30078125,464600
^NSEMDCP50,2026-06-25,17767.349609375,17800.75,17568.099609375,17587.849609375,406800
^NSEMDCP50,2026-06-29,17573.80078125,17635.75,17437.150390625,17521.0,821300
^NSEMDCP50,2026-06-30,17568.19921875,17669.0,17475.55078125,17594.900390625,565400
^NSEMDCP50,2026-07-01,17643.55078125,17730.80078125,17636.19921875,17716.099609375,362400
^NSEMDCP50,2026-07-02,17786.25,17847.849609375,17761.5,17806.0,307000
^NSEMDCP50,2026-07-03,17905.0,17905.0,17767.55078125,17783.25,406500
